Date,Store ID,Product ID,Product Name,Category,Region,Inventory Level,Units Sold,Units Ordered,Demand Forecast,Price,Discount,Weather Condition,Holiday/Promotion,Competitor Pricing,Seasonality
2023-01-01,S001,P0001,Arabica Coffee 500g,Groceries,North,373,141,150,135,33.5,0,Rainy,0,35.38,Winter
2023-01-02,S001,P0001,Arabica Coffee 500g,Groceries,North,586,147,195,140,33.5,0,Windy,0,35.76,Winter
2023-01-03,S001,P0001,Arabica Coffee 500g,Groceries,North,687,172,206,177,33.5,0,Rainy,0,36.16,Winter
2023-01-04,S001,P0001,Arabica Coffee 500g,Groceries,North,336,160,141,168,33.5,0,Sunny,0,31.48,Winter
2023-01-05,S001,P0001,Arabica Coffee 500g,Groceries,North,348,111,91,100,33.5,15,Sunny,0,34.21,Winter
2023-01-06,S001,P0001,Arabica Coffee 500g,Groceries,North,220,105,137,95,33.5,10,Sunny,0,35.52,Winter
2023-01-07,S001,P0001,Arabica Coffee 500g,Groceries,North,418,122,148,130,33.5,15,Cloudy,0,31.5,Winter
2023-01-08,S001,P0001,Arabica Coffee 500g,Groceries,North,381,138,172,141,33.5,0,Sunny,0,35.85,Winter
2023-01-09,S001,P0001,Arabica Coffee 500g,Groceries,North,537,161,147,153,33.5,0,Sunny,0,36.72,Winter
2023-01-10,S001,P0001,Arabica Coffee 500g,Groceries,North,255,156,182,141,33.5,5,Rainy,0,36.07,Winter
2023-01-11,S001,P0001,Arabica Coffee 500g,Groceries,North,313,162,138,151,33.5,10,Cloudy,0,33.22,Winter
2023-01-12,S001,P0001,Arabica Coffee 500g,Groceries,North,426,138,157,128,33.5,10,Windy,0,36.49,Winter
2023-01-13,S001,P0001,Arabica Coffee 500g,Groceries,North,347,118,143,121,33.5,0,Cloudy,0,31.14,Winter
2023-01-14,S001,P0001,Arabica Coffee 500g,Groceries,North,331,132,143,121,33.5,5,Windy,0,31.05,Winter
2023-01-15,S001,P0001,Arabica Coffee 500g,Groceries,North,334,148,156,151,33.5,0,Cloudy,0,32.91,Winter
2023-01-16,S001,P0001,Arabica Coffee 500g,Groceries,North,314,154,177,148,33.5,0,Rainy,0,30.39,Winter
2023-01-17,S001,P0001,Arabica Coffee 500g,Groceries,North,464,173,161,175,33.5,0,Cloudy,0,34.85,Winter
2023-01-18,S001,P0001,Arabica Coffee 500g,Groceries,North,454,145,143,153,33.5,5,Rainy,0,33.83,Winter
2023-01-19,S001,P0001,Arabica Coffee 500g,Groceries,North,432,141,143,141,33.5,0,Windy,0,36.09,Winter
2023-01-20,S001,P0001,Arabica Coffee 500g,Groceries,North,328,119,132,126,33.5,15,Rainy,0,32.26,Winter
2023-01-21,S001,P0001,Arabica Coffee 500g,Groceries,North,336,123,106,112,33.5,10,Windy,0,30.52,Winter
2023-01-22,S001,P0001,Arabica Coffee 500g,Groceries,North,322,138,124,132,33.5,0,Windy,0,35.13,Winter
2023-01-23,S001,P0001,Arabica Coffee 500g,Groceries,North,642,180,236,175,33.5,0,Rainy,0,34.18,Winter
2023-01-24,S001,P0001,Arabica Coffee 500g,Groceries,North,407,169,232,185,33.5,0,Sunny,0,35.32,Winter
2023-01-25,S001,P0001,Arabica Coffee 500g,Groceries,North,489,152,185,148,33.5,0,Windy,0,30.22,Winter
2023-01-26,S001,P0001,Arabica Coffee 500g,Groceries,North,368,131,117,122,33.5,0,Rainy,0,35.75,Winter
2023-01-27,S001,P0001,Arabica Coffee 500g,Groceries,North,361,125,162,137,33.5,20,Rainy,0,33.15,Winter
2023-01-28,S001,P0001,Arabica Coffee 500g,Groceries,North,219,129,161,127,33.5,0,Sunny,0,33.29,Winter
2023-01-29,S001,P0001,Arabica Coffee 500g,Groceries,North,294,151,202,137,33.5,0,Rainy,0,32.11,Winter
2023-01-30,S001,P0001,Arabica Coffee 500g,Groceries,North,510,172,188,157,33.5,0,Sunny,0,31.78,Winter
2023-01-31,S001,P0001,Arabica Coffee 500g,Groceries,North,612,198,235,204,33.5,10,Windy,0,30.54,Winter
2023-02-01,S001,P0001,Arabica Coffee 500g,Groceries,North,438,154,154,164,33.5,0,Windy,0,33.38,Winter
2023-02-02,S001,P0001,Arabica Coffee 500g,Groceries,North,475,131,144,141,33.5,10,Cloudy,0,35.85,Winter
2023-02-03,S001,P0001,Arabica Coffee 500g,Groceries,North,313,114,127,104,33.5,0,Rainy,0,32.82,Winter
2023-02-04,S001,P0001,Arabica Coffee 500g,Groceries,North,406,132,119,127,33.5,15,Cloudy,0,30.32,Winter
2023-02-05,S001,P0001,Arabica Coffee 500g,Groceries,North,416,159,156,162,33.5,15,Sunny,0,30.2,Winter
2023-02-06,S001,P0001,Arabica Coffee 500g,Groceries,North,544,167,197,183,33.5,0,Windy,0,33.35,Winter
2023-02-07,S001,P0001,Arabica Coffee 500g,Groceries,North,612,163,200,178,33.5,10,Rainy,0,35.39,Winter
2023-02-08,S001,P0001,Arabica Coffee 500g,Groceries,North,267,150,185,148,33.5,15,Rainy,0,34.53,Winter
2023-02-09,S001,P0001,Arabica Coffee 500g,Groceries,North,566,143,139,149,33.5,20,Rainy,0,35.17,Winter
2023-02-10,S001,P0001,Arabica Coffee 500g,Groceries,North,231,128,105,135,33.5,0,Windy,0,36.75,Winter
2023-02-11,S001,P0001,Arabica Coffee 500g,Groceries,North,520,132,138,139,33.5,0,Cloudy,0,30.72,Winter
2023-02-12,S001,P0001,Arabica Coffee 500g,Groceries,North,494,141,191,150,33.5,5,Sunny,0,32.65,Winter
2023-02-13,S001,P0001,Arabica Coffee 500g,Groceries,North,304,172,207,179,33.5,0,Sunny,0,35.33,Winter
2023-02-14,S001,P0001,Arabica Coffee 500g,Groceries,North,589,176,225,160,33.5,15,Windy,0,34.32,Winter
2023-02-15,S001,P0001,Arabica Coffee 500g,Groceries,North,244,162,179,167,33.5,15,Sunny,0,30.35,Winter
2023-02-16,S001,P0001,Arabica Coffee 500g,Groceries,North,542,145,174,137,33.5,0,Cloudy,0,32.48,Winter
2023-02-17,S001,P0001,Arabica Coffee 500g,Groceries,North,278,124,143,121,33.5,15,Windy,0,31.99,Winter
2023-02-18,S001,P0001,Arabica Coffee 500g,Groceries,North,263,134,114,129,33.5,15,Cloudy,0,35.56,Winter
2023-02-19,S001,P0001,Arabica Coffee 500g,Groceries,North,333,149,155,138,33.5,20,Rainy,0,34.0,Winter
2023-02-20,S001,P0001,Arabica Coffee 500g,Groceries,North,562,173,200,169,33.5,20,Cloudy,0,33.48,Winter
2023-02-21,S001,P0001,Arabica Coffee 500g,Groceries,North,439,182,152,171,33.5,0,Windy,0,30.27,Winter
2023-02-22,S001,P0001,Arabica Coffee 500g,Groceries,North,444,144,144,141,33.5,0,Windy,0,35.19,Winter
2023-02-23,S001,P0001,Arabica Coffee 500g,Groceries,North,296,134,179,126,33.5,5,Windy,0,32.33,Winter
2023-02-24,S001,P0001,Arabica Coffee 500g,Groceries,North,333,118,146,120,33.5,15,Rainy,0,32.16,Winter
2023-02-25,S001,P0001,Arabica Coffee 500g,Groceries,North,281,122,108,131,33.5,0,Rainy,0,32.05,Winter
2023-02-26,S001,P0001,Arabica Coffee 500g,Groceries,North,508,146,185,144,33.5,5,Windy,0,36.81,Winter
2023-02-27,S001,P0001,Arabica Coffee 500g,Groceries,North,661,187,250,197,33.5,5,Cloudy,0,31.39,Winter
2023-02-28,S001,P0001,Arabica Coffee 500g,Groceries,North,287,164,195,178,33.5,5,Windy,0,33.05,Winter
2023-03-01,S001,P0001,Arabica Coffee 500g,Groceries,North,666,171,147,155,33.5,0,Rainy,0,31.8,Spring
2023-03-02,S001,P0001,Arabica Coffee 500g,Groceries,North,319,121,134,116,33.5,0,Sunny,0,30.9,Spring
2023-03-03,S001,P0001,Arabica Coffee 500g,Groceries,North,196,119,145,112,33.5,0,Sunny,0,32.17,Spring
2023-03-04,S001,P0001,Arabica Coffee 500g,Groceries,North,327,129,103,118,33.5,0,Cloudy,0,30.16,Spring
2023-03-05,S001,P0001,Arabica Coffee 500g,Groceries,North,419,154,153,151,33.5,5,Windy,0,35.38,Spring
2023-03-06,S001,P0001,Arabica Coffee 500g,Groceries,North,380,177,175,167,33.5,10,Windy,0,34.73,Spring
2023-03-07,S001,P0001,Arabica Coffee 500g,Groceries,North,425,183,248,166,33.5,0,Cloudy,0,33.24,Spring
2023-03-08,S001,P0001,Arabica Coffee 500g,Groceries,North,290,155,128,143,33.5,10,Sunny,0,30.21,Spring
2023-03-09,S001,P0001,Arabica Coffee 500g,Groceries,North,208,132,114,135,33.5,0,Windy,0,31.77,Spring
2023-03-10,S001,P0001,Arabica Coffee 500g,Groceries,North,383,129,168,116,33.5,5,Cloudy,0,34.3,Spring
2023-03-11,S001,P0001,Arabica Coffee 500g,Groceries,North,429,125,164,118,33.5,0,Windy,0,36.31,Spring
2023-03-12,S001,P0001,Arabica Coffee 500g,Groceries,North,403,134,186,130,33.5,0,Rainy,0,32.28,Spring
2023-03-13,S001,P0001,Arabica Coffee 500g,Groceries,North,462,154,143,151,33.5,10,Windy,0,32.28,Spring
2023-03-14,S001,P0001,Arabica Coffee 500g,Groceries,North,255,162,163,146,33.5,0,Rainy,0,35.01,Spring
2023-03-15,S001,P0001,Arabica Coffee 500g,Groceries,North,548,164,162,176,33.5,10,Sunny,0,34.13,Spring
2023-03-16,S001,P0001,Arabica Coffee 500g,Groceries,North,254,137,166,128,33.5,0,Windy,0,36.79,Spring
2023-03-17,S001,P0001,Arabica Coffee 500g,Groceries,North,195,127,177,129,33.5,0,Rainy,0,31.0,Spring
2023-03-18,S001,P0001,Arabica Coffee 500g,Groceries,North,451,122,136,124,33.5,15,Sunny,0,30.49,Spring
2023-03-19,S001,P0001,Arabica Coffee 500g,Groceries,North,331,148,177,157,33.5,5,Cloudy,0,30.27,Spring
2023-03-20,S001,P0001,Arabica Coffee 500g,Groceries,North,361,174,230,165,33.5,5,Rainy,0,33.86,Spring
2023-03-21,S001,P0001,Arabica Coffee 500g,Groceries,North,536,168,207,170,33.5,0,Rainy,0,35.23,Spring
2023-03-22,S001,P0001,Arabica Coffee 500g,Groceries,North,412,162,179,146,33.5,20,Sunny,0,33.64,Spring
2023-03-23,S001,P0001,Arabica Coffee 500g,Groceries,North,222,128,170,125,33.5,0,Windy,0,34.72,Spring
2023-03-24,S001,P0001,Arabica Coffee 500g,Groceries,North,456,117,106,109,33.5,0,Windy,0,36.26,Spring
2023-03-25,S001,P0001,Arabica Coffee 500g,Groceries,North,323,121,150,130,33.5,0,Windy,0,32.69,Spring
2023-03-26,S001,P0001,Arabica Coffee 500g,Groceries,North,442,132,163,139,33.5,5,Windy,0,30.85,Spring
2023-03-27,S001,P0001,Arabica Coffee 500g,Groceries,North,622,170,217,156,33.5,15,Rainy,0,31.52,Spring
2023-03-28,S001,P0001,Arabica Coffee 500g,Groceries,North,255,164,227,159,33.5,10,Windy,0,36.1,Spring
2023-03-29,S001,P0001,Arabica Coffee 500g,Groceries,North,356,155,180,157,33.5,0,Rainy,0,32.89,Spring
2023-03-30,S001,P0001,Arabica Coffee 500g,Groceries,North,525,137,148,128,33.5,5,Cloudy,0,32.79,Spring
2023-03-31,S001,P0001,Arabica Coffee 500g,Groceries,North,232,122,147,118,33.5,0,Cloudy,0,36.55,Spring
2023-04-01,S001,P0001,Arabica Coffee 500g,Groceries,North,225,129,161,138,33.5,0,Cloudy,0,31.5,Spring
2023-04-02,S001,P0001,Arabica Coffee 500g,Groceries,North,398,142,153,135,33.5,0,Cloudy,0,30.45,Spring
2023-04-03,S001,P0001,Arabica Coffee 500g,Groceries,North,615,158,188,157,33.5,0,Windy,0,31.84,Spring
2023-04-04,S001,P0001,Arabica Coffee 500g,Groceries,North,566,166,220,179,33.5,0,Sunny,0,36.75,Spring
2023-04-05,S001,P0001,Arabica Coffee 500g,Groceries,North,524,135,113,125,33.5,20,Windy,0,33.85,Spring
2023-04-06,S001,P0001,Arabica Coffee 500g,Groceries,North,422,117,136,117,33.5,0,Cloudy,0,31.26,Spring
2023-04-07,S001,P0001,Arabica Coffee 500g,Groceries,North,201,106,138,107,33.5,0,Rainy,0,32.13,Spring
2023-04-08,S001,P0001,Arabica Coffee 500g,Groceries,North,283,113,141,119,33.5,0,Rainy,0,31.54,Spring
2023-04-09,S001,P0001,Arabica Coffee 500g,Groceries,North,261,145,193,133,33.5,15,Cloudy,0,35.82,Spring
2023-04-10,S001,P0001,Arabica Coffee 500g,Groceries,North,380,150,160,142,33.5,0,Cloudy,0,34.91,Spring
2023-04-11,S001,P0001,Arabica Coffee 500g,Groceries,North,589,160,160,160,33.5,15,Rainy,0,31.79,Spring
2023-04-12,S001,P0001,Arabica Coffee 500g,Groceries,North,631,164,218,173,33.5,0,Sunny,0,33.62,Spring
2023-04-13,S001,P0001,Arabica Coffee 500g,Groceries,North,353,125,140,123,33.5,0,Cloudy,0,30.99,Spring
2023-04-14,S001,P0001,Arabica Coffee 500g,Groceries,North,324,120,164,111,33.5,20,Sunny,0,33.86,Spring
2023-04-15,S001,P0001,Arabica Coffee 500g,Groceries,North,236,111,90,102,33.5,0,Sunny,0,32.3,Spring
2023-04-16,S001,P0001,Arabica Coffee 500g,Groceries,North,362,136,141,136,33.5,5,Windy,0,31.4,Spring
2023-04-17,S001,P0001,Arabica Coffee 500g,Groceries,North,521,147,183,146,33.5,20,Windy,0,36.32,Spring
2023-04-18,S001,P0001,Arabica Coffee 500g,Groceries,North,256,158,158,167,33.5,0,Sunny,0,34.32,Spring
2023-04-19,S001,P0001,Arabica Coffee 500g,Groceries,North,547,157,145,170,33.5,10,Rainy,0,34.43,Spring
2023-04-20,S001,P0001,Arabica Coffee 500g,Groceries,North,442,111,107,101,33.5,0,Cloudy,0,33.22,Spring
2023-04-21,S001,P0001,Arabica Coffee 500g,Groceries,North,218,116,136,113,33.5,0,Sunny,0,32.29,Spring
2023-04-22,S001,P0001,Arabica Coffee 500g,Groceries,North,315,119,142,121,33.5,10,Windy,0,33.32,Spring
2023-04-23,S001,P0001,Arabica Coffee 500g,Groceries,North,306,130,117,134,33.5,20,Windy,0,30.42,Spring
2023-04-24,S001,P0001,Arabica Coffee 500g,Groceries,North,518,139,173,152,33.5,0,Windy,0,33.71,Spring
2023-04-25,S001,P0001,Arabica Coffee 500g,Groceries,North,358,159,217,154,33.5,5,Rainy,0,32.85,Spring
2023-04-26,S001,P0001,Arabica Coffee 500g,Groceries,North,461,140,154,151,33.5,5,Rainy,0,32.96,Spring
2023-04-27,S001,P0001,Arabica Coffee 500g,Groceries,North,296,126,131,124,33.5,5,Cloudy,0,30.76,Spring
2023-04-28,S001,P0001,Arabica Coffee 500g,Groceries,North,345,110,131,99,33.5,5,Sunny,0,32.34,Spring
2023-04-29,S001,P0001,Arabica Coffee 500g,Groceries,North,437,127,167,120,33.5,0,Windy,0,31.02,Spring
2023-04-30,S001,P0001,Arabica Coffee 500g,Groceries,North,241,131,127,135,33.5,0,Rainy,0,36.25,Spring
2023-05-01,S001,P0001,Arabica Coffee 500g,Groceries,North,399,140,170,152,33.5,0,Rainy,0,31.86,Spring
2023-05-02,S001,P0001,Arabica Coffee 500g,Groceries,North,361,157,217,153,33.5,5,Rainy,0,34.74,Spring
2023-05-03,S001,P0001,Arabica Coffee 500g,Groceries,North,360,144,190,147,33.5,0,Cloudy,0,36.42,Spring
2023-05-04,S001,P0001,Arabica Coffee 500g,Groceries,North,304,132,148,131,33.5,15,Cloudy,0,34.39,Spring
2023-05-05,S001,P0001,Arabica Coffee 500g,Groceries,North,240,114,153,123,33.5,0,Cloudy,0,36.7,Spring
2023-05-06,S001,P0001,Arabica Coffee 500g,Groceries,North,392,115,144,114,33.5,10,Windy,0,33.21,Spring
2023-05-07,S001,P0001,Arabica Coffee 500g,Groceries,North,445,143,139,136,33.5,0,Cloudy,0,32.9,Spring
2023-05-08,S001,P0001,Arabica Coffee 500g,Groceries,North,477,135,177,126,33.5,0,Rainy,0,30.2,Spring
2023-05-09,S001,P0001,Arabica Coffee 500g,Groceries,North,506,145,189,134,33.5,0,Rainy,0,30.93,Spring
2023-05-10,S001,P0001,Arabica Coffee 500g,Groceries,North,519,130,119,121,33.5,0,Windy,0,32.98,Spring
2023-05-11,S001,P0001,Arabica Coffee 500g,Groceries,North,440,115,159,105,33.5,5,Windy,0,35.45,Spring
2023-05-12,S001,P0001,Arabica Coffee 500g,Groceries,North,352,95,113,87,33.5,0,Sunny,0,35.73,Spring
2023-05-13,S001,P0001,Arabica Coffee 500g,Groceries,North,291,114,128,114,33.5,0,Cloudy,0,34.52,Spring
2023-05-14,S001,P0001,Arabica Coffee 500g,Groceries,North,499,125,138,114,33.5,20,Rainy,0,35.03,Spring
2023-05-15,S001,P0001,Arabica Coffee 500g,Groceries,North,296,129,138,127,33.5,20,Sunny,0,34.65,Spring
2023-05-16,S001,P0001,Arabica Coffee 500g,Groceries,North,478,138,179,146,33.5,0,Sunny,0,32.94,Spring
2023-05-17,S001,P0001,Arabica Coffee 500g,Groceries,North,465,138,176,137,33.5,0,Sunny,0,31.11,Spring
2023-05-18,S001,P0001,Arabica Coffee 500g,Groceries,North,212,122,108,122,33.5,15,Windy,0,30.6,Spring
2023-05-19,S001,P0001,Arabica Coffee 500g,Groceries,North,175,117,124,123,33.5,0,Sunny,0,34.52,Spring
2023-05-20,S001,P0001,Arabica Coffee 500g,Groceries,North,247,129,114,138,33.5,10,Sunny,0,35.66,Spring
2023-05-21,S001,P0001,Arabica Coffee 500g,Groceries,North,450,127,108,124,33.5,5,Rainy,0,31.87,Spring
2023-05-22,S001,P0001,Arabica Coffee 500g,Groceries,North,361,131,163,130,33.5,10,Rainy,0,32.61,Spring
2023-05-23,S001,P0001,Arabica Coffee 500g,Groceries,North,248,123,153,113,33.5,0,Windy,0,31.33,Spring
2023-05-24,S001,P0001,Arabica Coffee 500g,Groceries,North,480,135,140,148,33.5,0,Sunny,0,31.07,Spring
2023-05-25,S001,P0001,Arabica Coffee 500g,Groceries,North,277,106,109,113,33.5,5,Windy,0,36.0,Spring
2023-05-26,S001,P0001,Arabica Coffee 500g,Groceries,North,199,97,115,92,33.5,0,Windy,0,35.07,Spring
2023-05-27,S001,P0001,Arabica Coffee 500g,Groceries,North,287,100,129,104,33.5,5,Cloudy,0,30.48,Spring
2023-05-28,S001,P0001,Arabica Coffee 500g,Groceries,North,325,120,114,118,33.5,5,Sunny,0,35.23,Spring
2023-05-29,S001,P0001,Arabica Coffee 500g,Groceries,North,429,148,152,141,33.5,10,Sunny,0,32.26,Spring
2023-05-30,S001,P0001,Arabica Coffee 500g,Groceries,North,456,143,120,128,33.5,5,Rainy,0,31.57,Spring
2023-05-31,S001,P0001,Arabica Coffee 500g,Groceries,North,395,127,114,136,33.5,15,Sunny,0,33.34,Spring
2023-06-01,S001,P0001,Arabica Coffee 500g,Groceries,North,168,102,94,103,33.5,15,Cloudy,0,31.46,Summer
2023-06-02,S001,P0001,Arabica Coffee 500g,Groceries,North,175,86,73,80,33.5,5,Sunny,0,31.33,Summer
2023-06-03,S001,P0001,Arabica Coffee 500g,Groceries,North,357,98,97,95,33.5,0,Cloudy,0,30.52,Summer
2023-06-04,S001,P0001,Arabica Coffee 500g,Groceries,North,252,117,136,110,33.5,0,Windy,0,36.38,Summer
2023-06-05,S001,P0001,Arabica Coffee 500g,Groceries,North,265,150,130,153,33.5,0,Windy,0,30.97,Summer
2023-06-06,S001,P0001,Arabica Coffee 500g,Groceries,North,470,139,179,139,33.5,15,Sunny,0,30.45,Summer
2023-06-07,S001,P0001,Arabica Coffee 500g,Groceries,North,309,134,183,136,33.5,0,Windy,0,35.55,Summer
2023-06-08,S001,P0001,Arabica Coffee 500g,Groceries,North,406,103,113,102,33.5,0,Cloudy,0,32.7,Summer
2023-06-09,S001,P0001,Arabica Coffee 500g,Groceries,North,257,87,76,83,33.5,0,Windy,0,31.44,Summer
2023-06-10,S001,P0001,Arabica Coffee 500g,Groceries,North,337,92,106,89,33.5,0,Rainy,0,33.04,Summer
2023-06-11,S001,P0001,Arabica Coffee 500g,Groceries,North,416,109,148,106,33.5,5,Cloudy,0,32.36,Summer
2023-06-12,S001,P0001,Arabica Coffee 500g,Groceries,North,437,150,161,154,33.5,0,Cloudy,0,32.3,Summer
2023-06-13,S001,P0001,Arabica Coffee 500g,Groceries,North,308,126,107,117,33.5,0,Rainy,0,34.99,Summer
2023-06-14,S001,P0001,Arabica Coffee 500g,Groceries,North,264,130,147,136,33.5,0,Rainy,0,35.69,Summer
2023-06-15,S001,P0001,Arabica Coffee 500g,Groceries,North,293,98,117,89,33.5,15,Cloudy,0,36.48,Summer
2023-06-16,S001,P0001,Arabica Coffee 500g,Groceries,North,377,99,113,89,33.5,0,Rainy,0,34.71,Summer
2023-06-17,S001,P0001,Arabica Coffee 500g,Groceries,North,155,99,123,105,33.5,5,Sunny,0,33.48,Summer
2023-06-18,S001,P0001,Arabica Coffee 500g,Groceries,North,168,111,141,107,33.5,0,Windy,0,32.65,Summer
2023-06-19,S001,P0001,Arabica Coffee 500g,Groceries,North,276,127,113,133,33.5,5,Windy,0,33.48,Summer
2023-06-20,S001,P0001,Arabica Coffee 500g,Groceries,North,489,125,172,133,33.5,5,Windy,0,34.13,Summer
2023-06-21,S001,P0001,Arabica Coffee 500g,Groceries,North,299,123,105,130,33.5,15,Sunny,0,33.38,Summer
2023-06-22,S001,P0001,Arabica Coffee 500g,Groceries,North,391,99,115,97,33.5,5,Windy,0,32.95,Summer
2023-06-23,S001,P0001,Arabica Coffee 500g,Groceries,North,289,83,108,79,33.5,0,Cloudy,0,32.19,Summer
2023-06-24,S001,P0001,Arabica Coffee 500g,Groceries,North,134,86,95,85,33.5,15,Cloudy,0,31.24,Summer
2023-06-25,S001,P0001,Arabica Coffee 500g,Groceries,North,271,111,130,100,33.5,5,Rainy,0,33.24,Summer
2023-06-26,S001,P0001,Arabica Coffee 500g,Groceries,North,280,138,121,129,33.5,5,Cloudy,0,30.8,Summer
2023-06-27,S001,P0001,Arabica Coffee 500g,Groceries,North,324,129,165,141,33.5,15,Cloudy,0,30.69,Summer
2023-06-28,S001,P0001,Arabica Coffee 500g,Groceries,North,426,116,136,114,33.5,5,Sunny,0,30.39,Summer
2023-06-29,S001,P0001,Arabica Coffee 500g,Groceries,North,406,102,140,92,33.5,5,Cloudy,0,34.88,Summer
2023-06-30,S001,P0001,Arabica Coffee 500g,Groceries,North,364,97,80,105,33.5,0,Windy,0,30.94,Summer
2023-07-01,S001,P0001,Arabica Coffee 500g,Groceries,North,337,94,83,94,33.5,0,Windy,0,36.29,Summer
2023-07-02,S001,P0001,Arabica Coffee 500g,Groceries,North,259,104,110,94,33.5,5,Sunny,0,32.23,Summer
2023-07-03,S001,P0001,Arabica Coffee 500g,Groceries,North,290,131,180,120,33.5,0,Windy,0,35.96,Summer
2023-07-04,S001,P0001,Arabica Coffee 500g,Groceries,North,461,129,178,137,33.5,10,Cloudy,0,31.0,Summer
2023-07-05,S001,P0001,Arabica Coffee 500g,Groceries,North,363,127,143,137,33.5,10,Windy,0,36.66,Summer
2023-07-06,S001,P0001,Arabica Coffee 500g,Groceries,North,268,99,106,96,33.5,10,Cloudy,0,32.77,Summer
2023-07-07,S001,P0001,Arabica Coffee 500g,Groceries,North,135,80,101,79,33.5,0,Cloudy,0,36.39,Summer
2023-07-08,S001,P0001,Arabica Coffee 500g,Groceries,North,130,82,73,77,33.5,5,Cloudy,0,31.62,Summer
2023-07-09,S001,P0001,Arabica Coffee 500g,Groceries,North,449,117,162,110,33.5,5,Windy,0,30.48,Summer
2023-07-10,S001,P0001,Arabica Coffee 500g,Groceries,North,222,134,122,135,33.5,0,Cloudy,0,33.75,Summer
2023-07-11,S001,P0001,Arabica Coffee 500g,Groceries,North,242,121,154,123,33.5,5,Windy,0,35.94,Summer
2023-07-12,S001,P0001,Arabica Coffee 500g,Groceries,North,260,110,93,103,33.5,15,Cloudy,0,36.49,Summer
2023-07-13,S001,P0001,Arabica Coffee 500g,Groceries,North,363,106,119,99,33.5,0,Cloudy,0,32.3,Summer
2023-07-14,S001,P0001,Arabica Coffee 500g,Groceries,North,251,79,83,74,33.5,5,Windy,0,31.28,Summer
2023-07-15,S001,P0001,Arabica Coffee 500g,Groceries,North,163,83,71,82,33.5,15,Rainy,0,33.63,Summer
2023-07-16,S001,P0001,Arabica Coffee 500g,Groceries,North,279,108,150,107,33.5,5,Rainy,0,32.98,Summer
2023-07-17,S001,P0001,Arabica Coffee 500g,Groceries,North,339,114,106,117,33.5,0,Cloudy,0,30.49,Summer
2023-07-18,S001,P0001,Arabica Coffee 500g,Groceries,North,323,121,161,120,33.5,20,Rainy,0,35.66,Summer
2023-07-19,S001,P0001,Arabica Coffee 500g,Groceries,North,379,110,116,113,33.5,5,Sunny,0,35.89,Summer
2023-07-20,S001,P0001,Arabica Coffee 500g,Groceries,North,229,97,116,100,33.5,5,Windy,0,32.64,Summer
2023-07-21,S001,P0001,Arabica Coffee 500g,Groceries,North,328,93,102,97,33.5,0,Windy,0,33.23,Summer
2023-07-22,S001,P0001,Arabica Coffee 500g,Groceries,North,295,88,77,82,33.5,0,Cloudy,0,35.16,Summer
2023-07-23,S001,P0001,Arabica Coffee 500g,Groceries,North,233,107,92,116,33.5,15,Rainy,0,31.18,Summer
2023-07-24,S001,P0001,Arabica Coffee 500g,Groceries,North,220,99,110,106,33.5,0,Rainy,0,34.89,Summer
2023-07-25,S001,P0001,Arabica Coffee 500g,Groceries,North,284,119,129,110,33.5,0,Windy,0,31.98,Summer
2023-07-26,S001,P0001,Arabica Coffee 500g,Groceries,North,187,103,116,107,33.5,0,Sunny,0,33.37,Summer
2023-07-27,S001,P0001,Arabica Coffee 500g,Groceries,North,286,85,109,84,33.5,10,Sunny,0,35.65,Summer
2023-07-28,S001,P0001,Arabica Coffee 500g,Groceries,North,187,78,70,77,33.5,0,Cloudy,0,31.76,Summer
2023-07-29,S001,P0001,Arabica Coffee 500g,Groceries,North,194,85,81,78,33.5,10,Cloudy,0,33.09,Summer
2023-07-30,S001,P0001,Arabica Coffee 500g,Groceries,North,259,107,100,112,33.5,0,Sunny,0,33.49,Summer
2023-07-31,S001,P0001,Arabica Coffee 500g,Groceries,North,381,104,145,106,33.5,5,Windy,0,36.11,Summer
2023-08-01,S001,P0001,Arabica Coffee 500g,Groceries,North,413,119,128,109,33.5,15,Rainy,0,33.35,Summer
2023-08-02,S001,P0001,Arabica Coffee 500g,Groceries,North,264,105,119,106,33.5,0,Sunny,0,35.76,Summer
2023-08-03,S001,P0001,Arabica Coffee 500g,Groceries,North,187,91,116,97,33.5,0,Windy,0,36.0,Summer
2023-08-04,S001,P0001,Arabica Coffee 500g,Groceries,North,203,89,92,84,33.5,15,Windy,0,34.21,Summer
2023-08-05,S001,P0001,Arabica Coffee 500g,Groceries,North,210,89,100,85,33.5,15,Sunny,0,31.46,Summer
2023-08-06,S001,P0001,Arabica Coffee 500g,Groceries,North,426,110,114,117,33.5,0,Sunny,0,34.71,Summer
2023-08-07,S001,P0001,Arabica Coffee 500g,Groceries,North,219,113,145,107,33.5,0,Windy,0,31.09,Summer
2023-08-08,S001,P0001,Arabica Coffee 500g,Groceries,North,396,112,105,106,33.5,5,Windy,0,36.61,Summer
2023-08-09,S001,P0001,Arabica Coffee 500g,Groceries,North,272,106,112,100,33.5,0,Windy,0,35.32,Summer
2023-08-10,S001,P0001,Arabica Coffee 500g,Groceries,North,337,94,87,84,33.5,0,Windy,0,33.98,Summer
2023-08-11,S001,P0001,Arabica Coffee 500g,Groceries,North,132,83,76,83,33.5,20,Rainy,0,30.75,Summer
2023-08-12,S001,P0001,Arabica Coffee 500g,Groceries,North,266,79,80,74,33.5,0,Windy,0,31.46,Summer
2023-08-13,S001,P0001,Arabica Coffee 500g,Groceries,North,272,101,133,103,33.5,0,Rainy,0,36.74,Summer
2023-08-14,S001,P0001,Arabica Coffee 500g,Groceries,North,290,116,157,110,33.5,0,Rainy,0,35.04,Summer
2023-08-15,S001,P0001,Arabica Coffee 500g,Groceries,North,240,138,149,129,33.5,10,Sunny,0,33.26,Summer
2023-08-16,S001,P0001,Arabica Coffee 500g,Groceries,North,425,122,164,129,33.5,0,Sunny,0,31.93,Summer
2023-08-17,S001,P0001,Arabica Coffee 500g,Groceries,North,185,87,76,94,33.5,0,Rainy,0,31.66,Summer
2023-08-18,S001,P0001,Arabica Coffee 500g,Groceries,North,202,81,66,75,33.5,10,Cloudy,0,34.43,Summer
2023-08-19,S001,P0001,Arabica Coffee 500g,Groceries,North,156,77,103,82,33.5,10,Sunny,0,31.68,Summer
2023-08-20,S001,P0001,Arabica Coffee 500g,Groceries,North,352,96,94,98,33.5,0,Windy,0,35.24,Summer
2023-08-21,S001,P0001,Arabica Coffee 500g,Groceries,North,403,117,159,122,33.5,0,Windy,0,36.02,Summer
2023-08-22,S001,P0001,Arabica Coffee 500g,Groceries,North,430,128,165,134,33.5,5,Cloudy,0,32.08,Summer
2023-08-23,S001,P0001,Arabica Coffee 500g,Groceries,North,215,103,113,103,33.5,0,Rainy,0,32.8,Summer
2023-08-24,S001,P0001,Arabica Coffee 500g,Groceries,North,332,88,83,92,33.5,10,Rainy,0,34.69,Summer
2023-08-25,S001,P0001,Arabica Coffee 500g,Groceries,North,137,70,89,76,33.5,5,Sunny,0,36.3,Summer
2023-08-26,S001,P0001,Arabica Coffee 500g,Groceries,North,202,85,100,84,33.5,20,Rainy,0,36.76,Summer
2023-08-27,S001,P0001,Arabica Coffee 500g,Groceries,North,235,93,123,88,33.5,0,Rainy,0,32.71,Summer
2023-08-28,S001,P0001,Arabica Coffee 500g,Groceries,North,411,111,108,116,33.5,20,Windy,0,32.41,Summer
2023-08-29,S001,P0001,Arabica Coffee 500g,Groceries,North,349,111,144,100,33.5,5,Cloudy,0,34.92,Summer
2023-08-30,S001,P0001,Arabica Coffee 500g,Groceries,North,295,108,89,104,33.5,5,Sunny,0,35.95,Summer
2023-08-31,S001,P0001,Arabica Coffee 500g,Groceries,North,204,82,112,74,33.5,0,Cloudy,0,31.88,Summer
2023-09-01,S001,P0001,Arabica Coffee 500g,Groceries,North,252,75,99,70,33.5,15,Rainy,0,33.71,Autumn
2023-09-02,S001,P0001,Arabica Coffee 500g,Groceries,North,211,100,93,90,33.5,10,Cloudy,0,34.91,Autumn
2023-09-03,S001,P0001,Arabica Coffee 500g,Groceries,North,309,92,102,91,33.5,5,Windy,0,33.16,Autumn
2023-09-04,S001,P0001,Arabica Coffee 500g,Groceries,North,214,107,142,113,33.5,5,Sunny,0,34.03,Autumn
2023-09-05,S001,P0001,Arabica Coffee 500g,Groceries,North,530,135,181,146,33.5,0,Cloudy,0,32.38,Autumn
2023-09-06,S001,P0001,Arabica Coffee 500g,Groceries,North,267,132,112,121,33.5,0,Cloudy,0,36.78,Autumn
2023-09-07,S001,P0001,Arabica Coffee 500g,Groceries,North,159,87,112,88,33.5,0,Sunny,0,35.34,Autumn
2023-09-08,S001,P0001,Arabica Coffee 500g,Groceries,North,303,82,97,82,33.5,5,Windy,0,33.15,Autumn
2023-09-09,S001,P0001,Arabica Coffee 500g,Groceries,North,240,90,81,95,33.5,0,Rainy,0,31.9,Autumn
2023-09-10,S001,P0001,Arabica Coffee 500g,Groceries,North,243,115,150,111,33.5,0,Windy,0,35.89,Autumn
2023-09-11,S001,P0001,Arabica Coffee 500g,Groceries,North,375,110,108,103,33.5,0,Rainy,0,34.77,Autumn
2023-09-12,S001,P0001,Arabica Coffee 500g,Groceries,North,266,119,135,113,33.5,15,Cloudy,0,34.32,Autumn
2023-09-13,S001,P0001,Arabica Coffee 500g,Groceries,North,360,118,103,122,33.5,5,Rainy,0,34.67,Autumn
2023-09-14,S001,P0001,Arabica Coffee 500g,Groceries,North,166,99,105,97,33.5,5,Cloudy,0,31.64,Autumn
2023-09-15,S001,P0001,Arabica Coffee 500g,Groceries,North,282,84,79,89,33.5,0,Sunny,0,33.81,Autumn
2023-09-16,S001,P0001,Arabica Coffee 500g,Groceries,North,238,89,97,91,33.5,10,Rainy,0,33.45,Autumn
2023-09-17,S001,P0001,Arabica Coffee 500g,Groceries,North,285,95,118,86,33.5,5,Windy,0,33.61,Autumn
2023-09-18,S001,P0001,Arabica Coffee 500g,Groceries,North,448,118,129,117,33.5,0,Windy,0,33.17,Autumn
2023-09-19,S001,P0001,Arabica Coffee 500g,Groceries,North,247,121,103,108,33.5,0,Windy,0,33.04,Autumn
2023-09-20,S001,P0001,Arabica Coffee 500g,Groceries,North,386,116,95,117,33.5,10,Windy,0,36.46,Autumn
2023-09-21,S001,P0001,Arabica Coffee 500g,Groceries,North,288,94,93,96,33.5,0,Sunny,0,32.91,Autumn
2023-09-22,S001,P0001,Arabica Coffee 500g,Groceries,North,186,90,120,90,33.5,10,Sunny,0,35.84,Autumn
2023-09-23,S001,P0001,Arabica Coffee 500g,Groceries,North,201,98,95,93,33.5,20,Windy,0,31.91,Autumn
2023-09-24,S001,P0001,Arabica Coffee 500g,Groceries,North,430,108,150,108,33.5,5,Cloudy,0,35.91,Autumn
2023-09-25,S001,P0001,Arabica Coffee 500g,Groceries,North,251,125,139,133,33.5,15,Rainy,0,32.18,Autumn
2023-09-26,S001,P0001,Arabica Coffee 500g,Groceries,North,503,127,176,137,33.5,0,Rainy,0,31.95,Autumn
2023-09-27,S001,P0001,Arabica Coffee 500g,Groceries,North,332,116,131,116,33.5,0,Windy,0,34.42,Autumn
2023-09-28,S001,P0001,Arabica Coffee 500g,Groceries,North,320,95,95,91,33.5,0,Rainy,0,31.41,Autumn
2023-09-29,S001,P0001,Arabica Coffee 500g,Groceries,North,238,91,85,95,33.5,15,Sunny,0,33.86,Autumn
2023-09-30,S001,P0001,Arabica Coffee 500g,Groceries,North,213,93,84,95,33.5,0,Windy,0,30.59,Autumn
2023-10-01,S001,P0001,Arabica Coffee 500g,Groceries,North,369,125,101,133,33.5,0,Cloudy,0,31.19,Autumn
2023-10-02,S001,P0001,Arabica Coffee 500g,Groceries,North,363,139,148,127,33.5,5,Cloudy,0,36.13,Autumn
2023-10-03,S001,P0001,Arabica Coffee 500g,Groceries,North,258,133,178,134,33.5,0,Windy,0,31.16,Autumn
2023-10-04,S001,P0001,Arabica Coffee 500g,Groceries,North,355,113,139,115,33.5,0,Windy,0,33.46,Autumn
2023-10-05,S001,P0001,Arabica Coffee 500g,Groceries,North,253,94,95,88,33.5,0,Windy,0,30.46,Autumn
2023-10-06,S001,P0001,Arabica Coffee 500g,Groceries,North,324,99,80,97,33.5,0,Rainy,0,34.24,Autumn
2023-10-07,S001,P0001,Arabica Coffee 500g,Groceries,North,345,98,120,90,33.5,10,Rainy,0,33.33,Autumn
2023-10-08,S001,P0001,Arabica Coffee 500g,Groceries,North,245,116,95,109,33.5,5,Rainy,0,32.92,Autumn
2023-10-09,S001,P0001,Arabica Coffee 500g,Groceries,North,398,112,151,105,33.5,0,Cloudy,0,36.38,Autumn
2023-10-10,S001,P0001,Arabica Coffee 500g,Groceries,North,537,141,193,127,33.5,0,Windy,0,36.65,Autumn
2023-10-11,S001,P0001,Arabica Coffee 500g,Groceries,North,494,126,142,115,33.5,15,Windy,0,35.84,Autumn
2023-10-12,S001,P0001,Arabica Coffee 500g,Groceries,North,294,97,101,98,33.5,5,Rainy,0,35.11,Autumn
2023-10-13,S001,P0001,Arabica Coffee 500g,Groceries,North,302,91,119,90,33.5,0,Sunny,0,33.57,Autumn
2023-10-14,S001,P0001,Arabica Coffee 500g,Groceries,North,392,100,123,97,33.5,0,Windy,0,31.62,Autumn
2023-10-15,S001,P0001,Arabica Coffee 500g,Groceries,North,443,115,142,108,33.5,0,Sunny,0,35.91,Autumn
2023-10-16,S001,P0001,Arabica Coffee 500g,Groceries,North,468,129,121,132,33.5,0,Cloudy,0,31.88,Autumn
2023-10-17,S001,P0001,Arabica Coffee 500g,Groceries,North,535,135,120,123,33.5,5,Windy,0,34.67,Autumn
2023-10-18,S001,P0001,Arabica Coffee 500g,Groceries,North,206,123,133,129,33.5,0,Sunny,0,32.39,Autumn
2023-10-19,S001,P0001,Arabica Coffee 500g,Groceries,North,305,109,142,107,33.5,10,Cloudy,0,36.53,Autumn
2023-10-20,S001,P0001,Arabica Coffee 500g,Groceries,North,191,107,142,106,33.5,5,Cloudy,0,31.17,Autumn
2023-10-21,S001,P0001,Arabica Coffee 500g,Groceries,North,134,83,80,77,33.5,5,Sunny,0,33.11,Autumn
2023-10-22,S001,P0001,Arabica Coffee 500g,Groceries,North,325,116,112,105,33.5,0,Rainy,0,32.65,Autumn
2023-10-23,S001,P0001,Arabica Coffee 500g,Groceries,North,242,137,110,130,33.5,5,Rainy,0,33.21,Autumn
2023-10-24,S001,P0001,Arabica Coffee 500g,Groceries,North,504,143,146,143,33.5,0,Sunny,0,30.3,Autumn
2023-10-25,S001,P0001,Arabica Coffee 500g,Groceries,North,297,126,132,115,33.5,5,Rainy,0,35.39,Autumn
2023-10-26,S001,P0001,Arabica Coffee 500g,Groceries,North,150,97,112,102,33.5,15,Windy,0,35.43,Autumn
2023-10-27,S001,P0001,Arabica Coffee 500g,Groceries,North,389,102,141,92,33.5,5,Cloudy,0,33.13,Autumn
2023-10-28,S001,P0001,Arabica Coffee 500g,Groceries,North,218,117,117,128,33.5,5,Sunny,0,33.18,Autumn
2023-10-29,S001,P0001,Arabica Coffee 500g,Groceries,North,251,109,118,119,33.5,10,Sunny,0,33.33,Autumn
2023-10-30,S001,P0001,Arabica Coffee 500g,Groceries,North,241,148,202,141,33.5,0,Windy,0,30.76,Autumn
2023-10-31,S001,P0001,Arabica Coffee 500g,Groceries,North,539,141,155,154,33.5,0,Rainy,0,31.88,Autumn
2023-11-01,S001,P0001,Arabica Coffee 500g,Groceries,North,481,132,141,126,33.5,5,Cloudy,0,32.76,Autumn
2023-11-02,S001,P0001,Arabica Coffee 500g,Groceries,North,417,106,96,101,33.5,5,Windy,0,30.36,Autumn
2023-11-03,S001,P0001,Arabica Coffee 500g,Groceries,North,200,100,120,93,33.5,0,Rainy,0,31.92,Autumn
2023-11-04,S001,P0001,Arabica Coffee 500g,Groceries,North,277,117,143,116,33.5,0,Rainy,0,32.57,Autumn
2023-11-05,S001,P0001,Arabica Coffee 500g,Groceries,North,380,130,120,140,33.5,15,Cloudy,0,30.41,Autumn
2023-11-06,S001,P0001,Arabica Coffee 500g,Groceries,North,291,161,151,168,33.5,0,Cloudy,0,31.03,Autumn
2023-11-07,S001,P0001,Arabica Coffee 500g,Groceries,North,618,161,187,167,33.5,10,Cloudy,0,36.8,Autumn
2023-11-08,S001,P0001,Arabica Coffee 500g,Groceries,North,268,141,156,141,33.5,0,Rainy,0,31.34,Autumn
2023-11-09,S001,P0001,Arabica Coffee 500g,Groceries,North,202,132,179,125,33.5,5,Cloudy,0,30.88,Autumn
2023-11-10,S001,P0001,Arabica Coffee 500g,Groceries,North,238,109,89,104,33.5,0,Sunny,0,31.44,Autumn
2023-11-11,S001,P0001,Arabica Coffee 500g,Groceries,North,288,117,117,112,33.5,0,Cloudy,0,30.32,Autumn
2023-11-12,S001,P0001,Arabica Coffee 500g,Groceries,North,427,126,175,136,33.5,0,Sunny,0,33.53,Autumn
2023-11-13,S001,P0001,Arabica Coffee 500g,Groceries,North,338,148,187,155,33.5,5,Rainy,0,36.15,Autumn
2023-11-14,S001,P0001,Arabica Coffee 500g,Groceries,North,495,145,186,139,33.5,0,Windy,0,36.38,Autumn
2023-11-15,S001,P0001,Arabica Coffee 500g,Groceries,North,597,150,189,137,33.5,0,Cloudy,0,30.38,Autumn
2023-11-16,S001,P0001,Arabica Coffee 500g,Groceries,North,388,111,128,118,33.5,10,Rainy,0,30.81,Autumn
2023-11-17,S001,P0001,Arabica Coffee 500g,Groceries,North,289,114,94,112,33.5,0,Cloudy,0,32.78,Autumn
2023-11-18,S001,P0001,Arabica Coffee 500g,Groceries,North,414,112,107,120,33.5,0,Cloudy,0,33.0,Autumn
2023-11-19,S001,P0001,Arabica Coffee 500g,Groceries,North,394,143,150,136,33.5,0,Cloudy,0,31.17,Autumn
2023-11-20,S001,P0001,Arabica Coffee 500g,Groceries,North,466,160,167,170,33.5,0,Rainy,0,31.87,Autumn
2023-11-21,S001,P0001,Arabica Coffee 500g,Groceries,North,612,177,244,188,33.5,20,Sunny,0,33.68,Autumn
2023-11-22,S001,P0001,Arabica Coffee 500g,Groceries,North,538,152,174,144,33.5,0,Sunny,0,36.38,Autumn
2023-11-23,S001,P0001,Arabica Coffee 500g,Groceries,North,322,111,136,101,33.5,0,Cloudy,0,35.62,Autumn
2023-11-24,S001,P0001,Arabica Coffee 500g,Groceries,North,514,185,176,191,33.5,0,Rainy,1,30.95,Autumn
2023-11-25,S001,P0001,Arabica Coffee 500g,Groceries,North,631,169,154,163,33.5,15,Sunny,1,34.96,Autumn
2023-11-26,S001,P0001,Arabica Coffee 500g,Groceries,North,438,232,200,255,33.5,0,Rainy,1,33.2,Autumn
2023-11-27,S001,P0001,Arabica Coffee 500g,Groceries,North,790,292,395,267,33.5,15,Windy,1,36.38,Autumn
2023-11-28,S001,P0001,Arabica Coffee 500g,Groceries,North,594,260,263,257,33.5,15,Sunny,1,32.94,Autumn
2023-11-29,S001,P0001,Arabica Coffee 500g,Groceries,North,786,210,199,218,33.5,0,Rainy,1,30.41,Autumn
2023-11-30,S001,P0001,Arabica Coffee 500g,Groceries,North,279,119,141,109,33.5,5,Sunny,0,36.51,Autumn
2023-12-01,S001,P0001,Arabica Coffee 500g,Groceries,North,424,115,101,110,33.5,10,Windy,0,33.75,Winter
2023-12-02,S001,P0001,Arabica Coffee 500g,Groceries,North,181,110,112,104,33.5,0,Cloudy,0,32.74,Winter
2023-12-03,S001,P0001,Arabica Coffee 500g,Groceries,North,286,133,156,130,33.5,0,Sunny,0,33.73,Winter
2023-12-04,S001,P0001,Arabica Coffee 500g,Groceries,North,401,164,189,179,33.5,10,Cloudy,0,33.65,Winter
2023-12-05,S001,P0001,Arabica Coffee 500g,Groceries,North,623,179,149,176,33.5,15,Windy,0,36.76,Winter
2023-12-06,S001,P0001,Arabica Coffee 500g,Groceries,North,275,159,180,147,33.5,0,Rainy,0,35.19,Winter
2023-12-07,S001,P0001,Arabica Coffee 500g,Groceries,North,363,110,145,112,33.5,5,Windy,0,35.21,Winter
2023-12-08,S001,P0001,Arabica Coffee 500g,Groceries,North,440,120,98,121,33.5,10,Rainy,0,31.6,Winter
2023-12-09,S001,P0001,Arabica Coffee 500g,Groceries,North,387,124,130,116,33.5,15,Windy,0,34.87,Winter
2023-12-10,S001,P0001,Arabica Coffee 500g,Groceries,North,256,148,197,155,33.5,0,Cloudy,0,31.49,Winter
2023-12-11,S001,P0001,Arabica Coffee 500g,Groceries,North,719,183,224,187,33.5,0,Sunny,0,32.15,Winter
2023-12-12,S001,P0001,Arabica Coffee 500g,Groceries,North,481,145,119,130,33.5,0,Cloudy,0,35.04,Winter
2023-12-13,S001,P0001,Arabica Coffee 500g,Groceries,North,508,150,162,149,33.5,15,Windy,0,32.33,Winter
2023-12-14,S001,P0001,Arabica Coffee 500g,Groceries,North,360,140,162,151,33.5,5,Cloudy,0,36.82,Winter
2023-12-15,S001,P0001,Arabica Coffee 500g,Groceries,North,263,107,97,103,33.5,0,Sunny,0,31.32,Winter
2023-12-16,S001,P0001,Arabica Coffee 500g,Groceries,North,380,139,187,126,33.5,10,Cloudy,0,30.6,Winter
2023-12-17,S001,P0001,Arabica Coffee 500g,Groceries,North,256,151,144,165,33.5,0,Cloudy,0,31.48,Winter
2023-12-18,S001,P0001,Arabica Coffee 500g,Groceries,North,488,178,204,173,33.5,5,Sunny,0,35.69,Winter
2023-12-19,S001,P0001,Arabica Coffee 500g,Groceries,North,429,167,202,179,33.5,0,Windy,0,33.95,Winter
2023-12-20,S001,P0001,Arabica Coffee 500g,Groceries,North,712,370,311,386,33.5,0,Cloudy,1,32.08,Winter
2023-12-21,S001,P0001,Arabica Coffee 500g,Groceries,North,491,295,388,314,33.5,10,Sunny,1,30.31,Winter
2023-12-22,S001,P0001,Arabica Coffee 500g,Groceries,North,984,271,254,273,33.5,0,Sunny,1,33.01,Winter
2023-12-23,S001,P0001,Arabica Coffee 500g,Groceries,North,563,207,227,227,33.5,10,Cloudy,1,35.72,Winter
2023-12-24,S001,P0001,Arabica Coffee 500g,Groceries,North,864,321,427,331,33.5,0,Sunny,1,34.74,Winter
2023-12-25,S001,P0001,Arabica Coffee 500g,Groceries,North,799,314,320,315,33.5,0,Cloudy,1,32.34,Winter
2023-12-26,S001,P0001,Arabica Coffee 500g,Groceries,North,593,279,284,259,33.5,0,Cloudy,1,35.99,Winter
2023-12-27,S001,P0001,Arabica Coffee 500g,Groceries,North,566,309,375,330,33.5,5,Sunny,1,31.16,Winter
2023-12-28,S001,P0001,Arabica Coffee 500g,Groceries,North,461,285,358,312,33.5,0,Sunny,1,30.45,Winter
2023-12-29,S001,P0001,Arabica Coffee 500g,Groceries,North,340,203,234,213,33.5,10,Windy,1,30.22,Winter
2023-12-30,S001,P0001,Arabica Coffee 500g,Groceries,North,879,221,210,207,33.5,5,Cloudy,1,30.98,Winter
2023-12-31,S001,P0001,Arabica Coffee 500g,Groceries,North,945,316,403,331,33.5,5,Cloudy,1,35.55,Winter
2023-01-01,S001,P0002,LEGO City Set,Toys,South,161,59,49,60,63.0,20,Windy,0,58.2,Winter
2023-01-02,S001,P0002,LEGO City Set,Toys,South,185,80,99,74,63.0,0,Windy,0,57.27,Winter
2023-01-03,S001,P0002,LEGO City Set,Toys,South,271,84,69,76,63.0,15,Sunny,0,63.74,Winter
2023-01-04,S001,P0002,LEGO City Set,Toys,South,245,82,86,88,63.0,0,Windy,0,65.26,Winter
2023-01-05,S001,P0002,LEGO City Set,Toys,South,280,72,99,75,63.0,0,Cloudy,0,62.56,Winter
2023-01-06,S001,P0002,LEGO City Set,Toys,South,226,64,79,60,63.0,0,Windy,0,62.53,Winter
2023-01-07,S001,P0002,LEGO City Set,Toys,South,179,56,66,57,63.0,10,Cloudy,0,60.11,Winter
2023-01-08,S001,P0002,LEGO City Set,Toys,South,111,69,87,68,63.0,0,Rainy,0,59.79,Winter
2023-01-09,S001,P0002,LEGO City Set,Toys,South,246,83,77,75,63.0,0,Cloudy,0,66.37,Winter
2023-01-10,S001,P0002,LEGO City Set,Toys,South,240,98,103,104,63.0,0,Cloudy,0,66.25,Winter
2023-01-11,S001,P0002,LEGO City Set,Toys,South,264,84,88,88,63.0,15,Cloudy,0,62.47,Winter
2023-01-12,S001,P0002,LEGO City Set,Toys,South,199,71,70,65,63.0,0,Cloudy,0,58.26,Winter
2023-01-13,S001,P0002,LEGO City Set,Toys,South,164,57,77,51,63.0,0,Cloudy,0,64.53,Winter
2023-01-14,S001,P0002,LEGO City Set,Toys,South,89,58,55,53,63.0,0,Windy,0,60.16,Winter
2023-01-15,S001,P0002,LEGO City Set,Toys,South,211,75,60,69,63.0,0,Sunny,0,57.88,Winter
2023-01-16,S001,P0002,LEGO City Set,Toys,South,174,75,84,70,63.0,5,Cloudy,0,68.56,Winter
2023-01-17,S001,P0002,LEGO City Set,Toys,South,150,83,73,90,63.0,0,Sunny,0,64.48,Winter
2023-01-18,S001,P0002,LEGO City Set,Toys,South,305,77,65,84,63.0,5,Cloudy,0,64.55,Winter
2023-01-19,S001,P0002,LEGO City Set,Toys,South,182,74,100,68,63.0,0,Sunny,0,69.26,Winter
2023-01-20,S001,P0002,LEGO City Set,Toys,South,181,58,80,52,63.0,0,Cloudy,0,63.85,Winter
2023-01-21,S001,P0002,LEGO City Set,Toys,South,97,52,58,53,63.0,10,Windy,0,62.45,Winter
2023-01-22,S001,P0002,LEGO City Set,Toys,South,158,75,98,68,63.0,0,Cloudy,0,69.29,Winter
2023-01-23,S001,P0002,LEGO City Set,Toys,South,150,79,95,72,63.0,0,Rainy,0,64.13,Winter
2023-01-24,S001,P0002,LEGO City Set,Toys,South,255,86,87,89,63.0,5,Rainy,0,59.32,Winter
2023-01-25,S001,P0002,LEGO City Set,Toys,South,288,78,93,77,63.0,5,Rainy,0,60.75,Winter
2023-01-26,S001,P0002,LEGO City Set,Toys,South,139,66,53,72,63.0,0,Windy,0,66.97,Winter
2023-01-27,S001,P0002,LEGO City Set,Toys,South,139,63,66,60,63.0,0,Sunny,0,66.76,Winter
2023-01-28,S001,P0002,LEGO City Set,Toys,South,206,56,49,59,63.0,20,Sunny,0,68.21,Winter
2023-01-29,S001,P0002,LEGO City Set,Toys,South,166,71,63,64,63.0,5,Sunny,0,59.82,Winter
2023-01-30,S001,P0002,LEGO City Set,Toys,South,307,88,121,80,63.0,15,Rainy,0,59.94,Winter
2023-01-31,S001,P0002,LEGO City Set,Toys,South,190,83,80,84,63.0,5,Rainy,0,59.01,Winter
2023-02-01,S001,P0002,LEGO City Set,Toys,South,218,70,61,76,63.0,0,Windy,0,67.03,Winter
2023-02-02,S001,P0002,LEGO City Set,Toys,South,232,71,87,76,63.0,5,Rainy,0,64.43,Winter
2023-02-03,S001,P0002,LEGO City Set,Toys,South,113,65,75,59,63.0,0,Rainy,0,57.46,Winter
2023-02-04,S001,P0002,LEGO City Set,Toys,South,119,63,73,66,63.0,5,Sunny,0,67.06,Winter
2023-02-05,S001,P0002,LEGO City Set,Toys,South,183,64,72,63,63.0,0,Windy,0,59.35,Winter
2023-02-06,S001,P0002,LEGO City Set,Toys,South,153,88,114,89,63.0,20,Rainy,0,59.79,Winter
2023-02-07,S001,P0002,LEGO City Set,Toys,South,131,77,97,78,63.0,10,Rainy,0,57.7,Winter
2023-02-08,S001,P0002,LEGO City Set,Toys,South,180,81,108,85,63.0,10,Sunny,0,65.5,Winter
2023-02-09,S001,P0002,LEGO City Set,Toys,South,209,64,87,58,63.0,0,Rainy,0,59.66,Winter
2023-02-10,S001,P0002,LEGO City Set,Toys,South,187,56,60,56,63.0,0,Cloudy,0,60.66,Winter
2023-02-11,S001,P0002,LEGO City Set,Toys,South,134,62,81,63,63.0,0,Rainy,0,66.65,Winter
2023-02-12,S001,P0002,LEGO City Set,Toys,South,155,73,68,80,63.0,0,Cloudy,0,65.6,Winter
2023-02-13,S001,P0002,LEGO City Set,Toys,South,122,81,73,83,63.0,5,Windy,0,68.35,Winter
2023-02-14,S001,P0002,LEGO City Set,Toys,South,238,91,113,99,63.0,10,Cloudy,0,62.51,Winter
2023-02-15,S001,P0002,LEGO City Set,Toys,South,292,77,73,82,63.0,5,Cloudy,0,64.87,Winter
2023-02-16,S001,P0002,LEGO City Set,Toys,South,221,73,80,74,63.0,10,Sunny,0,58.61,Winter
2023-02-17,S001,P0002,LEGO City Set,Toys,South,134,62,71,61,63.0,0,Sunny,0,67.82,Winter
2023-02-18,S001,P0002,LEGO City Set,Toys,South,159,61,63,57,63.0,0,Sunny,0,65.92,Winter
2023-02-19,S001,P0002,LEGO City Set,Toys,South,107,70,96,74,63.0,0,Rainy,0,67.65,Winter
2023-02-20,S001,P0002,LEGO City Set,Toys,South,175,75,87,76,63.0,15,Rainy,0,60.07,Winter
2023-02-21,S001,P0002,LEGO City Set,Toys,South,158,89,106,94,63.0,0,Windy,0,60.69,Winter
2023-02-22,S001,P0002,LEGO City Set,Toys,South,205,78,87,84,63.0,0,Windy,0,67.72,Winter
2023-02-23,S001,P0002,LEGO City Set,Toys,South,206,57,78,56,63.0,15,Windy,0,57.75,Winter
2023-02-24,S001,P0002,LEGO City Set,Toys,South,126,59,53,64,63.0,0,Sunny,0,59.16,Winter
2023-02-25,S001,P0002,LEGO City Set,Toys,South,204,60,71,62,63.0,20,Rainy,0,64.84,Winter
2023-02-26,S001,P0002,LEGO City Set,Toys,South,315,82,80,77,63.0,0,Cloudy,0,65.66,Winter
2023-02-27,S001,P0002,LEGO City Set,Toys,South,197,75,88,69,63.0,5,Windy,0,60.11,Winter
2023-02-28,S001,P0002,LEGO City Set,Toys,South,148,78,77,75,63.0,0,Rainy,0,62.42,Winter
2023-03-01,S001,P0002,LEGO City Set,Toys,South,170,86,96,79,63.0,0,Rainy,0,68.59,Spring
2023-03-02,S001,P0002,LEGO City Set,Toys,South,281,75,64,68,63.0,0,Rainy,0,65.79,Spring
2023-03-03,S001,P0002,LEGO City Set,Toys,South,209,58,48,61,63.0,10,Sunny,0,60.52,Spring
2023-03-04,S001,P0002,LEGO City Set,Toys,South,243,61,51,64,63.0,0,Cloudy,0,64.76,Spring
2023-03-05,S001,P0002,LEGO City Set,Toys,South,252,77,101,72,63.0,10,Cloudy,0,64.24,Spring
2023-03-06,S001,P0002,LEGO City Set,Toys,South,128,71,64,68,63.0,0,Sunny,0,57.58,Spring
2023-03-07,S001,P0002,LEGO City Set,Toys,South,288,76,75,83,63.0,0,Sunny,0,58.5,Spring
2023-03-08,S001,P0002,LEGO City Set,Toys,South,234,78,94,71,63.0,10,Windy,0,59.08,Spring
2023-03-09,S001,P0002,LEGO City Set,Toys,South,225,75,104,77,63.0,0,Sunny,0,69.11,Spring
2023-03-10,S001,P0002,LEGO City Set,Toys,South,94,59,77,57,63.0,5,Rainy,0,56.75,Spring
2023-03-11,S001,P0002,LEGO City Set,Toys,South,245,64,61,63,63.0,5,Windy,0,57.43,Spring
2023-03-12,S001,P0002,LEGO City Set,Toys,South,262,79,104,73,63.0,0,Sunny,0,60.33,Spring
2023-03-13,S001,P0002,LEGO City Set,Toys,South,150,96,108,99,63.0,0,Sunny,0,61.59,Spring
2023-03-14,S001,P0002,LEGO City Set,Toys,South,144,83,74,90,63.0,5,Rainy,0,66.29,Spring
2023-03-15,S001,P0002,LEGO City Set,Toys,South,299,79,93,85,63.0,15,Windy,0,56.75,Spring
2023-03-16,S001,P0002,LEGO City Set,Toys,South,134,76,65,73,63.0,0,Cloudy,0,65.54,Spring
2023-03-17,S001,P0002,LEGO City Set,Toys,South,160,54,47,56,63.0,10,Cloudy,0,56.86,Spring
2023-03-18,S001,P0002,LEGO City Set,Toys,South,155,67,64,71,63.0,0,Cloudy,0,66.28,Spring
2023-03-19,S001,P0002,LEGO City Set,Toys,South,125,68,87,70,63.0,5,Cloudy,0,64.87,Spring
2023-03-20,S001,P0002,LEGO City Set,Toys,South,218,84,72,84,63.0,0,Sunny,0,57.96,Spring
2023-03-21,S001,P0002,LEGO City Set,Toys,South,153,84,115,80,63.0,0,Sunny,0,60.76,Spring
2023-03-22,S001,P0002,LEGO City Set,Toys,South,212,73,98,70,63.0,15,Cloudy,0,58.15,Spring
2023-03-23,S001,P0002,LEGO City Set,Toys,South,146,62,79,66,63.0,5,Cloudy,0,68.94,Spring
2023-03-24,S001,P0002,LEGO City Set,Toys,South,132,61,66,55,63.0,5,Cloudy,0,66.83,Spring
2023-03-25,S001,P0002,LEGO City Set,Toys,South,152,67,76,60,63.0,0,Sunny,0,65.47,Spring
2023-03-26,S001,P0002,LEGO City Set,Toys,South,193,72,72,68,63.0,0,Sunny,0,59.08,Spring
2023-03-27,S001,P0002,LEGO City Set,Toys,South,321,83,73,90,63.0,10,Cloudy,0,64.78,Spring
2023-03-28,S001,P0002,LEGO City Set,Toys,South,286,88,113,87,63.0,10,Rainy,0,63.42,Spring
2023-03-29,S001,P0002,LEGO City Set,Toys,South,126,72,86,65,63.0,0,Sunny,0,57.89,Spring
2023-03-30,S001,P0002,LEGO City Set,Toys,South,216,70,82,68,63.0,0,Cloudy,0,57.84,Spring
2023-03-31,S001,P0002,LEGO City Set,Toys,South,147,62,76,62,63.0,0,Rainy,0,62.84,Spring
2023-04-01,S001,P0002,LEGO City Set,Toys,South,247,73,80,72,63.0,20,Cloudy,0,57.03,Spring
2023-04-02,S001,P0002,LEGO City Set,Toys,South,158,69,65,75,63.0,15,Sunny,0,57.3,Spring
2023-04-03,S001,P0002,LEGO City Set,Toys,South,123,79,91,72,63.0,0,Rainy,0,68.46,Spring
2023-04-04,S001,P0002,LEGO City Set,Toys,South,252,88,102,84,63.0,15,Cloudy,0,65.99,Spring
2023-04-05,S001,P0002,LEGO City Set,Toys,South,138,81,79,73,63.0,0,Sunny,0,62.17,Spring
2023-04-06,S001,P0002,LEGO City Set,Toys,South,220,63,73,67,63.0,10,Windy,0,67.39,Spring
2023-04-07,S001,P0002,LEGO City Set,Toys,South,117,57,77,54,63.0,5,Cloudy,0,57.03,Spring
2023-04-08,S001,P0002,LEGO City Set,Toys,South,152,63,63,63,63.0,0,Rainy,0,60.38,Spring
2023-04-09,S001,P0002,LEGO City Set,Toys,South,155,66,85,61,63.0,5,Windy,0,58.0,Spring
2023-04-10,S001,P0002,LEGO City Set,Toys,South,248,78,99,79,63.0,5,Windy,0,61.65,Spring
2023-04-11,S001,P0002,LEGO City Set,Toys,South,148,83,68,80,63.0,0,Windy,0,62.94,Spring
2023-04-12,S001,P0002,LEGO City Set,Toys,South,235,81,88,83,63.0,0,Sunny,0,60.71,Spring
2023-04-13,S001,P0002,LEGO City Set,Toys,South,180,61,70,58,63.0,0,Rainy,0,60.86,Spring
2023-04-14,S001,P0002,LEGO City Set,Toys,South,155,50,44,49,63.0,5,Sunny,0,57.16,Spring
2023-04-15,S001,P0002,LEGO City Set,Toys,South,99,52,57,51,63.0,15,Windy,0,56.83,Spring
2023-04-16,S001,P0002,LEGO City Set,Toys,South,166,63,86,60,63.0,15,Sunny,0,68.32,Spring
2023-04-17,S001,P0002,LEGO City Set,Toys,South,142,71,85,71,63.0,5,Windy,0,68.6,Spring
2023-04-18,S001,P0002,LEGO City Set,Toys,South,173,80,70,83,63.0,0,Sunny,0,57.06,Spring
2023-04-19,S001,P0002,LEGO City Set,Toys,South,259,68,57,62,63.0,10,Windy,0,65.42,Spring
2023-04-20,S001,P0002,LEGO City Set,Toys,South,100,60,78,60,63.0,5,Cloudy,0,67.76,Spring
2023-04-21,S001,P0002,LEGO City Set,Toys,South,147,53,50,53,63.0,10,Windy,0,57.97,Spring
2023-04-22,S001,P0002,LEGO City Set,Toys,South,104,57,63,51,63.0,5,Cloudy,0,59.62,Spring
2023-04-23,S001,P0002,LEGO City Set,Toys,South,256,74,61,79,63.0,5,Cloudy,0,67.55,Spring
2023-04-24,S001,P0002,LEGO City Set,Toys,South,254,81,84,75,63.0,0,Cloudy,0,57.79,Spring
2023-04-25,S001,P0002,LEGO City Set,Toys,South,301,79,102,79,63.0,15,Rainy,0,63.73,Spring
2023-04-26,S001,P0002,LEGO City Set,Toys,South,148,70,59,70,63.0,20,Windy,0,60.76,Spring
2023-04-27,S001,P0002,LEGO City Set,Toys,South,179,60,57,56,63.0,0,Cloudy,0,57.21,Spring
2023-04-28,S001,P0002,LEGO City Set,Toys,South,207,56,56,58,63.0,0,Rainy,0,60.83,Spring
2023-04-29,S001,P0002,LEGO City Set,Toys,South,193,60,68,54,63.0,10,Windy,0,57.14,Spring
2023-04-30,S001,P0002,LEGO City Set,Toys,South,214,62,84,66,63.0,20,Sunny,0,66.68,Spring
2023-05-01,S001,P0002,LEGO City Set,Toys,South,264,76,61,72,63.0,0,Sunny,0,66.17,Spring
2023-05-02,S001,P0002,LEGO City Set,Toys,South,204,67,65,64,63.0,10,Windy,0,62.23,Spring
2023-05-03,S001,P0002,LEGO City Set,Toys,South,207,72,75,72,63.0,0,Windy,0,62.15,Spring
2023-05-04,S001,P0002,LEGO City Set,Toys,South,241,64,86,64,63.0,10,Cloudy,0,65.59,Spring
2023-05-05,S001,P0002,LEGO City Set,Toys,South,154,53,64,55,63.0,10,Cloudy,0,65.22,Spring
2023-05-06,S001,P0002,LEGO City Set,Toys,South,127,63,69,64,63.0,10,Windy,0,67.49,Spring
2023-05-07,S001,P0002,LEGO City Set,Toys,South,111,61,78,63,63.0,5,Sunny,0,66.25,Spring
2023-05-08,S001,P0002,LEGO City Set,Toys,South,272,75,78,76,63.0,0,Cloudy,0,64.83,Spring
2023-05-09,S001,P0002,LEGO City Set,Toys,South,221,76,83,80,63.0,10,Sunny,0,65.29,Spring
2023-05-10,S001,P0002,LEGO City Set,Toys,South,268,69,84,75,63.0,0,Sunny,0,68.28,Spring
2023-05-11,S001,P0002,LEGO City Set,Toys,South,178,59,53,59,63.0,10,Windy,0,66.34,Spring
2023-05-12,S001,P0002,LEGO City Set,Toys,South,194,53,45,51,63.0,5,Windy,0,62.15,Spring
2023-05-13,S001,P0002,LEGO City Set,Toys,South,109,58,75,57,63.0,0,Rainy,0,57.31,Spring
2023-05-14,S001,P0002,LEGO City Set,Toys,South,187,70,62,72,63.0,0,Cloudy,0,59.58,Spring
2023-05-15,S001,P0002,LEGO City Set,Toys,South,135,72,70,77,63.0,5,Windy,0,63.56,Spring
2023-05-16,S001,P0002,LEGO City Set,Toys,South,160,78,77,77,63.0,15,Cloudy,0,69.27,Spring
2023-05-17,S001,P0002,LEGO City Set,Toys,South,232,64,84,64,63.0,0,Cloudy,0,61.03,Spring
2023-05-18,S001,P0002,LEGO City Set,Toys,South,136,61,78,60,63.0,5,Rainy,0,64.55,Spring
2023-05-19,S001,P0002,LEGO City Set,Toys,South,160,49,54,52,63.0,5,Windy,0,59.02,Spring
2023-05-20,S001,P0002,LEGO City Set,Toys,South,201,57,75,56,63.0,20,Rainy,0,60.57,Spring
2023-05-21,S001,P0002,LEGO City Set,Toys,South,133,72,70,71,63.0,10,Windy,0,60.76,Spring
2023-05-22,S001,P0002,LEGO City Set,Toys,South,248,70,66,73,63.0,0,Sunny,0,66.35,Spring
2023-05-23,S001,P0002,LEGO City Set,Toys,South,152,61,75,66,63.0,10,Sunny,0,66.79,Spring
2023-05-24,S001,P0002,LEGO City Set,Toys,South,173,64,81,61,63.0,0,Cloudy,0,60.83,Spring
2023-05-25,S001,P0002,LEGO City Set,Toys,South,104,61,50,67,63.0,10,Windy,0,67.66,Spring
2023-05-26,S001,P0002,LEGO City Set,Toys,South,201,52,55,49,63.0,15,Cloudy,0,63.02,Spring
2023-05-27,S001,P0002,LEGO City Set,Toys,South,203,53,42,49,63.0,0,Sunny,0,59.81,Spring
2023-05-28,S001,P0002,LEGO City Set,Toys,South,134,65,77,62,63.0,0,Rainy,0,67.92,Spring
2023-05-29,S001,P0002,LEGO City Set,Toys,South,229,71,72,66,63.0,5,Rainy,0,60.74,Spring
2023-05-30,S001,P0002,LEGO City Set,Toys,South,235,77,74,76,63.0,20,Sunny,0,65.12,Spring
2023-05-31,S001,P0002,LEGO City Set,Toys,South,256,69,83,70,63.0,5,Windy,0,59.09,Spring
2023-06-01,S001,P0002,LEGO City Set,Toys,South,238,61,70,59,63.0,0,Cloudy,0,57.48,Summer
2023-06-02,S001,P0002,LEGO City Set,Toys,South,102,50,64,50,63.0,10,Rainy,0,60.18,Summer
2023-06-03,S001,P0002,LEGO City Set,Toys,South,191,54,48,49,63.0,0,Rainy,0,61.11,Summer
2023-06-04,S001,P0002,LEGO City Set,Toys,South,122,58,76,55,63.0,0,Windy,0,59.35,Summer
2023-06-05,S001,P0002,LEGO City Set,Toys,South,128,64,63,58,63.0,0,Rainy,0,61.95,Summer
2023-06-06,S001,P0002,LEGO City Set,Toys,South,126,77,71,83,63.0,15,Sunny,0,67.91,Summer
2023-06-07,S001,P0002,LEGO City Set,Toys,South,134,64,67,60,63.0,5,Cloudy,0,61.49,Summer
2023-06-08,S001,P0002,LEGO City Set,Toys,South,136,57,66,54,63.0,5,Sunny,0,61.06,Summer
2023-06-09,S001,P0002,LEGO City Set,Toys,South,177,48,47,48,63.0,10,Cloudy,0,57.37,Summer
2023-06-10,S001,P0002,LEGO City Set,Toys,South,92,48,50,47,63.0,10,Cloudy,0,59.02,Summer
2023-06-11,S001,P0002,LEGO City Set,Toys,South,135,57,78,58,63.0,0,Cloudy,0,57.19,Summer
2023-06-12,S001,P0002,LEGO City Set,Toys,South,124,72,81,75,63.0,5,Cloudy,0,62.04,Summer
2023-06-13,S001,P0002,LEGO City Set,Toys,South,113,70,57,69,63.0,0,Rainy,0,59.78,Summer
2023-06-14,S001,P0002,LEGO City Set,Toys,South,173,54,45,50,63.0,5,Windy,0,60.87,Summer
2023-06-15,S001,P0002,LEGO City Set,Toys,South,132,51,63,54,63.0,5,Sunny,0,69.2,Summer
2023-06-16,S001,P0002,LEGO City Set,Toys,South,188,52,67,54,63.0,10,Windy,0,66.8,Summer
2023-06-17,S001,P0002,LEGO City Set,Toys,South,129,48,56,48,63.0,15,Rainy,0,62.14,Summer
2023-06-18,S001,P0002,LEGO City Set,Toys,South,171,49,67,46,63.0,10,Windy,0,65.64,Summer
2023-06-19,S001,P0002,LEGO City Set,Toys,South,276,72,96,73,63.0,10,Rainy,0,58.81,Summer
2023-06-20,S001,P0002,LEGO City Set,Toys,South,147,69,85,73,63.0,20,Rainy,0,62.26,Summer
2023-06-21,S001,P0002,LEGO City Set,Toys,South,118,60,78,60,63.0,0,Sunny,0,65.73,Summer
2023-06-22,S001,P0002,LEGO City Set,Toys,South,184,50,49,47,63.0,0,Sunny,0,57.77,Summer
2023-06-23,S001,P0002,LEGO City Set,Toys,South,128,49,61,48,63.0,5,Cloudy,0,60.0,Summer
2023-06-24,S001,P0002,LEGO City Set,Toys,South,171,45,40,49,63.0,0,Cloudy,0,60.82,Summer
2023-06-25,S001,P0002,LEGO City Set,Toys,South,125,59,49,62,63.0,0,Windy,0,60.95,Summer
2023-06-26,S001,P0002,LEGO City Set,Toys,South,199,65,88,70,63.0,5,Rainy,0,65.28,Summer
2023-06-27,S001,P0002,LEGO City Set,Toys,South,226,65,71,67,63.0,10,Rainy,0,66.25,Summer
2023-06-28,S001,P0002,LEGO City Set,Toys,South,101,59,76,64,63.0,20,Sunny,0,59.55,Summer
2023-06-29,S001,P0002,LEGO City Set,Toys,South,187,49,67,45,63.0,5,Windy,0,65.5,Summer
2023-06-30,S001,P0002,LEGO City Set,Toys,South,110,48,39,44,63.0,0,Cloudy,0,63.79,Summer
2023-07-01,S001,P0002,LEGO City Set,Toys,South,134,43,54,42,63.0,5,Sunny,0,56.9,Summer
2023-07-02,S001,P0002,LEGO City Set,Toys,South,109,48,43,43,63.0,0,Cloudy,0,58.68,Summer
2023-07-03,S001,P0002,LEGO City Set,Toys,South,196,64,87,67,63.0,5,Windy,0,58.43,Summer
2023-07-04,S001,P0002,LEGO City Set,Toys,South,107,65,68,63,63.0,5,Rainy,0,62.09,Summer
2023-07-05,S001,P0002,LEGO City Set,Toys,South,189,59,76,62,63.0,0,Cloudy,0,63.48,Summer
2023-07-06,S001,P0002,LEGO City Set,Toys,South,165,50,56,47,63.0,0,Rainy,0,60.83,Summer
2023-07-07,S001,P0002,LEGO City Set,Toys,South,131,43,46,44,63.0,15,Windy,0,62.62,Summer
2023-07-08,S001,P0002,LEGO City Set,Toys,South,124,48,58,43,63.0,0,Cloudy,0,66.72,Summer
2023-07-09,S001,P0002,LEGO City Set,Toys,South,166,52,61,53,63.0,0,Sunny,0,68.78,Summer
2023-07-10,S001,P0002,LEGO City Set,Toys,South,193,58,70,54,63.0,5,Rainy,0,60.27,Summer
2023-07-11,S001,P0002,LEGO City Set,Toys,South,131,60,61,58,63.0,0,Cloudy,0,59.47,Summer
2023-07-12,S001,P0002,LEGO City Set,Toys,South,166,64,78,58,63.0,10,Rainy,0,62.62,Summer
2023-07-13,S001,P0002,LEGO City Set,Toys,South,133,42,42,45,63.0,0,Rainy,0,63.8,Summer
2023-07-14,S001,P0002,LEGO City Set,Toys,South,134,44,47,42,63.0,0,Cloudy,0,59.27,Summer
2023-07-15,S001,P0002,LEGO City Set,Toys,South,70,39,54,38,63.0,0,Sunny,0,68.71,Summer
2023-07-16,S001,P0002,LEGO City Set,Toys,South,129,51,62,55,63.0,0,Sunny,0,65.68,Summer
2023-07-17,S001,P0002,LEGO City Set,Toys,South,224,57,46,62,63.0,0,Sunny,0,68.4,Summer
2023-07-18,S001,P0002,LEGO City Set,Toys,South,96,52,62,52,63.0,0,Windy,0,63.29,Summer
2023-07-19,S001,P0002,LEGO City Set,Toys,South,173,57,56,55,63.0,15,Windy,0,59.12,Summer
2023-07-20,S001,P0002,LEGO City Set,Toys,South,162,46,56,46,63.0,0,Sunny,0,61.42,Summer
2023-07-21,S001,P0002,LEGO City Set,Toys,South,127,36,47,36,63.0,5,Rainy,0,63.14,Summer
2023-07-22,S001,P0002,LEGO City Set,Toys,South,168,46,47,45,63.0,0,Windy,0,60.54,Summer
2023-07-23,S001,P0002,LEGO City Set,Toys,South,160,56,66,55,63.0,5,Cloudy,0,67.62,Summer
2023-07-24,S001,P0002,LEGO City Set,Toys,South,243,64,59,64,63.0,0,Sunny,0,63.46,Summer
2023-07-25,S001,P0002,LEGO City Set,Toys,South,112,61,82,61,63.0,10,Windy,0,63.13,Summer
2023-07-26,S001,P0002,LEGO City Set,Toys,South,150,55,52,53,63.0,0,Rainy,0,64.88,Summer
2023-07-27,S001,P0002,LEGO City Set,Toys,South,88,51,43,47,63.0,0,Windy,0,64.36,Summer
2023-07-28,S001,P0002,LEGO City Set,Toys,South,174,47,43,43,63.0,0,Sunny,0,67.73,Summer
2023-07-29,S001,P0002,LEGO City Set,Toys,South,120,47,64,51,63.0,0,Windy,0,57.57,Summer
2023-07-30,S001,P0002,LEGO City Set,Toys,South,186,47,64,43,63.0,5,Rainy,0,61.69,Summer
2023-07-31,S001,P0002,LEGO City Set,Toys,South,105,58,70,55,63.0,0,Windy,0,57.84,Summer
2023-08-01,S001,P0002,LEGO City Set,Toys,South,115,61,64,56,63.0,0,Cloudy,0,68.72,Summer
2023-08-02,S001,P0002,LEGO City Set,Toys,South,131,47,43,43,63.0,0,Rainy,0,57.39,Summer
2023-08-03,S001,P0002,LEGO City Set,Toys,South,131,48,57,44,63.0,0,Sunny,0,62.26,Summer
2023-08-04,S001,P0002,LEGO City Set,Toys,South,100,48,49,43,63.0,5,Cloudy,0,62.58,Summer
2023-08-05,S001,P0002,LEGO City Set,Toys,South,179,45,62,44,63.0,20,Sunny,0,57.72,Summer
2023-08-06,S001,P0002,LEGO City Set,Toys,South,115,55,44,50,63.0,0,Windy,0,60.98,Summer
2023-08-07,S001,P0002,LEGO City Set,Toys,South,190,58,58,62,63.0,0,Cloudy,0,59.74,Summer
2023-08-08,S001,P0002,LEGO City Set,Toys,South,115,59,64,54,63.0,5,Cloudy,0,64.41,Summer
2023-08-09,S001,P0002,LEGO City Set,Toys,South,106,55,74,49,63.0,0,Sunny,0,63.82,Summer
2023-08-10,S001,P0002,LEGO City Set,Toys,South,91,43,46,39,63.0,5,Cloudy,0,59.49,Summer
2023-08-11,S001,P0002,LEGO City Set,Toys,South,86,38,50,40,63.0,0,Rainy,0,68.63,Summer
2023-08-12,S001,P0002,LEGO City Set,Toys,South,148,47,51,50,63.0,5,Cloudy,0,61.17,Summer
2023-08-13,S001,P0002,LEGO City Set,Toys,South,157,55,48,53,63.0,5,Rainy,0,60.65,Summer
2023-08-14,S001,P0002,LEGO City Set,Toys,South,129,53,68,52,63.0,10,Rainy,0,58.4,Summer
2023-08-15,S001,P0002,LEGO City Set,Toys,South,170,63,60,59,63.0,15,Windy,0,60.04,Summer
2023-08-16,S001,P0002,LEGO City Set,Toys,South,177,54,73,55,63.0,0,Sunny,0,62.35,Summer
2023-08-17,S001,P0002,LEGO City Set,Toys,South,170,47,45,51,63.0,10,Rainy,0,61.68,Summer
2023-08-18,S001,P0002,LEGO City Set,Toys,South,168,43,52,40,63.0,10,Cloudy,0,58.2,Summer
2023-08-19,S001,P0002,LEGO City Set,Toys,South,101,46,55,49,63.0,10,Rainy,0,58.98,Summer
2023-08-20,S001,P0002,LEGO City Set,Toys,South,155,50,52,46,63.0,0,Sunny,0,61.82,Summer
2023-08-21,S001,P0002,LEGO City Set,Toys,South,184,63,56,62,63.0,5,Sunny,0,61.36,Summer
2023-08-22,S001,P0002,LEGO City Set,Toys,South,199,60,59,60,63.0,0,Windy,0,63.49,Summer
2023-08-23,S001,P0002,LEGO City Set,Toys,South,94,56,50,51,63.0,5,Windy,0,66.34,Summer
2023-08-24,S001,P0002,LEGO City Set,Toys,South,86,44,40,42,63.0,10,Sunny,0,64.53,Summer
2023-08-25,S001,P0002,LEGO City Set,Toys,South,180,48,46,49,63.0,5,Rainy,0,63.75,Summer
2023-08-26,S001,P0002,LEGO City Set,Toys,South,169,45,38,46,63.0,0,Sunny,0,68.23,Summer
2023-08-27,S001,P0002,LEGO City Set,Toys,South,122,53,68,55,63.0,5,Rainy,0,63.0,Summer
2023-08-28,S001,P0002,LEGO City Set,Toys,South,110,51,58,54,63.0,10,Windy,0,62.79,Summer
2023-08-29,S001,P0002,LEGO City Set,Toys,South,195,56,74,54,63.0,20,Cloudy,0,69.26,Summer
2023-08-30,S001,P0002,LEGO City Set,Toys,South,165,59,64,62,63.0,0,Rainy,0,65.91,Summer
2023-08-31,S001,P0002,LEGO City Set,Toys,South,123,48,53,48,63.0,5,Windy,0,56.96,Summer
2023-09-01,S001,P0002,LEGO City Set,Toys,South,131,36,44,38,63.0,5,Rainy,0,63.37,Autumn
2023-09-02,S001,P0002,LEGO City Set,Toys,South,115,47,50,44,63.0,0,Cloudy,0,57.09,Autumn
2023-09-03,S001,P0002,LEGO City Set,Toys,South,126,49,51,46,63.0,5,Cloudy,0,62.22,Autumn
2023-09-04,S001,P0002,LEGO City Set,Toys,South,188,64,51,69,63.0,0,Rainy,0,57.6,Autumn
2023-09-05,S001,P0002,LEGO City Set,Toys,South,121,60,66,57,63.0,0,Rainy,0,61.69,Autumn
2023-09-06,S001,P0002,LEGO City Set,Toys,South,118,56,45,54,63.0,5,Windy,0,63.46,Autumn
2023-09-07,S001,P0002,LEGO City Set,Toys,South,199,51,62,56,63.0,0,Cloudy,0,66.64,Autumn
2023-09-08,S001,P0002,LEGO City Set,Toys,South,121,40,55,41,63.0,5,Cloudy,0,68.03,Autumn
2023-09-09,S001,P0002,LEGO City Set,Toys,South,74,41,50,40,63.0,10,Cloudy,0,66.87,Autumn
2023-09-10,S001,P0002,LEGO City Set,Toys,South,93,51,42,50,63.0,0,Windy,0,57.72,Autumn
2023-09-11,S001,P0002,LEGO City Set,Toys,South,178,62,80,59,63.0,10,Windy,0,58.18,Autumn
2023-09-12,S001,P0002,LEGO City Set,Toys,South,106,55,47,51,63.0,15,Rainy,0,66.86,Autumn
2023-09-13,S001,P0002,LEGO City Set,Toys,South,148,49,61,51,63.0,0,Sunny,0,57.48,Autumn
2023-09-14,S001,P0002,LEGO City Set,Toys,South,102,51,62,49,63.0,0,Sunny,0,62.36,Autumn
2023-09-15,S001,P0002,LEGO City Set,Toys,South,119,41,37,42,63.0,0,Cloudy,0,69.0,Autumn
2023-09-16,S001,P0002,LEGO City Set,Toys,South,85,44,35,42,63.0,5,Sunny,0,58.63,Autumn
2023-09-17,S001,P0002,LEGO City Set,Toys,South,169,46,53,43,63.0,0,Windy,0,59.92,Autumn
2023-09-18,S001,P0002,LEGO City Set,Toys,South,90,57,70,60,63.0,20,Rainy,0,57.55,Autumn
2023-09-19,S001,P0002,LEGO City Set,Toys,South,152,62,81,62,63.0,0,Rainy,0,66.57,Autumn
2023-09-20,S001,P0002,LEGO City Set,Toys,South,164,61,67,63,63.0,10,Rainy,0,60.02,Autumn
2023-09-21,S001,P0002,LEGO City Set,Toys,South,71,46,42,48,63.0,15,Cloudy,0,58.59,Autumn
2023-09-22,S001,P0002,LEGO City Set,Toys,South,138,49,64,44,63.0,0,Cloudy,0,57.08,Autumn
2023-09-23,S001,P0002,LEGO City Set,Toys,South,171,44,42,48,63.0,0,Rainy,0,60.27,Autumn
2023-09-24,S001,P0002,LEGO City Set,Toys,South,163,51,56,50,63.0,10,Windy,0,66.98,Autumn
2023-09-25,S001,P0002,LEGO City Set,Toys,South,230,68,95,67,63.0,10,Sunny,0,67.57,Autumn
2023-09-26,S001,P0002,LEGO City Set,Toys,South,102,64,66,68,63.0,0,Windy,0,60.34,Autumn
2023-09-27,S001,P0002,LEGO City Set,Toys,South,85,56,56,57,63.0,10,Windy,0,68.0,Autumn
2023-09-28,S001,P0002,LEGO City Set,Toys,South,184,49,45,53,63.0,0,Sunny,0,64.32,Autumn
2023-09-29,S001,P0002,LEGO City Set,Toys,South,81,49,41,49,63.0,0,Rainy,0,61.78,Autumn
2023-09-30,S001,P0002,LEGO City Set,Toys,South,154,52,58,53,63.0,0,Windy,0,62.64,Autumn
2023-10-01,S001,P0002,LEGO City Set,Toys,South,203,51,51,46,63.0,10,Sunny,0,63.67,Autumn
2023-10-02,S001,P0002,LEGO City Set,Toys,South,238,62,72,62,63.0,0,Sunny,0,66.76,Autumn
2023-10-03,S001,P0002,LEGO City Set,Toys,South,230,65,52,66,63.0,0,Cloudy,0,66.63,Autumn
2023-10-04,S001,P0002,LEGO City Set,Toys,South,137,55,71,55,63.0,15,Windy,0,64.49,Autumn
2023-10-05,S001,P0002,LEGO City Set,Toys,South,102,51,57,46,63.0,0,Sunny,0,67.28,Autumn
2023-10-06,S001,P0002,LEGO City Set,Toys,South,80,46,62,42,63.0,15,Rainy,0,62.67,Autumn
2023-10-07,S001,P0002,LEGO City Set,Toys,South,87,52,42,47,63.0,10,Windy,0,66.93,Autumn
2023-10-08,S001,P0002,LEGO City Set,Toys,South,110,61,69,57,63.0,0,Rainy,0,65.9,Autumn
2023-10-09,S001,P0002,LEGO City Set,Toys,South,215,63,83,63,63.0,15,Cloudy,0,59.0,Autumn
2023-10-10,S001,P0002,LEGO City Set,Toys,South,204,65,54,70,63.0,0,Windy,0,65.41,Autumn
2023-10-11,S001,P0002,LEGO City Set,Toys,South,146,64,69,67,63.0,20,Rainy,0,63.53,Autumn
2023-10-12,S001,P0002,LEGO City Set,Toys,South,197,50,62,46,63.0,5,Sunny,0,62.69,Autumn
2023-10-13,S001,P0002,LEGO City Set,Toys,South,91,49,51,46,63.0,5,Windy,0,63.15,Autumn
2023-10-14,S001,P0002,LEGO City Set,Toys,South,145,49,44,51,63.0,0,Sunny,0,59.16,Autumn
2023-10-15,S001,P0002,LEGO City Set,Toys,South,84,54,60,52,63.0,15,Cloudy,0,62.64,Autumn
2023-10-16,S001,P0002,LEGO City Set,Toys,South,231,61,59,56,63.0,10,Sunny,0,65.77,Autumn
2023-10-17,S001,P0002,LEGO City Set,Toys,South,150,75,94,75,63.0,5,Sunny,0,61.23,Autumn
2023-10-18,S001,P0002,LEGO City Set,Toys,South,120,62,77,57,63.0,0,Rainy,0,66.51,Autumn
2023-10-19,S001,P0002,LEGO City Set,Toys,South,201,60,48,57,63.0,10,Windy,0,64.2,Autumn
2023-10-20,S001,P0002,LEGO City Set,Toys,South,114,47,62,43,63.0,15,Cloudy,0,61.38,Autumn
2023-10-21,S001,P0002,LEGO City Set,Toys,South,174,52,46,49,63.0,0,Windy,0,63.44,Autumn
2023-10-22,S001,P0002,LEGO City Set,Toys,South,103,69,76,66,63.0,0,Windy,0,58.97,Autumn
2023-10-23,S001,P0002,LEGO City Set,Toys,South,130,63,72,61,63.0,5,Rainy,0,58.44,Autumn
2023-10-24,S001,P0002,LEGO City Set,Toys,South,96,61,60,65,63.0,0,Sunny,0,67.18,Autumn
2023-10-25,S001,P0002,LEGO City Set,Toys,South,205,70,79,74,63.0,0,Cloudy,0,60.43,Autumn
2023-10-26,S001,P0002,LEGO City Set,Toys,South,83,52,51,55,63.0,0,Sunny,0,68.19,Autumn
2023-10-27,S001,P0002,LEGO City Set,Toys,South,132,50,51,49,63.0,0,Cloudy,0,56.96,Autumn
2023-10-28,S001,P0002,LEGO City Set,Toys,South,196,50,59,51,63.0,10,Rainy,0,63.35,Autumn
2023-10-29,S001,P0002,LEGO City Set,Toys,South,116,62,71,56,63.0,0,Rainy,0,62.0,Autumn
2023-10-30,S001,P0002,LEGO City Set,Toys,South,150,65,89,60,63.0,0,Windy,0,58.61,Autumn
2023-10-31,S001,P0002,LEGO City Set,Toys,South,223,71,99,67,63.0,0,Sunny,0,60.21,Autumn
2023-11-01,S001,P0002,LEGO City Set,Toys,South,108,68,74,70,63.0,5,Windy,0,63.46,Autumn
2023-11-02,S001,P0002,LEGO City Set,Toys,South,189,53,73,52,63.0,0,Windy,0,66.66,Autumn
2023-11-03,S001,P0002,LEGO City Set,Toys,South,179,49,47,51,63.0,0,Rainy,0,58.11,Autumn
2023-11-04,S001,P0002,LEGO City Set,Toys,South,147,52,57,55,63.0,0,Sunny,0,58.05,Autumn
2023-11-05,S001,P0002,LEGO City Set,Toys,South,134,56,60,55,63.0,0,Windy,0,67.49,Autumn
2023-11-06,S001,P0002,LEGO City Set,Toys,South,108,70,75,71,63.0,10,Windy,0,58.35,Autumn
2023-11-07,S001,P0002,LEGO City Set,Toys,South,189,75,68,78,63.0,0,Cloudy,0,60.75,Autumn
2023-11-08,S001,P0002,LEGO City Set,Toys,South,184,66,87,61,63.0,5,Rainy,0,60.48,Autumn
2023-11-09,S001,P0002,LEGO City Set,Toys,South,130,58,72,55,63.0,0,Sunny,0,57.77,Autumn
2023-11-10,S001,P0002,LEGO City Set,Toys,South,181,53,69,55,63.0,0,Sunny,0,65.82,Autumn
2023-11-11,S001,P0002,LEGO City Set,Toys,South,110,53,59,55,63.0,5,Rainy,0,60.7,Autumn
2023-11-12,S001,P0002,LEGO City Set,Toys,South,183,68,74,62,63.0,5,Sunny,0,67.61,Autumn
2023-11-13,S001,P0002,LEGO City Set,Toys,South,195,81,67,73,63.0,0,Rainy,0,69.17,Autumn
2023-11-14,S001,P0002,LEGO City Set,Toys,South,176,74,71,81,63.0,0,Sunny,0,65.84,Autumn
2023-11-15,S001,P0002,LEGO City Set,Toys,South,122,73,88,65,63.0,0,Cloudy,0,65.21,Autumn
2023-11-16,S001,P0002,LEGO City Set,Toys,South,198,59,74,61,63.0,0,Cloudy,0,65.57,Autumn
2023-11-17,S001,P0002,LEGO City Set,Toys,South,117,56,54,59,63.0,20,Sunny,0,58.72,Autumn
2023-11-18,S001,P0002,LEGO City Set,Toys,South,213,63,51,63,63.0,5,Windy,0,60.52,Autumn
2023-11-19,S001,P0002,LEGO City Set,Toys,South,131,69,70,73,63.0,15,Rainy,0,59.1,Autumn
2023-11-20,S001,P0002,LEGO City Set,Toys,South,113,67,73,61,63.0,10,Rainy,0,66.66,Autumn
2023-11-21,S001,P0002,LEGO City Set,Toys,South,320,81,97,85,63.0,10,Rainy,0,63.07,Autumn
2023-11-22,S001,P0002,LEGO City Set,Toys,South,245,79,105,74,63.0,15,Windy,0,65.9,Autumn
2023-11-23,S001,P0002,LEGO City Set,Toys,South,123,61,84,60,63.0,0,Cloudy,0,58.99,Autumn
2023-11-24,S001,P0002,LEGO City Set,Toys,South,241,97,113,105,63.0,0,Rainy,1,64.91,Autumn
2023-11-25,S001,P0002,LEGO City Set,Toys,South,188,82,107,77,63.0,5,Windy,1,58.04,Autumn
2023-11-26,S001,P0002,LEGO City Set,Toys,South,314,86,84,89,63.0,20,Rainy,1,60.77,Autumn
2023-11-27,S001,P0002,LEGO City Set,Toys,South,239,130,146,128,63.0,0,Cloudy,1,63.15,Autumn
2023-11-28,S001,P0002,LEGO City Set,Toys,South,446,116,137,125,63.0,0,Rainy,1,64.55,Autumn
2023-11-29,S001,P0002,LEGO City Set,Toys,South,267,115,105,109,63.0,10,Sunny,1,60.14,Autumn
2023-11-30,S001,P0002,LEGO City Set,Toys,South,162,70,67,72,63.0,0,Windy,0,60.99,Autumn
2023-12-01,S001,P0002,LEGO City Set,Toys,South,96,50,46,47,63.0,5,Sunny,0,56.71,Winter
2023-12-02,S001,P0002,LEGO City Set,Toys,South,87,55,53,60,63.0,0,Rainy,0,59.41,Winter
2023-12-03,S001,P0002,LEGO City Set,Toys,South,172,65,84,68,63.0,0,Windy,0,58.29,Winter
2023-12-04,S001,P0002,LEGO City Set,Toys,South,203,80,105,86,63.0,0,Sunny,0,63.94,Winter
2023-12-05,S001,P0002,LEGO City Set,Toys,South,260,81,109,80,63.0,0,Sunny,0,57.75,Winter
2023-12-06,S001,P0002,LEGO City Set,Toys,South,211,84,108,81,63.0,5,Cloudy,0,60.15,Winter
2023-12-07,S001,P0002,LEGO City Set,Toys,South,158,70,57,66,63.0,0,Windy,0,65.02,Winter
2023-12-08,S001,P0002,LEGO City Set,Toys,South,108,61,53,55,63.0,0,Windy,0,68.6,Winter
2023-12-09,S001,P0002,LEGO City Set,Toys,South,210,62,77,68,63.0,0,Windy,0,61.08,Winter
2023-12-10,S001,P0002,LEGO City Set,Toys,South,194,74,97,77,63.0,0,Sunny,0,59.78,Winter
2023-12-11,S001,P0002,LEGO City Set,Toys,South,279,77,80,79,63.0,10,Cloudy,0,61.74,Winter
2023-12-12,S001,P0002,LEGO City Set,Toys,South,253,90,113,98,63.0,0,Windy,0,61.01,Winter
2023-12-13,S001,P0002,LEGO City Set,Toys,South,132,72,70,66,63.0,0,Cloudy,0,62.09,Winter
2023-12-14,S001,P0002,LEGO City Set,Toys,South,167,71,90,67,63.0,0,Cloudy,0,68.05,Winter
2023-12-15,S001,P0002,LEGO City Set,Toys,South,128,65,65,66,63.0,5,Rainy,0,63.08,Winter
2023-12-16,S001,P0002,LEGO City Set,Toys,South,167,64,72,61,63.0,0,Windy,0,57.58,Winter
2023-12-17,S001,P0002,LEGO City Set,Toys,South,256,73,69,74,63.0,0,Rainy,0,61.87,Winter
2023-12-18,S001,P0002,LEGO City Set,Toys,South,325,86,86,81,63.0,0,Windy,0,66.1,Winter
2023-12-19,S001,P0002,LEGO City Set,Toys,South,113,70,61,71,63.0,5,Windy,0,59.34,Winter
2023-12-20,S001,P0002,LEGO City Set,Toys,South,606,176,170,160,63.0,0,Sunny,1,62.28,Winter
2023-12-21,S001,P0002,LEGO City Set,Toys,South,440,120,103,112,63.0,5,Sunny,1,63.38,Winter
2023-12-22,S001,P0002,LEGO City Set,Toys,South,346,128,173,129,63.0,0,Cloudy,1,69.17,Winter
2023-12-23,S001,P0002,LEGO City Set,Toys,South,402,105,115,105,63.0,0,Cloudy,1,68.32,Winter
2023-12-24,S001,P0002,LEGO City Set,Toys,South,391,151,145,155,63.0,5,Sunny,1,59.4,Winter
2023-12-25,S001,P0002,LEGO City Set,Toys,South,538,173,179,155,63.0,10,Rainy,1,62.33,Winter
2023-12-26,S001,P0002,LEGO City Set,Toys,South,310,184,194,168,63.0,0,Windy,1,64.96,Winter
2023-12-27,S001,P0002,LEGO City Set,Toys,South,623,156,210,158,63.0,0,Cloudy,1,68.88,Winter
2023-12-28,S001,P0002,LEGO City Set,Toys,South,314,137,171,127,63.0,15,Sunny,1,62.89,Winter
2023-12-29,S001,P0002,LEGO City Set,Toys,South,242,111,152,106,63.0,0,Rainy,1,58.99,Winter
2023-12-30,S001,P0002,LEGO City Set,Toys,South,375,139,181,146,63.0,0,Rainy,1,59.33,Winter
2023-12-31,S001,P0002,LEGO City Set,Toys,South,382,144,185,150,63.0,0,Cloudy,1,61.85,Winter
2023-01-01,S001,P0003,Play-Doh Bundle,Toys,West,130,50,50,52,27.99,20,Sunny,0,26.63,Winter
2023-01-02,S001,P0003,Play-Doh Bundle,Toys,West,123,64,68,59,27.99,0,Rainy,0,25.3,Winter
2023-01-03,S001,P0003,Play-Doh Bundle,Toys,West,240,63,53,57,27.99,0,Windy,0,26.56,Winter
2023-01-04,S001,P0003,Play-Doh Bundle,Toys,West,215,57,59,56,27.99,20,Cloudy,0,27.29,Winter
2023-01-05,S001,P0003,Play-Doh Bundle,Toys,West,102,46,40,42,27.99,0,Cloudy,0,25.74,Winter
2023-01-06,S001,P0003,Play-Doh Bundle,Toys,West,116,43,45,39,27.99,0,Rainy,0,25.22,Winter
2023-01-07,S001,P0003,Play-Doh Bundle,Toys,West,96,46,58,49,27.99,0,Sunny,0,27.46,Winter
2023-01-08,S001,P0003,Play-Doh Bundle,Toys,West,168,55,50,50,27.99,10,Cloudy,0,27.64,Winter
2023-01-09,S001,P0003,Play-Doh Bundle,Toys,West,110,60,58,57,27.99,5,Windy,0,27.77,Winter
2023-01-10,S001,P0003,Play-Doh Bundle,Toys,West,185,67,61,61,27.99,5,Cloudy,0,29.79,Winter
2023-01-11,S001,P0003,Play-Doh Bundle,Toys,West,94,57,54,60,27.99,0,Cloudy,0,30.09,Winter
2023-01-12,S001,P0003,Play-Doh Bundle,Toys,West,132,52,54,48,27.99,5,Windy,0,28.83,Winter
2023-01-13,S001,P0003,Play-Doh Bundle,Toys,West,81,43,57,41,27.99,5,Cloudy,0,27.03,Winter
2023-01-14,S001,P0003,Play-Doh Bundle,Toys,West,151,40,43,43,27.99,15,Sunny,0,30.09,Winter
2023-01-15,S001,P0003,Play-Doh Bundle,Toys,West,200,55,56,57,27.99,10,Windy,0,29.22,Winter
2023-01-16,S001,P0003,Play-Doh Bundle,Toys,West,213,64,87,61,27.99,0,Rainy,0,30.71,Winter
2023-01-17,S001,P0003,Play-Doh Bundle,Toys,West,131,66,57,69,27.99,0,Rainy,0,26.91,Winter
2023-01-18,S001,P0003,Play-Doh Bundle,Toys,West,139,60,64,64,27.99,5,Rainy,0,28.93,Winter
2023-01-19,S001,P0003,Play-Doh Bundle,Toys,West,144,49,68,46,27.99,10,Cloudy,0,25.71,Winter
2023-01-20,S001,P0003,Play-Doh Bundle,Toys,West,127,42,51,40,27.99,5,Cloudy,0,25.26,Winter
2023-01-21,S001,P0003,Play-Doh Bundle,Toys,West,191,48,46,44,27.99,5,Windy,0,27.57,Winter
2023-01-22,S001,P0003,Play-Doh Bundle,Toys,West,132,56,66,54,27.99,0,Cloudy,0,27.41,Winter
2023-01-23,S001,P0003,Play-Doh Bundle,Toys,West,227,60,62,57,27.99,0,Cloudy,0,28.74,Winter
2023-01-24,S001,P0003,Play-Doh Bundle,Toys,West,110,69,61,64,27.99,15,Sunny,0,28.56,Winter
2023-01-25,S001,P0003,Play-Doh Bundle,Toys,West,142,55,55,57,27.99,15,Cloudy,0,26.57,Winter
2023-01-26,S001,P0003,Play-Doh Bundle,Toys,West,114,48,60,49,27.99,0,Rainy,0,28.92,Winter
2023-01-27,S001,P0003,Play-Doh Bundle,Toys,West,109,50,50,45,27.99,10,Rainy,0,28.45,Winter
2023-01-28,S001,P0003,Play-Doh Bundle,Toys,West,83,50,61,52,27.99,0,Windy,0,28.92,Winter
2023-01-29,S001,P0003,Play-Doh Bundle,Toys,West,200,53,66,54,27.99,0,Rainy,0,30.25,Winter
2023-01-30,S001,P0003,Play-Doh Bundle,Toys,West,191,64,67,62,27.99,15,Rainy,0,29.78,Winter
2023-01-31,S001,P0003,Play-Doh Bundle,Toys,West,110,65,57,70,27.99,5,Cloudy,0,30.52,Winter
2023-02-01,S001,P0003,Play-Doh Bundle,Toys,West,166,48,62,46,27.99,0,Windy,0,26.0,Winter
2023-02-02,S001,P0003,Play-Doh Bundle,Toys,West,75,48,55,49,27.99,20,Rainy,0,26.62,Winter
2023-02-03,S001,P0003,Play-Doh Bundle,Toys,West,91,45,58,42,27.99,10,Rainy,0,29.09,Winter
2023-02-04,S001,P0003,Play-Doh Bundle,Toys,West,90,46,43,48,27.99,10,Rainy,0,26.26,Winter
2023-02-05,S001,P0003,Play-Doh Bundle,Toys,West,214,56,63,54,27.99,0,Sunny,0,30.67,Winter
2023-02-06,S001,P0003,Play-Doh Bundle,Toys,West,175,68,71,65,27.99,0,Cloudy,0,29.04,Winter
2023-02-07,S001,P0003,Play-Doh Bundle,Toys,West,205,64,58,62,27.99,0,Cloudy,0,26.01,Winter
2023-02-08,S001,P0003,Play-Doh Bundle,Toys,West,182,55,55,51,27.99,5,Windy,0,29.77,Winter
2023-02-09,S001,P0003,Play-Doh Bundle,Toys,West,178,52,51,48,27.99,0,Sunny,0,29.26,Winter
2023-02-10,S001,P0003,Play-Doh Bundle,Toys,West,71,45,61,41,27.99,0,Sunny,0,27.35,Winter
2023-02-11,S001,P0003,Play-Doh Bundle,Toys,West,162,47,37,51,27.99,0,Cloudy,0,28.81,Winter
2023-02-12,S001,P0003,Play-Doh Bundle,Toys,West,191,54,73,55,27.99,20,Sunny,0,27.67,Winter
2023-02-13,S001,P0003,Play-Doh Bundle,Toys,West,187,73,90,67,27.99,5,Cloudy,0,29.84,Winter
2023-02-14,S001,P0003,Play-Doh Bundle,Toys,West,212,55,49,50,27.99,0,Cloudy,0,29.77,Winter
2023-02-15,S001,P0003,Play-Doh Bundle,Toys,West,226,58,55,61,27.99,10,Windy,0,27.16,Winter
2023-02-16,S001,P0003,Play-Doh Bundle,Toys,West,133,51,40,51,27.99,5,Rainy,0,26.17,Winter
2023-02-17,S001,P0003,Play-Doh Bundle,Toys,West,121,43,38,44,27.99,15,Rainy,0,26.27,Winter
2023-02-18,S001,P0003,Play-Doh Bundle,Toys,West,163,51,44,46,27.99,0,Windy,0,25.5,Winter
2023-02-19,S001,P0003,Play-Doh Bundle,Toys,West,205,59,52,59,27.99,10,Rainy,0,25.73,Winter
2023-02-20,S001,P0003,Play-Doh Bundle,Toys,West,104,63,86,59,27.99,5,Windy,0,25.91,Winter
2023-02-21,S001,P0003,Play-Doh Bundle,Toys,West,168,64,73,70,27.99,0,Rainy,0,25.34,Winter
2023-02-22,S001,P0003,Play-Doh Bundle,Toys,West,142,60,61,64,27.99,0,Cloudy,0,30.12,Winter
2023-02-23,S001,P0003,Play-Doh Bundle,Toys,West,129,51,63,49,27.99,0,Windy,0,28.9,Winter
2023-02-24,S001,P0003,Play-Doh Bundle,Toys,West,106,46,60,43,27.99,0,Windy,0,26.91,Winter
2023-02-25,S001,P0003,Play-Doh Bundle,Toys,West,100,47,42,47,27.99,0,Windy,0,25.82,Winter
2023-02-26,S001,P0003,Play-Doh Bundle,Toys,West,210,57,57,53,27.99,5,Cloudy,0,29.59,Winter
2023-02-27,S001,P0003,Play-Doh Bundle,Toys,West,117,67,75,66,27.99,5,Cloudy,0,27.02,Winter
2023-02-28,S001,P0003,Play-Doh Bundle,Toys,West,237,60,54,56,27.99,0,Cloudy,0,28.38,Winter
2023-03-01,S001,P0003,Play-Doh Bundle,Toys,West,118,56,59,57,27.99,0,Sunny,0,26.77,Spring
2023-03-02,S001,P0003,Play-Doh Bundle,Toys,West,101,45,41,49,27.99,15,Windy,0,27.11,Spring
2023-03-03,S001,P0003,Play-Doh Bundle,Toys,West,137,49,49,52,27.99,10,Windy,0,29.4,Spring
2023-03-04,S001,P0003,Play-Doh Bundle,Toys,West,147,49,50,44,27.99,0,Sunny,0,28.27,Spring
2023-03-05,S001,P0003,Play-Doh Bundle,Toys,West,170,57,64,54,27.99,5,Windy,0,30.63,Spring
2023-03-06,S001,P0003,Play-Doh Bundle,Toys,West,181,57,61,54,27.99,5,Windy,0,27.15,Spring
2023-03-07,S001,P0003,Play-Doh Bundle,Toys,West,230,73,96,70,27.99,0,Sunny,0,27.05,Spring
2023-03-08,S001,P0003,Play-Doh Bundle,Toys,West,106,57,77,55,27.99,5,Rainy,0,26.17,Spring
2023-03-09,S001,P0003,Play-Doh Bundle,Toys,West,110,52,62,48,27.99,15,Sunny,0,26.28,Spring
2023-03-10,S001,P0003,Play-Doh Bundle,Toys,West,89,48,38,48,27.99,15,Cloudy,0,27.02,Spring
2023-03-11,S001,P0003,Play-Doh Bundle,Toys,West,174,44,53,47,27.99,0,Windy,0,29.4,Spring
2023-03-12,S001,P0003,Play-Doh Bundle,Toys,West,130,53,52,55,27.99,5,Rainy,0,30.51,Spring
2023-03-13,S001,P0003,Play-Doh Bundle,Toys,West,143,64,69,65,27.99,5,Rainy,0,27.58,Spring
2023-03-14,S001,P0003,Play-Doh Bundle,Toys,West,230,78,62,79,27.99,10,Sunny,0,30.31,Spring
2023-03-15,S001,P0003,Play-Doh Bundle,Toys,West,179,61,66,61,27.99,0,Rainy,0,25.57,Spring
2023-03-16,S001,P0003,Play-Doh Bundle,Toys,West,211,56,63,56,27.99,15,Sunny,0,28.54,Spring
2023-03-17,S001,P0003,Play-Doh Bundle,Toys,West,160,49,40,51,27.99,0,Sunny,0,26.8,Spring
2023-03-18,S001,P0003,Play-Doh Bundle,Toys,West,147,48,44,47,27.99,5,Sunny,0,28.58,Spring
2023-03-19,S001,P0003,Play-Doh Bundle,Toys,West,132,51,50,52,27.99,0,Windy,0,28.63,Spring
2023-03-20,S001,P0003,Play-Doh Bundle,Toys,West,202,67,83,70,27.99,0,Sunny,0,26.89,Spring
2023-03-21,S001,P0003,Play-Doh Bundle,Toys,West,111,57,59,52,27.99,0,Sunny,0,25.82,Spring
2023-03-22,S001,P0003,Play-Doh Bundle,Toys,West,140,65,79,59,27.99,5,Sunny,0,27.38,Spring
2023-03-23,S001,P0003,Play-Doh Bundle,Toys,West,176,51,52,52,27.99,10,Rainy,0,26.46,Spring
2023-03-24,S001,P0003,Play-Doh Bundle,Toys,West,63,37,39,34,27.99,5,Windy,0,27.68,Spring
2023-03-25,S001,P0003,Play-Doh Bundle,Toys,West,110,46,44,43,27.99,5,Windy,0,30.3,Spring
2023-03-26,S001,P0003,Play-Doh Bundle,Toys,West,104,57,71,56,27.99,10,Rainy,0,28.15,Spring
2023-03-27,S001,P0003,Play-Doh Bundle,Toys,West,123,61,74,58,27.99,0,Sunny,0,30.18,Spring
2023-03-28,S001,P0003,Play-Doh Bundle,Toys,West,239,67,78,71,27.99,5,Rainy,0,28.27,Spring
2023-03-29,S001,P0003,Play-Doh Bundle,Toys,West,206,55,49,55,27.99,5,Cloudy,0,29.41,Spring
2023-03-30,S001,P0003,Play-Doh Bundle,Toys,West,165,45,46,42,27.99,0,Rainy,0,27.55,Spring
2023-03-31,S001,P0003,Play-Doh Bundle,Toys,West,73,44,40,46,27.99,0,Rainy,0,30.18,Spring
2023-04-01,S001,P0003,Play-Doh Bundle,Toys,West,81,46,51,49,27.99,5,Sunny,0,26.82,Spring
2023-04-02,S001,P0003,Play-Doh Bundle,Toys,West,195,52,68,47,27.99,0,Rainy,0,29.8,Spring
2023-04-03,S001,P0003,Play-Doh Bundle,Toys,West,109,66,82,66,27.99,0,Sunny,0,30.25,Spring
2023-04-04,S001,P0003,Play-Doh Bundle,Toys,West,96,59,69,62,27.99,10,Cloudy,0,28.27,Spring
2023-04-05,S001,P0003,Play-Doh Bundle,Toys,West,189,59,50,55,27.99,20,Rainy,0,30.77,Spring
2023-04-06,S001,P0003,Play-Doh Bundle,Toys,West,85,49,61,44,27.99,0,Windy,0,25.57,Spring
2023-04-07,S001,P0003,Play-Doh Bundle,Toys,West,136,39,51,40,27.99,15,Windy,0,30.26,Spring
2023-04-08,S001,P0003,Play-Doh Bundle,Toys,West,89,41,54,42,27.99,0,Cloudy,0,30.2,Spring
2023-04-09,S001,P0003,Play-Doh Bundle,Toys,West,205,53,61,54,27.99,0,Sunny,0,27.32,Spring
2023-04-10,S001,P0003,Play-Doh Bundle,Toys,West,210,68,86,73,27.99,10,Windy,0,29.0,Spring
2023-04-11,S001,P0003,Play-Doh Bundle,Toys,West,125,64,87,69,27.99,0,Sunny,0,25.4,Spring
2023-04-12,S001,P0003,Play-Doh Bundle,Toys,West,169,50,62,45,27.99,0,Windy,0,28.6,Spring
2023-04-13,S001,P0003,Play-Doh Bundle,Toys,West,103,38,35,34,27.99,0,Rainy,0,30.29,Spring
2023-04-14,S001,P0003,Play-Doh Bundle,Toys,West,172,45,48,44,27.99,10,Sunny,0,27.2,Spring
2023-04-15,S001,P0003,Play-Doh Bundle,Toys,West,104,44,54,46,27.99,5,Sunny,0,26.55,Spring
2023-04-16,S001,P0003,Play-Doh Bundle,Toys,West,115,56,46,58,27.99,5,Windy,0,28.26,Spring
2023-04-17,S001,P0003,Play-Doh Bundle,Toys,West,94,55,76,60,27.99,10,Sunny,0,30.04,Spring
2023-04-18,S001,P0003,Play-Doh Bundle,Toys,West,207,62,82,65,27.99,0,Cloudy,0,29.74,Spring
2023-04-19,S001,P0003,Play-Doh Bundle,Toys,West,209,59,71,54,27.99,0,Sunny,0,29.51,Spring
2023-04-20,S001,P0003,Play-Doh Bundle,Toys,West,128,46,61,47,27.99,5,Sunny,0,27.41,Spring
2023-04-21,S001,P0003,Play-Doh Bundle,Toys,West,123,41,51,41,27.99,0,Rainy,0,29.26,Spring
2023-04-22,S001,P0003,Play-Doh Bundle,Toys,West,157,44,36,46,27.99,10,Rainy,0,28.07,Spring
2023-04-23,S001,P0003,Play-Doh Bundle,Toys,West,169,53,65,53,27.99,0,Rainy,0,26.87,Spring
2023-04-24,S001,P0003,Play-Doh Bundle,Toys,West,137,58,60,60,27.99,0,Windy,0,29.92,Spring
2023-04-25,S001,P0003,Play-Doh Bundle,Toys,West,121,63,64,58,27.99,10,Cloudy,0,26.58,Spring
2023-04-26,S001,P0003,Play-Doh Bundle,Toys,West,184,53,63,50,27.99,5,Rainy,0,27.05,Spring
2023-04-27,S001,P0003,Play-Doh Bundle,Toys,West,120,42,36,45,27.99,5,Windy,0,27.84,Spring
2023-04-28,S001,P0003,Play-Doh Bundle,Toys,West,114,47,46,44,27.99,0,Rainy,0,28.37,Spring
2023-04-29,S001,P0003,Play-Doh Bundle,Toys,West,152,41,55,38,27.99,0,Rainy,0,29.59,Spring
2023-04-30,S001,P0003,Play-Doh Bundle,Toys,West,175,48,39,45,27.99,20,Sunny,0,25.43,Spring
2023-05-01,S001,P0003,Play-Doh Bundle,Toys,West,165,56,62,56,27.99,10,Windy,0,28.56,Spring
2023-05-02,S001,P0003,Play-Doh Bundle,Toys,West,180,58,71,60,27.99,0,Cloudy,0,27.05,Spring
2023-05-03,S001,P0003,Play-Doh Bundle,Toys,West,171,52,45,48,27.99,10,Rainy,0,26.81,Spring
2023-05-04,S001,P0003,Play-Doh Bundle,Toys,West,84,45,40,44,27.99,0,Rainy,0,28.59,Spring
2023-05-05,S001,P0003,Play-Doh Bundle,Toys,West,131,40,38,38,27.99,0,Sunny,0,29.59,Spring
2023-05-06,S001,P0003,Play-Doh Bundle,Toys,West,117,43,35,40,27.99,20,Sunny,0,26.08,Spring
2023-05-07,S001,P0003,Play-Doh Bundle,Toys,West,70,41,56,41,27.99,10,Cloudy,0,29.93,Spring
2023-05-08,S001,P0003,Play-Doh Bundle,Toys,West,216,63,54,67,27.99,0,Rainy,0,28.15,Spring
2023-05-09,S001,P0003,Play-Doh Bundle,Toys,West,200,56,45,51,27.99,0,Windy,0,27.79,Spring
2023-05-10,S001,P0003,Play-Doh Bundle,Toys,West,166,54,63,51,27.99,15,Windy,0,25.94,Spring
2023-05-11,S001,P0003,Play-Doh Bundle,Toys,West,70,40,44,38,27.99,20,Rainy,0,28.52,Spring
2023-05-12,S001,P0003,Play-Doh Bundle,Toys,West,130,38,50,36,27.99,10,Cloudy,0,27.8,Spring
2023-05-13,S001,P0003,Play-Doh Bundle,Toys,West,131,39,38,39,27.99,0,Cloudy,0,29.78,Spring
2023-05-14,S001,P0003,Play-Doh Bundle,Toys,West,192,52,43,57,27.99,10,Sunny,0,26.58,Spring
2023-05-15,S001,P0003,Play-Doh Bundle,Toys,West,110,52,49,52,27.99,0,Sunny,0,27.4,Spring
2023-05-16,S001,P0003,Play-Doh Bundle,Toys,West,211,59,71,60,27.99,5,Sunny,0,26.02,Spring
2023-05-17,S001,P0003,Play-Doh Bundle,Toys,West,76,48,46,43,27.99,10,Rainy,0,27.25,Spring
2023-05-18,S001,P0003,Play-Doh Bundle,Toys,West,99,42,45,41,27.99,5,Rainy,0,25.45,Spring
2023-05-19,S001,P0003,Play-Doh Bundle,Toys,West,117,38,42,34,27.99,0,Cloudy,0,26.92,Spring
2023-05-20,S001,P0003,Play-Doh Bundle,Toys,West,83,44,48,42,27.99,0,Rainy,0,29.08,Spring
2023-05-21,S001,P0003,Play-Doh Bundle,Toys,West,137,40,38,40,27.99,0,Rainy,0,27.35,Spring
2023-05-22,S001,P0003,Play-Doh Bundle,Toys,West,136,48,67,52,27.99,0,Windy,0,26.43,Spring
2023-05-23,S001,P0003,Play-Doh Bundle,Toys,West,111,47,42,48,27.99,10,Windy,0,28.21,Spring
2023-05-24,S001,P0003,Play-Doh Bundle,Toys,West,107,46,55,44,27.99,10,Rainy,0,25.43,Spring
2023-05-25,S001,P0003,Play-Doh Bundle,Toys,West,155,40,43,36,27.99,0,Cloudy,0,30.58,Spring
2023-05-26,S001,P0003,Play-Doh Bundle,Toys,West,96,33,33,33,27.99,15,Rainy,0,29.76,Spring
2023-05-27,S001,P0003,Play-Doh Bundle,Toys,West,131,37,39,34,27.99,15,Rainy,0,26.07,Spring
2023-05-28,S001,P0003,Play-Doh Bundle,Toys,West,107,39,46,41,27.99,0,Rainy,0,29.57,Spring
2023-05-29,S001,P0003,Play-Doh Bundle,Toys,West,163,48,58,43,27.99,15,Sunny,0,25.87,Spring
2023-05-30,S001,P0003,Play-Doh Bundle,Toys,West,107,57,73,59,27.99,0,Rainy,0,30.5,Spring
2023-05-31,S001,P0003,Play-Doh Bundle,Toys,West,186,50,43,53,27.99,20,Sunny,0,30.07,Spring
2023-06-01,S001,P0003,Play-Doh Bundle,Toys,West,75,42,56,39,27.99,0,Windy,0,27.25,Summer
2023-06-02,S001,P0003,Play-Doh Bundle,Toys,West,61,34,27,37,27.99,0,Cloudy,0,30.3,Summer
2023-06-03,S001,P0003,Play-Doh Bundle,Toys,West,69,34,35,33,27.99,0,Windy,0,25.22,Summer
2023-06-04,S001,P0003,Play-Doh Bundle,Toys,West,163,41,45,40,27.99,10,Windy,0,25.73,Summer
2023-06-05,S001,P0003,Play-Doh Bundle,Toys,West,137,50,52,50,27.99,0,Cloudy,0,29.94,Summer
2023-06-06,S001,P0003,Play-Doh Bundle,Toys,West,86,55,45,50,27.99,0,Rainy,0,29.72,Summer
2023-06-07,S001,P0003,Play-Doh Bundle,Toys,West,154,50,52,46,27.99,15,Rainy,0,27.44,Summer
2023-06-08,S001,P0003,Play-Doh Bundle,Toys,West,154,42,45,39,27.99,0,Sunny,0,25.95,Summer
2023-06-09,S001,P0003,Play-Doh Bundle,Toys,West,55,34,27,31,27.99,15,Cloudy,0,29.73,Summer
2023-06-10,S001,P0003,Play-Doh Bundle,Toys,West,113,37,37,33,27.99,5,Sunny,0,26.27,Summer
2023-06-11,S001,P0003,Play-Doh Bundle,Toys,West,123,42,35,38,27.99,0,Windy,0,29.67,Summer
2023-06-12,S001,P0003,Play-Doh Bundle,Toys,West,100,48,48,50,27.99,0,Rainy,0,25.84,Summer
2023-06-13,S001,P0003,Play-Doh Bundle,Toys,West,171,57,78,55,27.99,5,Sunny,0,25.56,Summer
2023-06-14,S001,P0003,Play-Doh Bundle,Toys,West,123,40,35,40,27.99,5,Rainy,0,29.92,Summer
2023-06-15,S001,P0003,Play-Doh Bundle,Toys,West,100,39,53,42,27.99,10,Sunny,0,25.91,Summer
2023-06-16,S001,P0003,Play-Doh Bundle,Toys,West,114,38,32,37,27.99,0,Cloudy,0,30.52,Summer
2023-06-17,S001,P0003,Play-Doh Bundle,Toys,West,112,33,34,30,27.99,0,Cloudy,0,30.02,Summer
2023-06-18,S001,P0003,Play-Doh Bundle,Toys,West,65,40,40,41,27.99,0,Sunny,0,25.56,Summer
2023-06-19,S001,P0003,Play-Doh Bundle,Toys,West,97,46,36,46,27.99,0,Cloudy,0,25.84,Summer
2023-06-20,S001,P0003,Play-Doh Bundle,Toys,West,148,48,59,45,27.99,0,Cloudy,0,26.57,Summer
2023-06-21,S001,P0003,Play-Doh Bundle,Toys,West,79,40,36,39,27.99,20,Cloudy,0,26.25,Summer
2023-06-22,S001,P0003,Play-Doh Bundle,Toys,West,69,40,47,40,27.99,0,Rainy,0,29.52,Summer
2023-06-23,S001,P0003,Play-Doh Bundle,Toys,West,136,36,44,38,27.99,0,Rainy,0,29.23,Summer
2023-06-24,S001,P0003,Play-Doh Bundle,Toys,West,81,37,38,34,27.99,0,Rainy,0,25.43,Summer
2023-06-25,S001,P0003,Play-Doh Bundle,Toys,West,149,39,47,39,27.99,0,Cloudy,0,27.1,Summer
2023-06-26,S001,P0003,Play-Doh Bundle,Toys,West,175,47,55,47,27.99,5,Rainy,0,27.13,Summer
2023-06-27,S001,P0003,Play-Doh Bundle,Toys,West,177,45,47,44,27.99,5,Cloudy,0,27.59,Summer
2023-06-28,S001,P0003,Play-Doh Bundle,Toys,West,170,43,52,41,27.99,0,Windy,0,27.6,Summer
2023-06-29,S001,P0003,Play-Doh Bundle,Toys,West,121,43,55,44,27.99,0,Cloudy,0,26.3,Summer
2023-06-30,S001,P0003,Play-Doh Bundle,Toys,West,112,34,32,34,27.99,10,Windy,0,29.89,Summer
2023-07-01,S001,P0003,Play-Doh Bundle,Toys,West,63,32,34,29,27.99,0,Rainy,0,27.52,Summer
2023-07-02,S001,P0003,Play-Doh Bundle,Toys,West,76,41,44,45,27.99,10,Sunny,0,27.98,Summer
2023-07-03,S001,P0003,Play-Doh Bundle,Toys,West,80,41,36,42,27.99,5,Rainy,0,27.41,Summer
2023-07-04,S001,P0003,Play-Doh Bundle,Toys,West,67,43,56,38,27.99,0,Cloudy,0,27.33,Summer
2023-07-05,S001,P0003,Play-Doh Bundle,Toys,West,84,40,35,40,27.99,5,Rainy,0,29.09,Summer
2023-07-06,S001,P0003,Play-Doh Bundle,Toys,West,93,36,38,33,27.99,0,Cloudy,0,26.01,Summer
2023-07-07,S001,P0003,Play-Doh Bundle,Toys,West,62,35,38,33,27.99,5,Rainy,0,27.72,Summer
2023-07-08,S001,P0003,Play-Doh Bundle,Toys,West,131,35,38,37,27.99,0,Windy,0,27.16,Summer
2023-07-09,S001,P0003,Play-Doh Bundle,Toys,West,104,41,49,43,27.99,0,Sunny,0,28.36,Summer
2023-07-10,S001,P0003,Play-Doh Bundle,Toys,West,79,41,33,43,27.99,5,Sunny,0,25.7,Summer
2023-07-11,S001,P0003,Play-Doh Bundle,Toys,West,171,44,51,42,27.99,15,Sunny,0,29.86,Summer
2023-07-12,S001,P0003,Play-Doh Bundle,Toys,West,110,43,43,46,27.99,0,Rainy,0,28.83,Summer
2023-07-13,S001,P0003,Play-Doh Bundle,Toys,West,91,34,32,36,27.99,0,Windy,0,25.97,Summer
2023-07-14,S001,P0003,Play-Doh Bundle,Toys,West,101,31,33,33,27.99,0,Sunny,0,29.68,Summer
2023-07-15,S001,P0003,Play-Doh Bundle,Toys,West,53,34,36,32,27.99,0,Sunny,0,28.51,Summer
2023-07-16,S001,P0003,Play-Doh Bundle,Toys,West,60,38,46,35,27.99,0,Rainy,0,29.39,Summer
2023-07-17,S001,P0003,Play-Doh Bundle,Toys,West,154,45,43,44,27.99,0,Rainy,0,25.68,Summer
2023-07-18,S001,P0003,Play-Doh Bundle,Toys,West,145,50,55,54,27.99,10,Cloudy,0,30.18,Summer
2023-07-19,S001,P0003,Play-Doh Bundle,Toys,West,156,41,55,45,27.99,10,Cloudy,0,25.93,Summer
2023-07-20,S001,P0003,Play-Doh Bundle,Toys,West,133,38,45,36,27.99,10,Cloudy,0,26.34,Summer
2023-07-21,S001,P0003,Play-Doh Bundle,Toys,West,92,33,29,34,27.99,0,Windy,0,25.69,Summer
2023-07-22,S001,P0003,Play-Doh Bundle,Toys,West,108,30,30,31,27.99,5,Windy,0,29.93,Summer
2023-07-23,S001,P0003,Play-Doh Bundle,Toys,West,65,35,42,35,27.99,20,Sunny,0,28.17,Summer
2023-07-24,S001,P0003,Play-Doh Bundle,Toys,West,111,41,47,38,27.99,10,Sunny,0,30.03,Summer
2023-07-25,S001,P0003,Play-Doh Bundle,Toys,West,125,42,38,44,27.99,0,Cloudy,0,28.43,Summer
2023-07-26,S001,P0003,Play-Doh Bundle,Toys,West,87,41,43,44,27.99,0,Cloudy,0,27.82,Summer
2023-07-27,S001,P0003,Play-Doh Bundle,Toys,West,90,37,39,35,27.99,10,Rainy,0,26.04,Summer
2023-07-28,S001,P0003,Play-Doh Bundle,Toys,West,125,34,45,36,27.99,10,Cloudy,0,26.78,Summer
2023-07-29,S001,P0003,Play-Doh Bundle,Toys,West,128,33,40,32,27.99,5,Cloudy,0,29.05,Summer
2023-07-30,S001,P0003,Play-Doh Bundle,Toys,West,140,37,46,36,27.99,10,Windy,0,27.99,Summer
2023-07-31,S001,P0003,Play-Doh Bundle,Toys,West,142,37,40,36,27.99,0,Cloudy,0,27.14,Summer
2023-08-01,S001,P0003,Play-Doh Bundle,Toys,West,126,45,39,48,27.99,5,Windy,0,27.61,Summer
2023-08-02,S001,P0003,Play-Doh Bundle,Toys,West,118,41,50,44,27.99,0,Cloudy,0,25.48,Summer
2023-08-03,S001,P0003,Play-Doh Bundle,Toys,West,114,35,33,32,27.99,20,Cloudy,0,30.09,Summer
2023-08-04,S001,P0003,Play-Doh Bundle,Toys,West,95,36,44,38,27.99,0,Cloudy,0,28.88,Summer
2023-08-05,S001,P0003,Play-Doh Bundle,Toys,West,67,35,46,33,27.99,10,Sunny,0,30.66,Summer
2023-08-06,S001,P0003,Play-Doh Bundle,Toys,West,73,40,47,38,27.99,0,Sunny,0,25.94,Summer
2023-08-07,S001,P0003,Play-Doh Bundle,Toys,West,135,40,51,37,27.99,5,Sunny,0,29.75,Summer
2023-08-08,S001,P0003,Play-Doh Bundle,Toys,West,86,43,34,43,27.99,0,Rainy,0,26.28,Summer
2023-08-09,S001,P0003,Play-Doh Bundle,Toys,West,156,40,37,41,27.99,10,Sunny,0,25.29,Summer
2023-08-10,S001,P0003,Play-Doh Bundle,Toys,West,85,33,45,33,27.99,10,Sunny,0,26.07,Summer
2023-08-11,S001,P0003,Play-Doh Bundle,Toys,West,64,32,42,33,27.99,0,Sunny,0,28.15,Summer
2023-08-12,S001,P0003,Play-Doh Bundle,Toys,West,114,33,27,29,27.99,5,Cloudy,0,25.83,Summer
2023-08-13,S001,P0003,Play-Doh Bundle,Toys,West,93,35,30,34,27.99,0,Rainy,0,25.8,Summer
2023-08-14,S001,P0003,Play-Doh Bundle,Toys,West,137,46,47,46,27.99,15,Cloudy,0,26.95,Summer
2023-08-15,S001,P0003,Play-Doh Bundle,Toys,West,129,44,48,47,27.99,15,Rainy,0,29.74,Summer
2023-08-16,S001,P0003,Play-Doh Bundle,Toys,West,67,36,43,35,27.99,0,Windy,0,29.02,Summer
2023-08-17,S001,P0003,Play-Doh Bundle,Toys,West,76,34,33,33,27.99,10,Cloudy,0,28.93,Summer
2023-08-18,S001,P0003,Play-Doh Bundle,Toys,West,85,32,39,32,27.99,10,Cloudy,0,29.18,Summer
2023-08-19,S001,P0003,Play-Doh Bundle,Toys,West,113,34,41,32,27.99,0,Sunny,0,29.98,Summer
2023-08-20,S001,P0003,Play-Doh Bundle,Toys,West,123,37,50,39,27.99,0,Rainy,0,27.44,Summer
2023-08-21,S001,P0003,Play-Doh Bundle,Toys,West,179,45,51,41,27.99,5,Sunny,0,29.62,Summer
2023-08-22,S001,P0003,Play-Doh Bundle,Toys,West,95,45,45,47,27.99,0,Sunny,0,27.8,Summer
2023-08-23,S001,P0003,Play-Doh Bundle,Toys,West,123,37,51,39,27.99,15,Windy,0,28.88,Summer
2023-08-24,S001,P0003,Play-Doh Bundle,Toys,West,123,31,29,32,27.99,0,Cloudy,0,29.94,Summer
2023-08-25,S001,P0003,Play-Doh Bundle,Toys,West,119,33,26,32,27.99,0,Cloudy,0,27.29,Summer
2023-08-26,S001,P0003,Play-Doh Bundle,Toys,West,132,35,34,35,27.99,5,Cloudy,0,30.1,Summer
2023-08-27,S001,P0003,Play-Doh Bundle,Toys,West,62,39,53,35,27.99,10,Rainy,0,28.41,Summer
2023-08-28,S001,P0003,Play-Doh Bundle,Toys,West,89,48,43,50,27.99,10,Rainy,0,26.03,Summer
2023-08-29,S001,P0003,Play-Doh Bundle,Toys,West,159,48,57,45,27.99,0,Cloudy,0,30.62,Summer
2023-08-30,S001,P0003,Play-Doh Bundle,Toys,West,69,43,40,41,27.99,0,Cloudy,0,30.79,Summer
2023-08-31,S001,P0003,Play-Doh Bundle,Toys,West,51,33,36,30,27.99,0,Cloudy,0,30.75,Summer
2023-09-01,S001,P0003,Play-Doh Bundle,Toys,West,56,35,37,32,27.99,10,Cloudy,0,25.88,Autumn
2023-09-02,S001,P0003,Play-Doh Bundle,Toys,West,93,34,42,36,27.99,5,Sunny,0,30.36,Autumn
2023-09-03,S001,P0003,Play-Doh Bundle,Toys,West,79,37,48,33,27.99,5,Sunny,0,28.32,Autumn
2023-09-04,S001,P0003,Play-Doh Bundle,Toys,West,90,41,54,38,27.99,10,Sunny,0,25.63,Autumn
2023-09-05,S001,P0003,Play-Doh Bundle,Toys,West,112,46,60,42,27.99,0,Windy,0,30.09,Autumn
2023-09-06,S001,P0003,Play-Doh Bundle,Toys,West,94,36,36,33,27.99,0,Rainy,0,27.64,Autumn
2023-09-07,S001,P0003,Play-Doh Bundle,Toys,West,108,37,40,37,27.99,5,Windy,0,30.22,Autumn
2023-09-08,S001,P0003,Play-Doh Bundle,Toys,West,84,30,35,30,27.99,5,Cloudy,0,28.69,Autumn
2023-09-09,S001,P0003,Play-Doh Bundle,Toys,West,115,34,46,37,27.99,0,Cloudy,0,29.79,Autumn
2023-09-10,S001,P0003,Play-Doh Bundle,Toys,West,124,37,33,36,27.99,5,Rainy,0,25.21,Autumn
2023-09-11,S001,P0003,Play-Doh Bundle,Toys,West,157,43,47,40,27.99,20,Cloudy,0,29.07,Autumn
2023-09-12,S001,P0003,Play-Doh Bundle,Toys,West,150,43,60,41,27.99,0,Windy,0,26.69,Autumn
2023-09-13,S001,P0003,Play-Doh Bundle,Toys,West,101,41,33,37,27.99,0,Sunny,0,26.71,Autumn
2023-09-14,S001,P0003,Play-Doh Bundle,Toys,West,136,41,35,44,27.99,0,Sunny,0,25.8,Autumn
2023-09-15,S001,P0003,Play-Doh Bundle,Toys,West,115,35,33,35,27.99,0,Sunny,0,25.82,Autumn
2023-09-16,S001,P0003,Play-Doh Bundle,Toys,West,61,34,35,36,27.99,20,Windy,0,26.69,Autumn
2023-09-17,S001,P0003,Play-Doh Bundle,Toys,West,85,39,31,38,27.99,10,Sunny,0,25.26,Autumn
2023-09-18,S001,P0003,Play-Doh Bundle,Toys,West,149,48,55,45,27.99,15,Cloudy,0,28.98,Autumn
2023-09-19,S001,P0003,Play-Doh Bundle,Toys,West,185,50,57,52,27.99,0,Rainy,0,26.66,Autumn
2023-09-20,S001,P0003,Play-Doh Bundle,Toys,West,130,40,51,39,27.99,0,Rainy,0,29.77,Autumn
2023-09-21,S001,P0003,Play-Doh Bundle,Toys,West,84,36,42,33,27.99,0,Sunny,0,25.59,Autumn
2023-09-22,S001,P0003,Play-Doh Bundle,Toys,West,109,29,28,29,27.99,0,Rainy,0,28.94,Autumn
2023-09-23,S001,P0003,Play-Doh Bundle,Toys,West,103,37,37,37,27.99,5,Windy,0,30.56,Autumn
2023-09-24,S001,P0003,Play-Doh Bundle,Toys,West,117,46,45,49,27.99,10,Cloudy,0,29.95,Autumn
2023-09-25,S001,P0003,Play-Doh Bundle,Toys,West,151,46,59,45,27.99,0,Sunny,0,26.27,Autumn
2023-09-26,S001,P0003,Play-Doh Bundle,Toys,West,96,40,39,40,27.99,10,Cloudy,0,29.01,Autumn
2023-09-27,S001,P0003,Play-Doh Bundle,Toys,West,116,45,60,40,27.99,0,Cloudy,0,27.75,Autumn
2023-09-28,S001,P0003,Play-Doh Bundle,Toys,West,130,35,40,37,27.99,5,Rainy,0,27.17,Autumn
2023-09-29,S001,P0003,Play-Doh Bundle,Toys,West,118,32,36,31,27.99,15,Sunny,0,27.72,Autumn
2023-09-30,S001,P0003,Play-Doh Bundle,Toys,West,138,37,47,36,27.99,0,Sunny,0,27.11,Autumn
2023-10-01,S001,P0003,Play-Doh Bundle,Toys,West,138,42,47,39,27.99,0,Cloudy,0,28.68,Autumn
2023-10-02,S001,P0003,Play-Doh Bundle,Toys,West,81,45,48,44,27.99,20,Cloudy,0,28.17,Autumn
2023-10-03,S001,P0003,Play-Doh Bundle,Toys,West,87,46,41,49,27.99,5,Sunny,0,26.93,Autumn
2023-10-04,S001,P0003,Play-Doh Bundle,Toys,West,138,45,58,47,27.99,5,Cloudy,0,28.69,Autumn
2023-10-05,S001,P0003,Play-Doh Bundle,Toys,West,91,37,38,36,27.99,0,Windy,0,25.91,Autumn
2023-10-06,S001,P0003,Play-Doh Bundle,Toys,West,79,32,26,30,27.99,0,Sunny,0,28.43,Autumn
2023-10-07,S001,P0003,Play-Doh Bundle,Toys,West,99,35,45,37,27.99,10,Windy,0,25.74,Autumn
2023-10-08,S001,P0003,Play-Doh Bundle,Toys,West,66,43,49,45,27.99,20,Cloudy,0,28.54,Autumn
2023-10-09,S001,P0003,Play-Doh Bundle,Toys,West,77,47,37,43,27.99,0,Cloudy,0,25.74,Autumn
2023-10-10,S001,P0003,Play-Doh Bundle,Toys,West,126,45,48,46,27.99,5,Sunny,0,26.71,Autumn
2023-10-11,S001,P0003,Play-Doh Bundle,Toys,West,184,49,52,44,27.99,10,Sunny,0,29.66,Autumn
2023-10-12,S001,P0003,Play-Doh Bundle,Toys,West,81,32,30,29,27.99,15,Cloudy,0,30.28,Autumn
2023-10-13,S001,P0003,Play-Doh Bundle,Toys,West,77,34,40,36,27.99,5,Rainy,0,27.85,Autumn
2023-10-14,S001,P0003,Play-Doh Bundle,Toys,West,86,35,35,35,27.99,10,Windy,0,30.66,Autumn
2023-10-15,S001,P0003,Play-Doh Bundle,Toys,West,108,44,45,44,27.99,5,Cloudy,0,27.18,Autumn
2023-10-16,S001,P0003,Play-Doh Bundle,Toys,West,125,51,52,52,27.99,10,Cloudy,0,28.86,Autumn
2023-10-17,S001,P0003,Play-Doh Bundle,Toys,West,144,55,67,57,27.99,5,Sunny,0,29.93,Autumn
2023-10-18,S001,P0003,Play-Doh Bundle,Toys,West,104,45,55,45,27.99,0,Sunny,0,28.3,Autumn
2023-10-19,S001,P0003,Play-Doh Bundle,Toys,West,82,42,47,39,27.99,10,Rainy,0,27.47,Autumn
2023-10-20,S001,P0003,Play-Doh Bundle,Toys,West,101,37,38,39,27.99,5,Cloudy,0,28.14,Autumn
2023-10-21,S001,P0003,Play-Doh Bundle,Toys,West,84,33,42,30,27.99,20,Windy,0,26.79,Autumn
2023-10-22,S001,P0003,Play-Doh Bundle,Toys,West,88,50,55,46,27.99,0,Windy,0,26.26,Autumn
2023-10-23,S001,P0003,Play-Doh Bundle,Toys,West,180,46,54,50,27.99,0,Rainy,0,27.93,Autumn
2023-10-24,S001,P0003,Play-Doh Bundle,Toys,West,158,54,61,48,27.99,0,Rainy,0,28.66,Autumn
2023-10-25,S001,P0003,Play-Doh Bundle,Toys,West,136,50,58,47,27.99,10,Windy,0,30.64,Autumn
2023-10-26,S001,P0003,Play-Doh Bundle,Toys,West,80,42,35,43,27.99,0,Cloudy,0,30.21,Autumn
2023-10-27,S001,P0003,Play-Doh Bundle,Toys,West,143,36,44,34,27.99,10,Windy,0,28.56,Autumn
2023-10-28,S001,P0003,Play-Doh Bundle,Toys,West,84,41,43,38,27.99,0,Cloudy,0,30.76,Autumn
2023-10-29,S001,P0003,Play-Doh Bundle,Toys,West,134,41,42,38,27.99,0,Windy,0,27.08,Autumn
2023-10-30,S001,P0003,Play-Doh Bundle,Toys,West,120,52,48,47,27.99,0,Cloudy,0,30.26,Autumn
2023-10-31,S001,P0003,Play-Doh Bundle,Toys,West,120,52,58,50,27.99,0,Sunny,0,28.09,Autumn
2023-11-01,S001,P0003,Play-Doh Bundle,Toys,West,146,47,53,48,27.99,0,Cloudy,0,27.64,Autumn
2023-11-02,S001,P0003,Play-Doh Bundle,Toys,West,90,44,48,39,27.99,0,Rainy,0,27.03,Autumn
2023-11-03,S001,P0003,Play-Doh Bundle,Toys,West,72,41,34,42,27.99,5,Cloudy,0,29.68,Autumn
2023-11-04,S001,P0003,Play-Doh Bundle,Toys,West,151,39,41,37,27.99,15,Cloudy,0,28.6,Autumn
2023-11-05,S001,P0003,Play-Doh Bundle,Toys,West,152,50,49,45,27.99,5,Windy,0,26.06,Autumn
2023-11-06,S001,P0003,Play-Doh Bundle,Toys,West,206,54,43,55,27.99,0,Sunny,0,30.49,Autumn
2023-11-07,S001,P0003,Play-Doh Bundle,Toys,West,146,52,63,50,27.99,0,Sunny,0,29.77,Autumn
2023-11-08,S001,P0003,Play-Doh Bundle,Toys,West,176,50,69,48,27.99,10,Cloudy,0,29.37,Autumn
2023-11-09,S001,P0003,Play-Doh Bundle,Toys,West,136,43,53,45,27.99,5,Windy,0,27.15,Autumn
2023-11-10,S001,P0003,Play-Doh Bundle,Toys,West,83,38,43,39,27.99,5,Windy,0,29.62,Autumn
2023-11-11,S001,P0003,Play-Doh Bundle,Toys,West,119,43,43,40,27.99,0,Cloudy,0,30.3,Autumn
2023-11-12,S001,P0003,Play-Doh Bundle,Toys,West,192,49,46,51,27.99,0,Cloudy,0,28.4,Autumn
2023-11-13,S001,P0003,Play-Doh Bundle,Toys,West,152,49,59,52,27.99,5,Windy,0,25.57,Autumn
2023-11-14,S001,P0003,Play-Doh Bundle,Toys,West,166,51,55,51,27.99,0,Rainy,0,28.53,Autumn
2023-11-15,S001,P0003,Play-Doh Bundle,Toys,West,185,54,66,56,27.99,0,Windy,0,30.18,Autumn
2023-11-16,S001,P0003,Play-Doh Bundle,Toys,West,168,43,37,44,27.99,5,Rainy,0,29.2,Autumn
2023-11-17,S001,P0003,Play-Doh Bundle,Toys,West,93,42,47,40,27.99,0,Sunny,0,27.19,Autumn
2023-11-18,S001,P0003,Play-Doh Bundle,Toys,West,132,45,46,41,27.99,0,Windy,0,28.35,Autumn
2023-11-19,S001,P0003,Play-Doh Bundle,Toys,West,86,45,52,45,27.99,5,Rainy,0,27.22,Autumn
2023-11-20,S001,P0003,Play-Doh Bundle,Toys,West,197,51,57,46,27.99,0,Windy,0,29.79,Autumn
2023-11-21,S001,P0003,Play-Doh Bundle,Toys,West,228,66,80,72,27.99,0,Sunny,0,26.73,Autumn
2023-11-22,S001,P0003,Play-Doh Bundle,Toys,West,128,56,65,57,27.99,10,Windy,0,25.5,Autumn
2023-11-23,S001,P0003,Play-Doh Bundle,Toys,West,73,45,39,42,27.99,0,Windy,0,28.09,Autumn
2023-11-24,S001,P0003,Play-Doh Bundle,Toys,West,183,51,63,49,27.99,10,Windy,1,30.03,Autumn
2023-11-25,S001,P0003,Play-Doh Bundle,Toys,West,218,65,87,66,27.99,10,Sunny,1,30.17,Autumn
2023-11-26,S001,P0003,Play-Doh Bundle,Toys,West,257,73,60,65,27.99,0,Rainy,1,28.15,Autumn
2023-11-27,S001,P0003,Play-Doh Bundle,Toys,West,398,101,81,105,27.99,0,Rainy,1,30.61,Autumn
2023-11-28,S001,P0003,Play-Doh Bundle,Toys,West,133,85,69,85,27.99,0,Sunny,1,30.71,Autumn
2023-11-29,S001,P0003,Play-Doh Bundle,Toys,West,182,78,84,71,27.99,20,Sunny,1,28.55,Autumn
2023-11-30,S001,P0003,Play-Doh Bundle,Toys,West,142,47,62,42,27.99,0,Rainy,0,26.47,Autumn
2023-12-01,S001,P0003,Play-Doh Bundle,Toys,West,72,40,35,41,27.99,0,Sunny,0,29.33,Winter
2023-12-02,S001,P0003,Play-Doh Bundle,Toys,West,167,44,52,41,27.99,15,Sunny,0,25.67,Winter
2023-12-03,S001,P0003,Play-Doh Bundle,Toys,West,167,43,59,41,27.99,0,Cloudy,0,28.05,Winter
2023-12-04,S001,P0003,Play-Doh Bundle,Toys,West,236,60,55,58,27.99,0,Cloudy,0,27.59,Winter
2023-12-05,S001,P0003,Play-Doh Bundle,Toys,West,149,61,80,56,27.99,0,Windy,0,27.47,Winter
2023-12-06,S001,P0003,Play-Doh Bundle,Toys,West,93,61,58,55,27.99,0,Rainy,0,27.3,Winter
2023-12-07,S001,P0003,Play-Doh Bundle,Toys,West,141,43,58,42,27.99,10,Sunny,0,28.92,Winter
2023-12-08,S001,P0003,Play-Doh Bundle,Toys,West,108,48,53,50,27.99,0,Rainy,0,27.78,Winter
2023-12-09,S001,P0003,Play-Doh Bundle,Toys,West,195,49,42,53,27.99,0,Windy,0,29.89,Winter
2023-12-10,S001,P0003,Play-Doh Bundle,Toys,West,119,59,69,62,27.99,10,Windy,0,29.37,Winter
2023-12-11,S001,P0003,Play-Doh Bundle,Toys,West,119,61,60,60,27.99,0,Rainy,0,29.88,Winter
2023-12-12,S001,P0003,Play-Doh Bundle,Toys,West,216,68,65,67,27.99,10,Rainy,0,27.07,Winter
2023-12-13,S001,P0003,Play-Doh Bundle,Toys,West,80,53,53,50,27.99,0,Windy,0,25.54,Winter
2023-12-14,S001,P0003,Play-Doh Bundle,Toys,West,85,53,62,53,27.99,0,Rainy,0,27.08,Winter
2023-12-15,S001,P0003,Play-Doh Bundle,Toys,West,167,43,49,44,27.99,0,Sunny,0,29.71,Winter
2023-12-16,S001,P0003,Play-Doh Bundle,Toys,West,103,42,50,39,27.99,15,Rainy,0,28.84,Winter
2023-12-17,S001,P0003,Play-Doh Bundle,Toys,West,77,51,70,54,27.99,0,Sunny,0,30.78,Winter
2023-12-18,S001,P0003,Play-Doh Bundle,Toys,West,166,63,82,60,27.99,0,Cloudy,0,27.71,Winter
2023-12-19,S001,P0003,Play-Doh Bundle,Toys,West,111,61,64,58,27.99,5,Cloudy,0,25.95,Winter
2023-12-20,S001,P0003,Play-Doh Bundle,Toys,West,396,121,108,119,27.99,0,Rainy,1,29.18,Winter
2023-12-21,S001,P0003,Play-Doh Bundle,Toys,West,119,69,90,72,27.99,10,Sunny,1,29.47,Winter
2023-12-22,S001,P0003,Play-Doh Bundle,Toys,West,249,83,94,86,27.99,10,Cloudy,1,30.78,Winter
2023-12-23,S001,P0003,Play-Doh Bundle,Toys,West,281,80,99,85,27.99,5,Windy,1,26.27,Winter
2023-12-24,S001,P0003,Play-Doh Bundle,Toys,West,332,112,119,113,27.99,0,Windy,1,29.66,Winter
2023-12-25,S001,P0003,Play-Doh Bundle,Toys,West,323,127,156,119,27.99,15,Cloudy,1,25.31,Winter
2023-12-26,S001,P0003,Play-Doh Bundle,Toys,West,363,127,157,130,27.99,5,Rainy,1,27.2,Winter
2023-12-27,S001,P0003,Play-Doh Bundle,Toys,West,225,126,174,136,27.99,0,Rainy,1,26.64,Winter
2023-12-28,S001,P0003,Play-Doh Bundle,Toys,West,345,107,108,97,27.99,0,Cloudy,1,27.45,Winter
2023-12-29,S001,P0003,Play-Doh Bundle,Toys,West,173,75,67,77,27.99,0,Cloudy,1,26.71,Winter
2023-12-30,S001,P0003,Play-Doh Bundle,Toys,West,286,105,134,114,27.99,5,Rainy,1,25.92,Winter
2023-12-31,S001,P0003,Play-Doh Bundle,Toys,West,375,115,139,112,27.99,15,Cloudy,1,25.22,Winter
2023-01-01,S001,P0004,Board Game Classic,Toys,North,136,45,59,43,32.72,10,Cloudy,0,34.05,Winter
2023-01-02,S001,P0004,Board Game Classic,Toys,North,149,50,69,54,32.72,0,Sunny,0,33.2,Winter
2023-01-03,S001,P0004,Board Game Classic,Toys,North,190,48,60,43,32.72,15,Rainy,0,31.56,Winter
2023-01-04,S001,P0004,Board Game Classic,Toys,North,147,43,53,44,32.72,15,Cloudy,0,32.09,Winter
2023-01-05,S001,P0004,Board Game Classic,Toys,North,87,39,47,40,32.72,10,Cloudy,0,34.97,Winter
2023-01-06,S001,P0004,Board Game Classic,Toys,North,110,33,28,30,32.72,0,Windy,0,29.81,Winter
2023-01-07,S001,P0004,Board Game Classic,Toys,North,146,39,32,41,32.72,15,Cloudy,0,32.78,Winter
2023-01-08,S001,P0004,Board Game Classic,Toys,North,152,41,46,37,32.72,10,Rainy,0,32.7,Winter
2023-01-09,S001,P0004,Board Game Classic,Toys,North,134,46,47,41,32.72,15,Sunny,0,35.44,Winter
2023-01-10,S001,P0004,Board Game Classic,Toys,North,153,47,57,44,32.72,0,Cloudy,0,31.97,Winter
2023-01-11,S001,P0004,Board Game Classic,Toys,North,133,41,52,38,32.72,0,Sunny,0,32.9,Winter
2023-01-12,S001,P0004,Board Game Classic,Toys,North,81,40,50,42,32.72,0,Windy,0,30.38,Winter
2023-01-13,S001,P0004,Board Game Classic,Toys,North,81,32,44,32,32.72,5,Windy,0,35.57,Winter
2023-01-14,S001,P0004,Board Game Classic,Toys,North,102,39,49,37,32.72,0,Cloudy,0,32.8,Winter
2023-01-15,S001,P0004,Board Game Classic,Toys,North,73,38,51,37,32.72,20,Rainy,0,32.51,Winter
2023-01-16,S001,P0004,Board Game Classic,Toys,North,103,48,66,51,32.72,5,Rainy,0,35.97,Winter
2023-01-17,S001,P0004,Board Game Classic,Toys,North,139,53,69,47,32.72,5,Windy,0,34.91,Winter
2023-01-18,S001,P0004,Board Game Classic,Toys,North,120,38,38,37,32.72,0,Sunny,0,32.22,Winter
2023-01-19,S001,P0004,Board Game Classic,Toys,North,90,44,41,44,32.72,0,Sunny,0,31.53,Winter
2023-01-20,S001,P0004,Board Game Classic,Toys,North,60,34,38,31,32.72,10,Sunny,0,33.06,Winter
2023-01-21,S001,P0004,Board Game Classic,Toys,North,95,37,40,34,32.72,5,Rainy,0,32.48,Winter
2023-01-22,S001,P0004,Board Game Classic,Toys,North,139,44,46,46,32.72,0,Rainy,0,30.99,Winter
2023-01-23,S001,P0004,Board Game Classic,Toys,North,82,51,57,54,32.72,0,Cloudy,0,34.48,Winter
2023-01-24,S001,P0004,Board Game Classic,Toys,North,101,51,67,46,32.72,0,Rainy,0,35.05,Winter
2023-01-25,S001,P0004,Board Game Classic,Toys,North,87,49,47,49,32.72,0,Cloudy,0,30.44,Winter
2023-01-26,S001,P0004,Board Game Classic,Toys,North,106,41,41,38,32.72,5,Sunny,0,32.04,Winter
2023-01-27,S001,P0004,Board Game Classic,Toys,North,101,39,33,38,32.72,10,Windy,0,32.77,Winter
2023-01-28,S001,P0004,Board Game Classic,Toys,North,134,38,51,40,32.72,0,Rainy,0,32.99,Winter
2023-01-29,S001,P0004,Board Game Classic,Toys,North,108,49,63,52,32.72,5,Rainy,0,31.2,Winter
2023-01-30,S001,P0004,Board Game Classic,Toys,North,188,52,54,56,32.72,15,Rainy,0,29.63,Winter
2023-01-31,S001,P0004,Board Game Classic,Toys,North,128,44,44,47,32.72,0,Sunny,0,31.11,Winter
2023-02-01,S001,P0004,Board Game Classic,Toys,North,169,55,44,57,32.72,0,Sunny,0,35.85,Winter
2023-02-02,S001,P0004,Board Game Classic,Toys,North,61,38,32,34,32.72,5,Cloudy,0,35.68,Winter
2023-02-03,S001,P0004,Board Game Classic,Toys,North,100,39,35,41,32.72,5,Rainy,0,34.07,Winter
2023-02-04,S001,P0004,Board Game Classic,Toys,North,82,37,40,34,32.72,10,Sunny,0,31.93,Winter
2023-02-05,S001,P0004,Board Game Classic,Toys,North,148,46,60,46,32.72,20,Windy,0,34.11,Winter
2023-02-06,S001,P0004,Board Game Classic,Toys,North,91,47,49,48,32.72,5,Sunny,0,34.26,Winter
2023-02-07,S001,P0004,Board Game Classic,Toys,North,195,53,54,50,32.72,0,Windy,0,34.71,Winter
2023-02-08,S001,P0004,Board Game Classic,Toys,North,124,46,42,47,32.72,0,Sunny,0,34.56,Winter
2023-02-09,S001,P0004,Board Game Classic,Toys,North,169,44,36,40,32.72,0,Windy,0,34.04,Winter
2023-02-10,S001,P0004,Board Game Classic,Toys,North,106,37,36,37,32.72,0,Rainy,0,33.76,Winter
2023-02-11,S001,P0004,Board Game Classic,Toys,North,105,40,47,40,32.72,20,Windy,0,31.1,Winter
2023-02-12,S001,P0004,Board Game Classic,Toys,North,74,37,47,34,32.72,20,Cloudy,0,34.71,Winter
2023-02-13,S001,P0004,Board Game Classic,Toys,North,191,49,59,44,32.72,0,Cloudy,0,33.4,Winter
2023-02-14,S001,P0004,Board Game Classic,Toys,North,111,52,64,54,32.72,0,Rainy,0,31.59,Winter
2023-02-15,S001,P0004,Board Game Classic,Toys,North,102,47,39,47,32.72,15,Rainy,0,31.26,Winter
2023-02-16,S001,P0004,Board Game Classic,Toys,North,95,43,39,44,32.72,5,Sunny,0,33.03,Winter
2023-02-17,S001,P0004,Board Game Classic,Toys,North,103,35,38,33,32.72,10,Windy,0,30.74,Winter
2023-02-18,S001,P0004,Board Game Classic,Toys,North,133,37,46,37,32.72,0,Windy,0,29.7,Winter
2023-02-19,S001,P0004,Board Game Classic,Toys,North,129,47,58,46,32.72,0,Cloudy,0,30.65,Winter
2023-02-20,S001,P0004,Board Game Classic,Toys,North,135,42,34,38,32.72,5,Sunny,0,31.16,Winter
2023-02-21,S001,P0004,Board Game Classic,Toys,North,151,53,46,54,32.72,0,Sunny,0,35.8,Winter
2023-02-22,S001,P0004,Board Game Classic,Toys,North,100,46,37,44,32.72,15,Windy,0,34.08,Winter
2023-02-23,S001,P0004,Board Game Classic,Toys,North,88,37,36,34,32.72,0,Cloudy,0,33.76,Winter
2023-02-24,S001,P0004,Board Game Classic,Toys,North,139,37,31,34,32.72,5,Rainy,0,31.96,Winter
2023-02-25,S001,P0004,Board Game Classic,Toys,North,118,40,33,43,32.72,5,Windy,0,31.8,Winter
2023-02-26,S001,P0004,Board Game Classic,Toys,North,177,46,55,50,32.72,5,Cloudy,0,30.68,Winter
2023-02-27,S001,P0004,Board Game Classic,Toys,North,175,49,54,47,32.72,5,Windy,0,30.37,Winter
2023-02-28,S001,P0004,Board Game Classic,Toys,North,198,54,72,59,32.72,0,Windy,0,35.24,Winter
2023-03-01,S001,P0004,Board Game Classic,Toys,North,187,49,51,50,32.72,0,Rainy,0,34.77,Spring
2023-03-02,S001,P0004,Board Game Classic,Toys,North,144,40,36,37,32.72,5,Cloudy,0,32.33,Spring
2023-03-03,S001,P0004,Board Game Classic,Toys,North,109,34,33,34,32.72,0,Windy,0,30.56,Spring
2023-03-04,S001,P0004,Board Game Classic,Toys,North,79,35,32,33,32.72,5,Sunny,0,30.85,Spring
2023-03-05,S001,P0004,Board Game Classic,Toys,North,88,46,46,47,32.72,5,Sunny,0,33.36,Spring
2023-03-06,S001,P0004,Board Game Classic,Toys,North,187,49,51,46,32.72,0,Rainy,0,35.37,Spring
2023-03-07,S001,P0004,Board Game Classic,Toys,North,142,47,62,42,32.72,5,Rainy,0,33.88,Spring
2023-03-08,S001,P0004,Board Game Classic,Toys,North,87,41,35,44,32.72,0,Windy,0,30.38,Spring
2023-03-09,S001,P0004,Board Game Classic,Toys,North,135,42,51,39,32.72,0,Sunny,0,32.79,Spring
2023-03-10,S001,P0004,Board Game Classic,Toys,North,58,34,28,34,32.72,10,Windy,0,30.43,Spring
2023-03-11,S001,P0004,Board Game Classic,Toys,North,58,38,48,41,32.72,5,Windy,0,35.72,Spring
2023-03-12,S001,P0004,Board Game Classic,Toys,North,122,47,48,50,32.72,15,Windy,0,35.51,Spring
2023-03-13,S001,P0004,Board Game Classic,Toys,North,150,44,40,47,32.72,20,Rainy,0,33.81,Spring
2023-03-14,S001,P0004,Board Game Classic,Toys,North,145,50,68,45,32.72,15,Windy,0,35.1,Spring
2023-03-15,S001,P0004,Board Game Classic,Toys,North,107,46,40,45,32.72,0,Sunny,0,35.68,Spring
2023-03-16,S001,P0004,Board Game Classic,Toys,North,149,40,38,36,32.72,5,Sunny,0,34.52,Spring
2023-03-17,S001,P0004,Board Game Classic,Toys,North,108,38,48,40,32.72,10,Sunny,0,35.77,Spring
2023-03-18,S001,P0004,Board Game Classic,Toys,North,105,33,33,29,32.72,10,Rainy,0,31.02,Spring
2023-03-19,S001,P0004,Board Game Classic,Toys,North,144,44,43,45,32.72,10,Rainy,0,31.17,Spring
2023-03-20,S001,P0004,Board Game Classic,Toys,North,131,52,49,51,32.72,15,Sunny,0,31.98,Spring
2023-03-21,S001,P0004,Board Game Classic,Toys,North,191,49,56,49,32.72,10,Rainy,0,33.14,Spring
2023-03-22,S001,P0004,Board Game Classic,Toys,North,67,45,59,44,32.72,0,Cloudy,0,32.67,Spring
2023-03-23,S001,P0004,Board Game Classic,Toys,North,143,40,36,39,32.72,0,Rainy,0,32.44,Spring
2023-03-24,S001,P0004,Board Game Classic,Toys,North,72,36,44,39,32.72,15,Windy,0,33.04,Spring
2023-03-25,S001,P0004,Board Game Classic,Toys,North,94,38,47,41,32.72,5,Windy,0,35.57,Spring
2023-03-26,S001,P0004,Board Game Classic,Toys,North,129,44,43,45,32.72,5,Rainy,0,35.22,Spring
2023-03-27,S001,P0004,Board Game Classic,Toys,North,93,45,50,47,32.72,5,Cloudy,0,30.47,Spring
2023-03-28,S001,P0004,Board Game Classic,Toys,North,134,53,46,58,32.72,0,Windy,0,32.22,Spring
2023-03-29,S001,P0004,Board Game Classic,Toys,North,101,49,52,53,32.72,5,Sunny,0,29.51,Spring
2023-03-30,S001,P0004,Board Game Classic,Toys,North,153,39,54,36,32.72,0,Cloudy,0,33.47,Spring
2023-03-31,S001,P0004,Board Game Classic,Toys,North,91,31,27,32,32.72,0,Windy,0,30.58,Spring
2023-04-01,S001,P0004,Board Game Classic,Toys,North,63,36,36,32,32.72,0,Windy,0,31.18,Spring
2023-04-02,S001,P0004,Board Game Classic,Toys,North,67,42,55,38,32.72,20,Windy,0,32.41,Spring
2023-04-03,S001,P0004,Board Game Classic,Toys,North,87,44,39,46,32.72,15,Rainy,0,34.2,Spring
2023-04-04,S001,P0004,Board Game Classic,Toys,North,75,48,45,51,32.72,5,Sunny,0,33.39,Spring
2023-04-05,S001,P0004,Board Game Classic,Toys,North,86,40,54,41,32.72,0,Rainy,0,30.28,Spring
2023-04-06,S001,P0004,Board Game Classic,Toys,North,118,40,40,39,32.72,15,Cloudy,0,31.91,Spring
2023-04-07,S001,P0004,Board Game Classic,Toys,North,111,34,31,37,32.72,5,Rainy,0,31.78,Spring
2023-04-08,S001,P0004,Board Game Classic,Toys,North,100,31,36,30,32.72,0,Windy,0,35.36,Spring
2023-04-09,S001,P0004,Board Game Classic,Toys,North,149,42,40,41,32.72,10,Rainy,0,33.07,Spring
2023-04-10,S001,P0004,Board Game Classic,Toys,North,157,46,45,43,32.72,0,Cloudy,0,31.3,Spring
2023-04-11,S001,P0004,Board Game Classic,Toys,North,150,50,57,47,32.72,0,Cloudy,0,30.8,Spring
2023-04-12,S001,P0004,Board Game Classic,Toys,North,74,43,47,43,32.72,10,Rainy,0,35.24,Spring
2023-04-13,S001,P0004,Board Game Classic,Toys,North,137,35,46,33,32.72,5,Rainy,0,31.03,Spring
2023-04-14,S001,P0004,Board Game Classic,Toys,North,79,32,36,30,32.72,0,Cloudy,0,31.94,Spring
2023-04-15,S001,P0004,Board Game Classic,Toys,North,106,33,45,31,32.72,5,Sunny,0,32.02,Spring
2023-04-16,S001,P0004,Board Game Classic,Toys,North,129,40,46,40,32.72,20,Sunny,0,35.29,Spring
2023-04-17,S001,P0004,Board Game Classic,Toys,North,134,46,51,45,32.72,5,Sunny,0,31.11,Spring
2023-04-18,S001,P0004,Board Game Classic,Toys,North,130,47,38,46,32.72,10,Sunny,0,31.89,Spring
2023-04-19,S001,P0004,Board Game Classic,Toys,North,128,42,53,43,32.72,0,Windy,0,35.01,Spring
2023-04-20,S001,P0004,Board Game Classic,Toys,North,137,36,48,36,32.72,0,Rainy,0,30.84,Spring
2023-04-21,S001,P0004,Board Game Classic,Toys,North,78,39,31,42,32.72,0,Rainy,0,31.14,Spring
2023-04-22,S001,P0004,Board Game Classic,Toys,North,72,32,32,31,32.72,5,Rainy,0,33.62,Spring
2023-04-23,S001,P0004,Board Game Classic,Toys,North,97,38,52,39,32.72,20,Cloudy,0,33.42,Spring
2023-04-24,S001,P0004,Board Game Classic,Toys,North,91,55,72,55,32.72,0,Sunny,0,34.76,Spring
2023-04-25,S001,P0004,Board Game Classic,Toys,North,166,48,47,52,32.72,0,Cloudy,0,31.2,Spring
2023-04-26,S001,P0004,Board Game Classic,Toys,North,123,38,34,41,32.72,0,Cloudy,0,30.96,Spring
2023-04-27,S001,P0004,Board Game Classic,Toys,North,144,38,44,40,32.72,0,Rainy,0,30.17,Spring
2023-04-28,S001,P0004,Board Game Classic,Toys,North,84,30,36,29,32.72,15,Windy,0,35.72,Spring
2023-04-29,S001,P0004,Board Game Classic,Toys,North,86,36,49,33,32.72,20,Sunny,0,30.46,Spring
2023-04-30,S001,P0004,Board Game Classic,Toys,North,94,38,31,37,32.72,0,Sunny,0,34.23,Spring
2023-05-01,S001,P0004,Board Game Classic,Toys,North,138,43,39,45,32.72,10,Sunny,0,31.08,Spring
2023-05-02,S001,P0004,Board Game Classic,Toys,North,145,50,51,45,32.72,10,Windy,0,35.6,Spring
2023-05-03,S001,P0004,Board Game Classic,Toys,North,168,43,58,40,32.72,5,Windy,0,34.23,Spring
2023-05-04,S001,P0004,Board Game Classic,Toys,North,103,38,33,41,32.72,0,Rainy,0,31.19,Spring
2023-05-05,S001,P0004,Board Game Classic,Toys,North,81,32,39,34,32.72,0,Rainy,0,31.55,Spring
2023-05-06,S001,P0004,Board Game Classic,Toys,North,95,32,33,32,32.72,0,Rainy,0,30.55,Spring
2023-05-07,S001,P0004,Board Game Classic,Toys,North,151,40,40,37,32.72,0,Sunny,0,34.31,Spring
2023-05-08,S001,P0004,Board Game Classic,Toys,North,124,47,37,48,32.72,15,Windy,0,33.86,Spring
2023-05-09,S001,P0004,Board Game Classic,Toys,North,67,45,45,46,32.72,0,Cloudy,0,32.02,Spring
2023-05-10,S001,P0004,Board Game Classic,Toys,North,122,46,57,42,32.72,0,Cloudy,0,33.82,Spring
2023-05-11,S001,P0004,Board Game Classic,Toys,North,145,37,49,35,32.72,0,Rainy,0,29.65,Spring
2023-05-12,S001,P0004,Board Game Classic,Toys,North,62,31,34,33,32.72,0,Sunny,0,31.45,Spring
2023-05-13,S001,P0004,Board Game Classic,Toys,North,50,32,36,29,32.72,0,Windy,0,35.59,Spring
2023-05-14,S001,P0004,Board Game Classic,Toys,North,75,37,45,37,32.72,15,Rainy,0,32.56,Spring
2023-05-15,S001,P0004,Board Game Classic,Toys,North,117,38,32,38,32.72,0,Windy,0,30.84,Spring
2023-05-16,S001,P0004,Board Game Classic,Toys,North,153,43,37,42,32.72,5,Cloudy,0,30.52,Spring
2023-05-17,S001,P0004,Board Game Classic,Toys,North,127,40,40,42,32.72,5,Rainy,0,32.79,Spring
2023-05-18,S001,P0004,Board Game Classic,Toys,North,61,33,26,30,32.72,5,Rainy,0,35.22,Spring
2023-05-19,S001,P0004,Board Game Classic,Toys,North,61,31,34,32,32.72,10,Windy,0,33.86,Spring
2023-05-20,S001,P0004,Board Game Classic,Toys,North,115,31,27,28,32.72,0,Rainy,0,32.62,Spring
2023-05-21,S001,P0004,Board Game Classic,Toys,North,109,38,52,35,32.72,0,Windy,0,34.4,Spring
2023-05-22,S001,P0004,Board Game Classic,Toys,North,77,43,45,43,32.72,0,Cloudy,0,32.1,Spring
2023-05-23,S001,P0004,Board Game Classic,Toys,North,126,43,53,45,32.72,5,Sunny,0,32.13,Spring
2023-05-24,S001,P0004,Board Game Classic,Toys,North,95,35,39,32,32.72,0,Windy,0,30.57,Spring
2023-05-25,S001,P0004,Board Game Classic,Toys,North,145,37,42,36,32.72,0,Cloudy,0,33.15,Spring
2023-05-26,S001,P0004,Board Game Classic,Toys,North,75,29,30,30,32.72,5,Cloudy,0,32.98,Spring
2023-05-27,S001,P0004,Board Game Classic,Toys,North,101,30,41,31,32.72,5,Sunny,0,32.74,Spring
2023-05-28,S001,P0004,Board Game Classic,Toys,North,101,34,44,36,32.72,0,Windy,0,30.68,Spring
2023-05-29,S001,P0004,Board Game Classic,Toys,North,144,39,47,40,32.72,10,Windy,0,32.72,Spring
2023-05-30,S001,P0004,Board Game Classic,Toys,North,102,46,39,49,32.72,5,Rainy,0,35.06,Spring
2023-05-31,S001,P0004,Board Game Classic,Toys,North,71,41,39,43,32.72,0,Windy,0,33.74,Spring
2023-06-01,S001,P0004,Board Game Classic,Toys,North,77,33,37,34,32.72,20,Rainy,0,35.76,Summer
2023-06-02,S001,P0004,Board Game Classic,Toys,North,42,28,22,30,32.72,5,Sunny,0,33.67,Summer
2023-06-03,S001,P0004,Board Game Classic,Toys,North,107,31,32,32,32.72,10,Cloudy,0,30.57,Summer
2023-06-04,S001,P0004,Board Game Classic,Toys,North,79,35,34,34,32.72,10,Windy,0,35.1,Summer
2023-06-05,S001,P0004,Board Game Classic,Toys,North,100,39,47,35,32.72,0,Cloudy,0,35.61,Summer
2023-06-06,S001,P0004,Board Game Classic,Toys,North,77,41,56,38,32.72,0,Windy,0,29.96,Summer
2023-06-07,S001,P0004,Board Game Classic,Toys,North,134,36,42,36,32.72,20,Sunny,0,33.74,Summer
2023-06-08,S001,P0004,Board Game Classic,Toys,North,115,32,38,32,32.72,5,Windy,0,32.0,Summer
2023-06-09,S001,P0004,Board Game Classic,Toys,North,78,28,28,27,32.72,5,Sunny,0,32.17,Summer
2023-06-10,S001,P0004,Board Game Classic,Toys,North,66,30,28,31,32.72,0,Windy,0,32.39,Summer
2023-06-11,S001,P0004,Board Game Classic,Toys,North,112,32,25,29,32.72,0,Rainy,0,33.05,Summer
2023-06-12,S001,P0004,Board Game Classic,Toys,North,143,40,54,36,32.72,10,Windy,0,34.68,Summer
2023-06-13,S001,P0004,Board Game Classic,Toys,North,74,37,50,36,32.72,10,Sunny,0,33.41,Summer
2023-06-14,S001,P0004,Board Game Classic,Toys,North,64,34,45,34,32.72,5,Windy,0,29.49,Summer
2023-06-15,S001,P0004,Board Game Classic,Toys,North,99,29,26,29,32.72,0,Cloudy,0,31.28,Summer
2023-06-16,S001,P0004,Board Game Classic,Toys,North,52,25,34,26,32.72,5,Rainy,0,31.33,Summer
2023-06-17,S001,P0004,Board Game Classic,Toys,North,82,30,41,29,32.72,5,Sunny,0,35.53,Summer
2023-06-18,S001,P0004,Board Game Classic,Toys,North,86,30,25,30,32.72,0,Rainy,0,31.84,Summer
2023-06-19,S001,P0004,Board Game Classic,Toys,North,88,35,30,37,32.72,20,Sunny,0,34.0,Summer
2023-06-20,S001,P0004,Board Game Classic,Toys,North,90,42,49,38,32.72,10,Windy,0,30.74,Summer
2023-06-21,S001,P0004,Board Game Classic,Toys,North,113,34,31,31,32.72,15,Sunny,0,30.18,Summer
2023-06-22,S001,P0004,Board Game Classic,Toys,North,56,29,23,27,32.72,0,Windy,0,35.82,Summer
2023-06-23,S001,P0004,Board Game Classic,Toys,North,69,25,31,25,32.72,0,Windy,0,33.78,Summer
2023-06-24,S001,P0004,Board Game Classic,Toys,North,90,29,37,30,32.72,5,Rainy,0,34.63,Summer
2023-06-25,S001,P0004,Board Game Classic,Toys,North,108,34,42,32,32.72,0,Windy,0,31.44,Summer
2023-06-26,S001,P0004,Board Game Classic,Toys,North,139,38,36,37,32.72,0,Windy,0,31.86,Summer
2023-06-27,S001,P0004,Board Game Classic,Toys,North,102,39,47,41,32.72,15,Cloudy,0,35.62,Summer
2023-06-28,S001,P0004,Board Game Classic,Toys,North,85,34,46,34,32.72,10,Rainy,0,29.6,Summer
2023-06-29,S001,P0004,Board Game Classic,Toys,North,85,28,25,28,32.72,0,Sunny,0,32.95,Summer
2023-06-30,S001,P0004,Board Game Classic,Toys,North,86,24,24,22,32.72,0,Cloudy,0,32.31,Summer
2023-07-01,S001,P0004,Board Game Classic,Toys,North,89,29,32,26,32.72,0,Cloudy,0,32.44,Summer
2023-07-02,S001,P0004,Board Game Classic,Toys,North,113,33,39,33,32.72,0,Windy,0,32.24,Summer
2023-07-03,S001,P0004,Board Game Classic,Toys,North,96,34,28,32,32.72,0,Cloudy,0,33.78,Summer
2023-07-04,S001,P0004,Board Game Classic,Toys,North,76,37,46,35,32.72,0,Windy,0,30.51,Summer
2023-07-05,S001,P0004,Board Game Classic,Toys,North,109,33,39,30,32.72,0,Rainy,0,33.6,Summer
2023-07-06,S001,P0004,Board Game Classic,Toys,North,83,26,23,27,32.72,5,Sunny,0,35.57,Summer
2023-07-07,S001,P0004,Board Game Classic,Toys,North,51,26,31,25,32.72,5,Windy,0,31.43,Summer
2023-07-08,S001,P0004,Board Game Classic,Toys,North,65,26,34,26,32.72,15,Sunny,0,32.83,Summer
2023-07-09,S001,P0004,Board Game Classic,Toys,North,89,29,25,28,32.72,0,Rainy,0,32.02,Summer
2023-07-10,S001,P0004,Board Game Classic,Toys,North,47,31,30,34,32.72,5,Cloudy,0,29.82,Summer
2023-07-11,S001,P0004,Board Game Classic,Toys,North,73,32,32,33,32.72,0,Sunny,0,32.46,Summer
2023-07-12,S001,P0004,Board Game Classic,Toys,North,73,32,43,35,32.72,5,Sunny,0,30.23,Summer
2023-07-13,S001,P0004,Board Game Classic,Toys,North,56,28,25,27,32.72,0,Sunny,0,32.23,Summer
2023-07-14,S001,P0004,Board Game Classic,Toys,North,50,23,32,24,32.72,0,Rainy,0,29.94,Summer
2023-07-15,S001,P0004,Board Game Classic,Toys,North,71,27,32,27,32.72,5,Sunny,0,29.89,Summer
2023-07-16,S001,P0004,Board Game Classic,Toys,North,118,30,27,27,32.72,0,Windy,0,34.22,Summer
2023-07-17,S001,P0004,Board Game Classic,Toys,North,114,36,45,37,32.72,10,Sunny,0,33.43,Summer
2023-07-18,S001,P0004,Board Game Classic,Toys,North,128,35,33,32,32.72,10,Sunny,0,34.56,Summer
2023-07-19,S001,P0004,Board Game Classic,Toys,North,48,31,40,31,32.72,0,Rainy,0,29.52,Summer
2023-07-20,S001,P0004,Board Game Classic,Toys,North,97,28,30,26,32.72,0,Cloudy,0,31.79,Summer
2023-07-21,S001,P0004,Board Game Classic,Toys,North,39,22,21,22,32.72,0,Cloudy,0,31.7,Summer
2023-07-22,S001,P0004,Board Game Classic,Toys,North,68,27,23,24,32.72,0,Sunny,0,29.68,Summer
2023-07-23,S001,P0004,Board Game Classic,Toys,North,92,28,24,29,32.72,0,Sunny,0,29.47,Summer
2023-07-24,S001,P0004,Board Game Classic,Toys,North,71,36,30,36,32.72,0,Rainy,0,29.71,Summer
2023-07-25,S001,P0004,Board Game Classic,Toys,North,92,34,42,35,32.72,10,Rainy,0,35.5,Summer
2023-07-26,S001,P0004,Board Game Classic,Toys,North,81,34,29,33,32.72,20,Rainy,0,30.91,Summer
2023-07-27,S001,P0004,Board Game Classic,Toys,North,61,25,27,26,32.72,5,Sunny,0,32.97,Summer
2023-07-28,S001,P0004,Board Game Classic,Toys,North,79,23,27,20,32.72,0,Cloudy,0,33.77,Summer
2023-07-29,S001,P0004,Board Game Classic,Toys,North,86,26,29,25,32.72,0,Rainy,0,35.05,Summer
2023-07-30,S001,P0004,Board Game Classic,Toys,North,91,32,39,31,32.72,10,Rainy,0,34.61,Summer
2023-07-31,S001,P0004,Board Game Classic,Toys,North,68,37,34,35,32.72,10,Cloudy,0,32.02,Summer
2023-08-01,S001,P0004,Board Game Classic,Toys,North,104,35,30,33,32.72,0,Sunny,0,33.8,Summer
2023-08-02,S001,P0004,Board Game Classic,Toys,North,91,36,46,39,32.72,0,Sunny,0,29.97,Summer
2023-08-03,S001,P0004,Board Game Classic,Toys,North,101,26,31,27,32.72,0,Rainy,0,33.87,Summer
2023-08-04,S001,P0004,Board Game Classic,Toys,North,68,26,33,27,32.72,0,Sunny,0,33.35,Summer
2023-08-05,S001,P0004,Board Game Classic,Toys,North,89,23,21,24,32.72,0,Sunny,0,30.96,Summer
2023-08-06,S001,P0004,Board Game Classic,Toys,North,94,30,29,31,32.72,5,Windy,0,35.04,Summer
2023-08-07,S001,P0004,Board Game Classic,Toys,North,94,28,31,28,32.72,0,Windy,0,32.57,Summer
2023-08-08,S001,P0004,Board Game Classic,Toys,North,58,32,33,29,32.72,5,Windy,0,30.28,Summer
2023-08-09,S001,P0004,Board Game Classic,Toys,North,114,33,37,29,32.72,0,Cloudy,0,34.61,Summer
2023-08-10,S001,P0004,Board Game Classic,Toys,North,88,24,31,26,32.72,15,Cloudy,0,35.75,Summer
2023-08-11,S001,P0004,Board Game Classic,Toys,North,57,25,32,26,32.72,15,Rainy,0,34.52,Summer
2023-08-12,S001,P0004,Board Game Classic,Toys,North,66,27,28,27,32.72,15,Windy,0,35.2,Summer
2023-08-13,S001,P0004,Board Game Classic,Toys,North,92,28,38,26,32.72,15,Rainy,0,35.67,Summer
2023-08-14,S001,P0004,Board Game Classic,Toys,North,89,31,26,31,32.72,0,Windy,0,29.98,Summer
2023-08-15,S001,P0004,Board Game Classic,Toys,North,109,33,29,34,32.72,5,Cloudy,0,30.62,Summer
2023-08-16,S001,P0004,Board Game Classic,Toys,North,54,29,33,30,32.72,0,Sunny,0,34.74,Summer
2023-08-17,S001,P0004,Board Game Classic,Toys,North,94,27,37,26,32.72,5,Rainy,0,30.43,Summer
2023-08-18,S001,P0004,Board Game Classic,Toys,North,71,24,27,22,32.72,0,Cloudy,0,35.71,Summer
2023-08-19,S001,P0004,Board Game Classic,Toys,North,50,25,23,24,32.72,0,Windy,0,35.03,Summer
2023-08-20,S001,P0004,Board Game Classic,Toys,North,55,33,35,30,32.72,5,Windy,0,32.09,Summer
2023-08-21,S001,P0004,Board Game Classic,Toys,North,91,32,42,28,32.72,5,Cloudy,0,34.51,Summer
2023-08-22,S001,P0004,Board Game Classic,Toys,North,85,38,50,39,32.72,0,Rainy,0,32.66,Summer
2023-08-23,S001,P0004,Board Game Classic,Toys,North,111,29,34,26,32.72,10,Sunny,0,32.72,Summer
2023-08-24,S001,P0004,Board Game Classic,Toys,North,43,27,31,28,32.72,0,Rainy,0,34.58,Summer
2023-08-25,S001,P0004,Board Game Classic,Toys,North,87,26,24,25,32.72,10,Sunny,0,30.23,Summer
2023-08-26,S001,P0004,Board Game Classic,Toys,North,60,27,26,25,32.72,0,Sunny,0,35.35,Summer
2023-08-27,S001,P0004,Board Game Classic,Toys,North,66,28,38,26,32.72,10,Sunny,0,32.11,Summer
2023-08-28,S001,P0004,Board Game Classic,Toys,North,91,35,32,34,32.72,10,Cloudy,0,33.51,Summer
2023-08-29,S001,P0004,Board Game Classic,Toys,North,92,36,34,36,32.72,0,Rainy,0,30.88,Summer
2023-08-30,S001,P0004,Board Game Classic,Toys,North,104,31,32,32,32.72,15,Cloudy,0,31.7,Summer
2023-08-31,S001,P0004,Board Game Classic,Toys,North,74,28,34,30,32.72,0,Sunny,0,31.93,Summer
2023-09-01,S001,P0004,Board Game Classic,Toys,North,84,28,27,25,32.72,0,Rainy,0,34.75,Autumn
2023-09-02,S001,P0004,Board Game Classic,Toys,North,53,26,21,25,32.72,20,Windy,0,35.56,Autumn
2023-09-03,S001,P0004,Board Game Classic,Toys,North,55,31,26,32,32.72,0,Windy,0,34.0,Autumn
2023-09-04,S001,P0004,Board Game Classic,Toys,North,115,35,37,32,32.72,0,Windy,0,31.38,Autumn
2023-09-05,S001,P0004,Board Game Classic,Toys,North,72,31,42,30,32.72,5,Rainy,0,33.85,Autumn
2023-09-06,S001,P0004,Board Game Classic,Toys,North,49,33,38,31,32.72,5,Cloudy,0,31.9,Autumn
2023-09-07,S001,P0004,Board Game Classic,Toys,North,75,26,26,24,32.72,10,Windy,0,31.54,Autumn
2023-09-08,S001,P0004,Board Game Classic,Toys,North,68,24,31,23,32.72,15,Rainy,0,34.86,Autumn
2023-09-09,S001,P0004,Board Game Classic,Toys,North,67,30,25,27,32.72,0,Sunny,0,34.14,Autumn
2023-09-10,S001,P0004,Board Game Classic,Toys,North,82,29,33,29,32.72,5,Windy,0,34.86,Autumn
2023-09-11,S001,P0004,Board Game Classic,Toys,North,111,33,31,36,32.72,5,Sunny,0,31.98,Autumn
2023-09-12,S001,P0004,Board Game Classic,Toys,North,74,38,33,36,32.72,15,Sunny,0,32.25,Autumn
2023-09-13,S001,P0004,Board Game Classic,Toys,North,107,30,32,32,32.72,15,Windy,0,35.17,Autumn
2023-09-14,S001,P0004,Board Game Classic,Toys,North,73,27,22,24,32.72,0,Rainy,0,34.06,Autumn
2023-09-15,S001,P0004,Board Game Classic,Toys,North,77,27,32,24,32.72,0,Rainy,0,33.93,Autumn
2023-09-16,S001,P0004,Board Game Classic,Toys,North,58,26,35,27,32.72,15,Cloudy,0,33.71,Autumn
2023-09-17,S001,P0004,Board Game Classic,Toys,North,88,27,34,25,32.72,0,Cloudy,0,35.39,Autumn
2023-09-18,S001,P0004,Board Game Classic,Toys,North,119,36,40,37,32.72,0,Windy,0,34.86,Autumn
2023-09-19,S001,P0004,Board Game Classic,Toys,North,59,35,35,37,32.72,0,Cloudy,0,35.26,Autumn
2023-09-20,S001,P0004,Board Game Classic,Toys,North,82,37,49,37,32.72,0,Cloudy,0,31.81,Autumn
2023-09-21,S001,P0004,Board Game Classic,Toys,North,47,27,23,26,32.72,0,Rainy,0,31.46,Autumn
2023-09-22,S001,P0004,Board Game Classic,Toys,North,58,27,28,29,32.72,0,Rainy,0,32.02,Autumn
2023-09-23,S001,P0004,Board Game Classic,Toys,North,88,30,40,31,32.72,0,Cloudy,0,35.52,Autumn
2023-09-24,S001,P0004,Board Game Classic,Toys,North,115,29,23,30,32.72,5,Windy,0,35.06,Autumn
2023-09-25,S001,P0004,Board Game Classic,Toys,North,94,35,44,32,32.72,15,Cloudy,0,31.79,Autumn
2023-09-26,S001,P0004,Board Game Classic,Toys,North,121,38,38,35,32.72,5,Rainy,0,31.55,Autumn
2023-09-27,S001,P0004,Board Game Classic,Toys,North,102,32,39,29,32.72,5,Cloudy,0,33.95,Autumn
2023-09-28,S001,P0004,Board Game Classic,Toys,North,70,30,32,29,32.72,0,Windy,0,30.22,Autumn
2023-09-29,S001,P0004,Board Game Classic,Toys,North,40,26,22,24,32.72,0,Rainy,0,32.89,Autumn
2023-09-30,S001,P0004,Board Game Classic,Toys,North,85,27,30,25,32.72,0,Windy,0,30.9,Autumn
2023-10-01,S001,P0004,Board Game Classic,Toys,North,95,32,34,31,32.72,0,Sunny,0,35.8,Autumn
2023-10-02,S001,P0004,Board Game Classic,Toys,North,103,37,40,38,32.72,0,Rainy,0,34.23,Autumn
2023-10-03,S001,P0004,Board Game Classic,Toys,North,76,38,40,40,32.72,10,Windy,0,35.89,Autumn
2023-10-04,S001,P0004,Board Game Classic,Toys,North,90,33,35,32,32.72,0,Cloudy,0,34.98,Autumn
2023-10-05,S001,P0004,Board Game Classic,Toys,North,84,29,33,31,32.72,0,Rainy,0,35.73,Autumn
2023-10-06,S001,P0004,Board Game Classic,Toys,North,61,26,34,28,32.72,15,Rainy,0,31.13,Autumn
2023-10-07,S001,P0004,Board Game Classic,Toys,North,61,28,33,25,32.72,5,Sunny,0,32.2,Autumn
2023-10-08,S001,P0004,Board Game Classic,Toys,North,50,32,38,31,32.72,5,Rainy,0,33.54,Autumn
2023-10-09,S001,P0004,Board Game Classic,Toys,North,70,38,40,41,32.72,0,Rainy,0,33.87,Autumn
2023-10-10,S001,P0004,Board Game Classic,Toys,North,112,34,32,33,32.72,0,Sunny,0,31.85,Autumn
2023-10-11,S001,P0004,Board Game Classic,Toys,North,80,34,34,34,32.72,0,Sunny,0,32.52,Autumn
2023-10-12,S001,P0004,Board Game Classic,Toys,North,79,30,25,28,32.72,15,Windy,0,32.11,Autumn
2023-10-13,S001,P0004,Board Game Classic,Toys,North,95,26,31,26,32.72,0,Cloudy,0,32.05,Autumn
2023-10-14,S001,P0004,Board Game Classic,Toys,North,57,32,28,30,32.72,5,Cloudy,0,30.57,Autumn
2023-10-15,S001,P0004,Board Game Classic,Toys,North,53,34,30,36,32.72,5,Windy,0,32.64,Autumn
2023-10-16,S001,P0004,Board Game Classic,Toys,North,133,39,32,38,32.72,0,Windy,0,30.1,Autumn
2023-10-17,S001,P0004,Board Game Classic,Toys,North,150,38,47,41,32.72,0,Cloudy,0,33.43,Autumn
2023-10-18,S001,P0004,Board Game Classic,Toys,North,116,37,39,35,32.72,10,Rainy,0,32.85,Autumn
2023-10-19,S001,P0004,Board Game Classic,Toys,North,78,29,25,29,32.72,0,Cloudy,0,31.37,Autumn
2023-10-20,S001,P0004,Board Game Classic,Toys,North,53,28,38,27,32.72,0,Sunny,0,31.75,Autumn
2023-10-21,S001,P0004,Board Game Classic,Toys,North,101,28,32,27,32.72,0,Cloudy,0,34.32,Autumn
2023-10-22,S001,P0004,Board Game Classic,Toys,North,83,34,29,31,32.72,15,Sunny,0,29.49,Autumn
2023-10-23,S001,P0004,Board Game Classic,Toys,North,126,32,44,33,32.72,10,Rainy,0,35.85,Autumn
2023-10-24,S001,P0004,Board Game Classic,Toys,North,88,38,46,34,32.72,0,Sunny,0,34.85,Autumn
2023-10-25,S001,P0004,Board Game Classic,Toys,North,140,41,52,40,32.72,20,Windy,0,34.64,Autumn
2023-10-26,S001,P0004,Board Game Classic,Toys,North,128,34,29,32,32.72,5,Sunny,0,31.81,Autumn
2023-10-27,S001,P0004,Board Game Classic,Toys,North,111,32,44,30,32.72,5,Windy,0,29.64,Autumn
2023-10-28,S001,P0004,Board Game Classic,Toys,North,80,33,38,32,32.72,0,Cloudy,0,31.83,Autumn
2023-10-29,S001,P0004,Board Game Classic,Toys,North,132,37,34,35,32.72,5,Rainy,0,34.54,Autumn
2023-10-30,S001,P0004,Board Game Classic,Toys,North,78,39,43,42,32.72,10,Rainy,0,32.01,Autumn
2023-10-31,S001,P0004,Board Game Classic,Toys,North,154,39,33,40,32.72,0,Sunny,0,30.43,Autumn
2023-11-01,S001,P0004,Board Game Classic,Toys,North,112,42,55,45,32.72,10,Windy,0,35.16,Autumn
2023-11-02,S001,P0004,Board Game Classic,Toys,North,111,33,44,33,32.72,0,Rainy,0,29.74,Autumn
2023-11-03,S001,P0004,Board Game Classic,Toys,North,56,35,34,37,32.72,15,Rainy,0,35.66,Autumn
2023-11-04,S001,P0004,Board Game Classic,Toys,North,80,30,27,29,32.72,20,Sunny,0,35.16,Autumn
2023-11-05,S001,P0004,Board Game Classic,Toys,North,105,42,35,41,32.72,5,Sunny,0,35.12,Autumn
2023-11-06,S001,P0004,Board Game Classic,Toys,North,69,41,36,40,32.72,10,Windy,0,35.56,Autumn
2023-11-07,S001,P0004,Board Game Classic,Toys,North,81,47,59,45,32.72,5,Sunny,0,31.05,Autumn
2023-11-08,S001,P0004,Board Game Classic,Toys,North,69,45,48,48,32.72,5,Rainy,0,31.69,Autumn
2023-11-09,S001,P0004,Board Game Classic,Toys,North,66,32,36,30,32.72,5,Windy,0,33.19,Autumn
2023-11-10,S001,P0004,Board Game Classic,Toys,North,115,30,39,29,32.72,0,Windy,0,30.07,Autumn
2023-11-11,S001,P0004,Board Game Classic,Toys,North,66,30,26,31,32.72,10,Windy,0,32.52,Autumn
2023-11-12,S001,P0004,Board Game Classic,Toys,North,95,34,28,30,32.72,5,Windy,0,33.53,Autumn
2023-11-13,S001,P0004,Board Game Classic,Toys,North,110,45,52,46,32.72,0,Rainy,0,34.87,Autumn
2023-11-14,S001,P0004,Board Game Classic,Toys,North,126,44,50,42,32.72,0,Sunny,0,29.48,Autumn
2023-11-15,S001,P0004,Board Game Classic,Toys,North,82,41,48,41,32.72,10,Sunny,0,32.06,Autumn
2023-11-16,S001,P0004,Board Game Classic,Toys,North,120,37,30,39,32.72,10,Cloudy,0,31.72,Autumn
2023-11-17,S001,P0004,Board Game Classic,Toys,North,90,28,27,30,32.72,10,Rainy,0,33.69,Autumn
2023-11-18,S001,P0004,Board Game Classic,Toys,North,60,36,34,35,32.72,5,Sunny,0,32.8,Autumn
2023-11-19,S001,P0004,Board Game Classic,Toys,North,81,38,46,40,32.72,10,Rainy,0,34.45,Autumn
2023-11-20,S001,P0004,Board Game Classic,Toys,North,171,46,39,47,32.72,10,Sunny,0,33.2,Autumn
2023-11-21,S001,P0004,Board Game Classic,Toys,North,191,48,43,46,32.72,0,Windy,0,30.57,Autumn
2023-11-22,S001,P0004,Board Game Classic,Toys,North,117,46,50,49,32.72,0,Sunny,0,32.82,Autumn
2023-11-23,S001,P0004,Board Game Classic,Toys,North,127,36,33,32,32.72,15,Cloudy,0,33.57,Autumn
2023-11-24,S001,P0004,Board Game Classic,Toys,North,144,50,46,52,32.72,10,Sunny,1,33.15,Autumn
2023-11-25,S001,P0004,Board Game Classic,Toys,North,207,60,72,61,32.72,15,Rainy,1,33.78,Autumn
2023-11-26,S001,P0004,Board Game Classic,Toys,North,140,53,64,54,32.72,5,Windy,1,30.28,Autumn
2023-11-27,S001,P0004,Board Game Classic,Toys,North,171,55,55,53,32.72,10,Cloudy,1,31.06,Autumn
2023-11-28,S001,P0004,Board Game Classic,Toys,North,259,71,80,69,32.72,20,Cloudy,1,32.9,Autumn
2023-11-29,S001,P0004,Board Game Classic,Toys,North,98,60,49,60,32.72,20,Rainy,1,30.78,Autumn
2023-11-30,S001,P0004,Board Game Classic,Toys,North,117,34,30,33,32.72,5,Sunny,0,34.9,Autumn
2023-12-01,S001,P0004,Board Game Classic,Toys,North,70,35,40,34,32.72,0,Rainy,0,34.5,Winter
2023-12-02,S001,P0004,Board Game Classic,Toys,North,74,34,42,34,32.72,5,Rainy,0,33.13,Winter
2023-12-03,S001,P0004,Board Game Classic,Toys,North,130,40,39,41,32.72,15,Sunny,0,31.3,Winter
2023-12-04,S001,P0004,Board Game Classic,Toys,North,126,45,42,43,32.72,5,Sunny,0,31.09,Winter
2023-12-05,S001,P0004,Board Game Classic,Toys,North,167,53,59,49,32.72,10,Windy,0,30.79,Winter
2023-12-06,S001,P0004,Board Game Classic,Toys,North,130,44,60,47,32.72,0,Cloudy,0,31.24,Winter
2023-12-07,S001,P0004,Board Game Classic,Toys,North,149,38,35,35,32.72,0,Sunny,0,33.51,Winter
2023-12-08,S001,P0004,Board Game Classic,Toys,North,68,33,39,30,32.72,5,Sunny,0,29.99,Winter
2023-12-09,S001,P0004,Board Game Classic,Toys,North,145,37,41,38,32.72,0,Sunny,0,31.55,Winter
2023-12-10,S001,P0004,Board Game Classic,Toys,North,180,46,46,50,32.72,10,Sunny,0,34.35,Winter
2023-12-11,S001,P0004,Board Game Classic,Toys,North,155,50,55,54,32.72,0,Rainy,0,35.37,Winter
2023-12-12,S001,P0004,Board Game Classic,Toys,North,201,52,69,52,32.72,0,Rainy,0,30.5,Winter
2023-12-13,S001,P0004,Board Game Classic,Toys,North,84,48,66,45,32.72,0,Sunny,0,33.97,Winter
2023-12-14,S001,P0004,Board Game Classic,Toys,North,107,35,32,35,32.72,5,Windy,0,33.18,Winter
2023-12-15,S001,P0004,Board Game Classic,Toys,North,109,33,27,33,32.72,0,Rainy,0,32.3,Winter
2023-12-16,S001,P0004,Board Game Classic,Toys,North,126,36,32,39,32.72,0,Windy,0,31.81,Winter
2023-12-17,S001,P0004,Board Game Classic,Toys,North,75,41,55,42,32.72,0,Windy,0,29.66,Winter
2023-12-18,S001,P0004,Board Game Classic,Toys,North,77,45,51,45,32.72,5,Sunny,0,34.79,Winter
2023-12-19,S001,P0004,Board Game Classic,Toys,North,125,44,52,48,32.72,0,Sunny,0,32.68,Winter
2023-12-20,S001,P0004,Board Game Classic,Toys,North,210,88,115,83,32.72,15,Sunny,1,30.03,Winter
2023-12-21,S001,P0004,Board Game Classic,Toys,North,244,63,67,63,32.72,20,Rainy,1,33.36,Winter
2023-12-22,S001,P0004,Board Game Classic,Toys,North,232,73,88,73,32.72,0,Rainy,1,35.46,Winter
2023-12-23,S001,P0004,Board Game Classic,Toys,North,205,67,57,62,32.72,0,Sunny,1,29.58,Winter
2023-12-24,S001,P0004,Board Game Classic,Toys,North,241,78,86,80,32.72,0,Rainy,1,30.37,Winter
2023-12-25,S001,P0004,Board Game Classic,Toys,North,238,78,92,78,32.72,0,Rainy,1,31.06,Winter
2023-12-26,S001,P0004,Board Game Classic,Toys,North,207,123,145,113,32.72,10,Sunny,1,32.18,Winter
2023-12-27,S001,P0004,Board Game Classic,Toys,North,148,91,103,84,32.72,10,Rainy,1,33.91,Winter
2023-12-28,S001,P0004,Board Game Classic,Toys,North,129,77,94,70,32.72,0,Windy,1,34.85,Winter
2023-12-29,S001,P0004,Board Game Classic,Toys,North,236,65,64,65,32.72,10,Sunny,1,34.51,Winter
2023-12-30,S001,P0004,Board Game Classic,Toys,North,245,74,63,80,32.72,0,Cloudy,1,32.68,Winter
2023-12-31,S001,P0004,Board Game Classic,Toys,North,179,92,92,96,32.72,0,Rainy,1,32.99,Winter
2023-01-01,S001,P0005,Bluetooth Speaker,Electronics,East,70,29,31,30,73.64,0,Sunny,0,69.26,Winter
2023-01-02,S001,P0005,Bluetooth Speaker,Electronics,East,79,35,31,34,73.64,0,Rainy,0,80.7,Winter
2023-01-03,S001,P0005,Bluetooth Speaker,Electronics,East,82,36,44,36,73.64,0,Sunny,0,68.66,Winter
2023-01-04,S001,P0005,Bluetooth Speaker,Electronics,East,56,32,37,33,73.64,15,Sunny,0,70.19,Winter
2023-01-05,S001,P0005,Bluetooth Speaker,Electronics,East,50,26,25,25,73.64,10,Sunny,0,69.44,Winter
2023-01-06,S001,P0005,Bluetooth Speaker,Electronics,East,95,25,22,26,73.64,0,Windy,0,75.86,Winter
2023-01-07,S001,P0005,Bluetooth Speaker,Electronics,East,84,25,30,23,73.64,5,Rainy,0,80.15,Winter
2023-01-08,S001,P0005,Bluetooth Speaker,Electronics,East,88,29,32,29,73.64,15,Windy,0,66.5,Winter
2023-01-09,S001,P0005,Bluetooth Speaker,Electronics,East,122,40,47,38,73.64,0,Rainy,0,75.65,Winter
2023-01-10,S001,P0005,Bluetooth Speaker,Electronics,East,121,31,37,27,73.64,0,Cloudy,0,66.62,Winter
2023-01-11,S001,P0005,Bluetooth Speaker,Electronics,East,86,34,44,31,73.64,5,Rainy,0,71.99,Winter
2023-01-12,S001,P0005,Bluetooth Speaker,Electronics,East,102,26,34,25,73.64,10,Sunny,0,78.25,Winter
2023-01-13,S001,P0005,Bluetooth Speaker,Electronics,East,73,25,33,24,73.64,0,Cloudy,0,69.53,Winter
2023-01-14,S001,P0005,Bluetooth Speaker,Electronics,East,84,30,40,28,73.64,0,Windy,0,78.06,Winter
2023-01-15,S001,P0005,Bluetooth Speaker,Electronics,East,94,28,31,26,73.64,0,Sunny,0,76.79,Winter
2023-01-16,S001,P0005,Bluetooth Speaker,Electronics,East,66,32,28,34,73.64,5,Rainy,0,75.93,Winter
2023-01-17,S001,P0005,Bluetooth Speaker,Electronics,East,113,35,45,32,73.64,10,Sunny,0,76.1,Winter
2023-01-18,S001,P0005,Bluetooth Speaker,Electronics,East,56,30,35,32,73.64,0,Cloudy,0,76.0,Winter
2023-01-19,S001,P0005,Bluetooth Speaker,Electronics,East,113,29,25,27,73.64,0,Cloudy,0,77.63,Winter
2023-01-20,S001,P0005,Bluetooth Speaker,Electronics,East,84,24,28,22,73.64,15,Windy,0,71.09,Winter
2023-01-21,S001,P0005,Bluetooth Speaker,Electronics,East,98,27,27,26,73.64,15,Cloudy,0,71.08,Winter
2023-01-22,S001,P0005,Bluetooth Speaker,Electronics,East,41,27,28,29,73.64,15,Cloudy,0,74.27,Winter
2023-01-23,S001,P0005,Bluetooth Speaker,Electronics,East,68,30,25,28,73.64,0,Cloudy,0,68.14,Winter
2023-01-24,S001,P0005,Bluetooth Speaker,Electronics,East,78,35,28,38,73.64,0,Sunny,0,68.1,Winter
2023-01-25,S001,P0005,Bluetooth Speaker,Electronics,East,107,29,25,28,73.64,0,Rainy,0,74.48,Winter
2023-01-26,S001,P0005,Bluetooth Speaker,Electronics,East,103,31,37,30,73.64,0,Windy,0,66.96,Winter
2023-01-27,S001,P0005,Bluetooth Speaker,Electronics,East,78,22,21,20,73.64,0,Rainy,0,79.84,Winter
2023-01-28,S001,P0005,Bluetooth Speaker,Electronics,East,39,24,25,24,73.64,0,Rainy,0,73.29,Winter
2023-01-29,S001,P0005,Bluetooth Speaker,Electronics,East,49,31,31,30,73.64,15,Sunny,0,73.46,Winter
2023-01-30,S001,P0005,Bluetooth Speaker,Electronics,East,75,33,41,30,73.64,10,Cloudy,0,74.53,Winter
2023-01-31,S001,P0005,Bluetooth Speaker,Electronics,East,91,32,27,34,73.64,0,Windy,0,78.45,Winter
2023-02-01,S001,P0005,Bluetooth Speaker,Electronics,East,70,38,41,36,73.64,15,Windy,0,79.35,Winter
2023-02-02,S001,P0005,Bluetooth Speaker,Electronics,East,53,26,31,23,73.64,0,Rainy,0,70.22,Winter
2023-02-03,S001,P0005,Bluetooth Speaker,Electronics,East,92,25,29,23,73.64,5,Rainy,0,67.0,Winter
2023-02-04,S001,P0005,Bluetooth Speaker,Electronics,East,44,26,29,25,73.64,0,Cloudy,0,69.51,Winter
2023-02-05,S001,P0005,Bluetooth Speaker,Electronics,East,57,32,31,31,73.64,15,Sunny,0,66.28,Winter
2023-02-06,S001,P0005,Bluetooth Speaker,Electronics,East,62,36,43,36,73.64,15,Sunny,0,75.87,Winter
2023-02-07,S001,P0005,Bluetooth Speaker,Electronics,East,86,34,37,35,73.64,10,Windy,0,74.65,Winter
2023-02-08,S001,P0005,Bluetooth Speaker,Electronics,East,64,32,30,31,73.64,5,Windy,0,72.42,Winter
2023-02-09,S001,P0005,Bluetooth Speaker,Electronics,East,81,28,34,28,73.64,0,Sunny,0,76.49,Winter
2023-02-10,S001,P0005,Bluetooth Speaker,Electronics,East,44,27,32,28,73.64,0,Cloudy,0,76.04,Winter
2023-02-11,S001,P0005,Bluetooth Speaker,Electronics,East,80,24,29,25,73.64,10,Rainy,0,67.37,Winter
2023-02-12,S001,P0005,Bluetooth Speaker,Electronics,East,84,35,39,36,73.64,0,Cloudy,0,70.33,Winter
2023-02-13,S001,P0005,Bluetooth Speaker,Electronics,East,70,33,42,30,73.64,10,Cloudy,0,71.57,Winter
2023-02-14,S001,P0005,Bluetooth Speaker,Electronics,East,80,36,28,34,73.64,0,Windy,0,70.9,Winter
2023-02-15,S001,P0005,Bluetooth Speaker,Electronics,East,50,31,32,28,73.64,10,Cloudy,0,79.98,Winter
2023-02-16,S001,P0005,Bluetooth Speaker,Electronics,East,102,26,34,25,73.64,10,Cloudy,0,70.79,Winter
2023-02-17,S001,P0005,Bluetooth Speaker,Electronics,East,60,24,24,25,73.64,15,Rainy,0,78.6,Winter
2023-02-18,S001,P0005,Bluetooth Speaker,Electronics,East,41,25,23,24,73.64,20,Windy,0,73.24,Winter
2023-02-19,S001,P0005,Bluetooth Speaker,Electronics,East,104,30,28,31,73.64,0,Cloudy,0,78.82,Winter
2023-02-20,S001,P0005,Bluetooth Speaker,Electronics,East,78,33,30,30,73.64,5,Sunny,0,73.19,Winter
2023-02-21,S001,P0005,Bluetooth Speaker,Electronics,East,150,38,45,40,73.64,0,Rainy,0,72.73,Winter
2023-02-22,S001,P0005,Bluetooth Speaker,Electronics,East,63,32,29,34,73.64,20,Sunny,0,73.63,Winter
2023-02-23,S001,P0005,Bluetooth Speaker,Electronics,East,61,27,33,28,73.64,0,Windy,0,71.4,Winter
2023-02-24,S001,P0005,Bluetooth Speaker,Electronics,East,79,25,31,24,73.64,0,Cloudy,0,80.82,Winter
2023-02-25,S001,P0005,Bluetooth Speaker,Electronics,East,82,28,32,28,73.64,0,Rainy,0,79.08,Winter
2023-02-26,S001,P0005,Bluetooth Speaker,Electronics,East,85,31,27,32,73.64,5,Sunny,0,66.67,Winter
2023-02-27,S001,P0005,Bluetooth Speaker,Electronics,East,102,35,48,36,73.64,0,Sunny,0,78.77,Winter
2023-02-28,S001,P0005,Bluetooth Speaker,Electronics,East,91,33,45,32,73.64,0,Windy,0,74.02,Winter
2023-03-01,S001,P0005,Bluetooth Speaker,Electronics,East,91,31,28,27,73.64,0,Windy,0,69.75,Spring
2023-03-02,S001,P0005,Bluetooth Speaker,Electronics,East,63,26,34,25,73.64,0,Sunny,0,74.46,Spring
2023-03-03,S001,P0005,Bluetooth Speaker,Electronics,East,55,28,38,28,73.64,0,Windy,0,79.97,Spring
2023-03-04,S001,P0005,Bluetooth Speaker,Electronics,East,92,28,35,30,73.64,0,Windy,0,80.3,Spring
2023-03-05,S001,P0005,Bluetooth Speaker,Electronics,East,104,29,32,29,73.64,0,Sunny,0,71.57,Spring
2023-03-06,S001,P0005,Bluetooth Speaker,Electronics,East,73,34,37,34,73.64,10,Windy,0,73.22,Spring
2023-03-07,S001,P0005,Bluetooth Speaker,Electronics,East,92,34,40,35,73.64,5,Rainy,0,76.72,Spring
2023-03-08,S001,P0005,Bluetooth Speaker,Electronics,East,88,31,28,32,73.64,10,Rainy,0,69.5,Spring
2023-03-09,S001,P0005,Bluetooth Speaker,Electronics,East,75,29,31,31,73.64,10,Sunny,0,69.74,Spring
2023-03-10,S001,P0005,Bluetooth Speaker,Electronics,East,44,25,23,26,73.64,0,Windy,0,74.6,Spring
2023-03-11,S001,P0005,Bluetooth Speaker,Electronics,East,84,30,24,31,73.64,0,Windy,0,75.32,Spring
2023-03-12,S001,P0005,Bluetooth Speaker,Electronics,East,116,33,41,31,73.64,0,Sunny,0,75.13,Spring
2023-03-13,S001,P0005,Bluetooth Speaker,Electronics,East,75,38,45,41,73.64,0,Rainy,0,74.76,Spring
2023-03-14,S001,P0005,Bluetooth Speaker,Electronics,East,118,38,40,34,73.64,5,Cloudy,0,79.53,Spring
2023-03-15,S001,P0005,Bluetooth Speaker,Electronics,East,122,32,28,32,73.64,10,Cloudy,0,74.89,Spring
2023-03-16,S001,P0005,Bluetooth Speaker,Electronics,East,58,29,36,29,73.64,0,Windy,0,70.21,Spring
2023-03-17,S001,P0005,Bluetooth Speaker,Electronics,East,38,25,21,25,73.64,5,Rainy,0,70.84,Spring
2023-03-18,S001,P0005,Bluetooth Speaker,Electronics,East,77,29,24,26,73.64,20,Cloudy,0,68.8,Spring
2023-03-19,S001,P0005,Bluetooth Speaker,Electronics,East,79,31,29,31,73.64,0,Rainy,0,73.43,Spring
2023-03-20,S001,P0005,Bluetooth Speaker,Electronics,East,121,35,36,35,73.64,0,Cloudy,0,75.5,Spring
2023-03-21,S001,P0005,Bluetooth Speaker,Electronics,East,98,36,35,39,73.64,0,Sunny,0,69.68,Spring
2023-03-22,S001,P0005,Bluetooth Speaker,Electronics,East,140,37,38,35,73.64,15,Rainy,0,80.85,Spring
2023-03-23,S001,P0005,Bluetooth Speaker,Electronics,East,71,25,20,26,73.64,5,Cloudy,0,67.51,Spring
2023-03-24,S001,P0005,Bluetooth Speaker,Electronics,East,61,28,30,30,73.64,0,Cloudy,0,69.19,Spring
2023-03-25,S001,P0005,Bluetooth Speaker,Electronics,East,89,26,29,24,73.64,0,Windy,0,72.11,Spring
2023-03-26,S001,P0005,Bluetooth Speaker,Electronics,East,106,27,32,24,73.64,5,Rainy,0,69.97,Spring
2023-03-27,S001,P0005,Bluetooth Speaker,Electronics,East,78,32,29,31,73.64,15,Rainy,0,70.03,Spring
2023-03-28,S001,P0005,Bluetooth Speaker,Electronics,East,90,31,39,33,73.64,0,Cloudy,0,67.26,Spring
2023-03-29,S001,P0005,Bluetooth Speaker,Electronics,East,87,34,31,36,73.64,0,Cloudy,0,80.62,Spring
2023-03-30,S001,P0005,Bluetooth Speaker,Electronics,East,90,26,30,24,73.64,0,Windy,0,68.17,Spring
2023-03-31,S001,P0005,Bluetooth Speaker,Electronics,East,99,25,29,23,73.64,0,Rainy,0,72.9,Spring
2023-04-01,S001,P0005,Bluetooth Speaker,Electronics,East,72,28,37,30,73.64,20,Cloudy,0,76.53,Spring
2023-04-02,S001,P0005,Bluetooth Speaker,Electronics,East,95,28,28,25,73.64,5,Cloudy,0,68.8,Spring
2023-04-03,S001,P0005,Bluetooth Speaker,Electronics,East,113,33,41,33,73.64,5,Windy,0,66.53,Spring
2023-04-04,S001,P0005,Bluetooth Speaker,Electronics,East,91,32,40,29,73.64,10,Sunny,0,72.28,Spring
2023-04-05,S001,P0005,Bluetooth Speaker,Electronics,East,59,31,25,31,73.64,15,Cloudy,0,80.3,Spring
2023-04-06,S001,P0005,Bluetooth Speaker,Electronics,East,107,32,25,31,73.64,15,Rainy,0,79.47,Spring
2023-04-07,S001,P0005,Bluetooth Speaker,Electronics,East,101,26,30,23,73.64,0,Rainy,0,76.52,Spring
2023-04-08,S001,P0005,Bluetooth Speaker,Electronics,East,59,25,30,23,73.64,0,Rainy,0,71.41,Spring
2023-04-09,S001,P0005,Bluetooth Speaker,Electronics,East,96,28,31,30,73.64,5,Rainy,0,73.25,Spring
2023-04-10,S001,P0005,Bluetooth Speaker,Electronics,East,113,33,31,35,73.64,0,Windy,0,74.92,Spring
2023-04-11,S001,P0005,Bluetooth Speaker,Electronics,East,101,35,39,37,73.64,0,Sunny,0,79.95,Spring
2023-04-12,S001,P0005,Bluetooth Speaker,Electronics,East,102,30,40,29,73.64,0,Sunny,0,67.35,Spring
2023-04-13,S001,P0005,Bluetooth Speaker,Electronics,East,101,28,28,28,73.64,10,Sunny,0,69.1,Spring
2023-04-14,S001,P0005,Bluetooth Speaker,Electronics,East,56,22,19,23,73.64,5,Windy,0,71.06,Spring
2023-04-15,S001,P0005,Bluetooth Speaker,Electronics,East,67,23,25,22,73.64,15,Cloudy,0,78.32,Spring
2023-04-16,S001,P0005,Bluetooth Speaker,Electronics,East,103,30,31,28,73.64,5,Cloudy,0,67.56,Spring
2023-04-17,S001,P0005,Bluetooth Speaker,Electronics,East,76,30,33,29,73.64,10,Sunny,0,76.35,Spring
2023-04-18,S001,P0005,Bluetooth Speaker,Electronics,East,137,35,30,35,73.64,5,Cloudy,0,67.21,Spring
2023-04-19,S001,P0005,Bluetooth Speaker,Electronics,East,94,31,32,32,73.64,10,Sunny,0,69.63,Spring
2023-04-20,S001,P0005,Bluetooth Speaker,Electronics,East,38,23,30,24,73.64,0,Cloudy,0,77.47,Spring
2023-04-21,S001,P0005,Bluetooth Speaker,Electronics,East,83,24,25,22,73.64,15,Cloudy,0,80.03,Spring
2023-04-22,S001,P0005,Bluetooth Speaker,Electronics,East,71,21,19,19,73.64,15,Cloudy,0,79.23,Spring
2023-04-23,S001,P0005,Bluetooth Speaker,Electronics,East,88,30,30,28,73.64,0,Sunny,0,80.41,Spring
2023-04-24,S001,P0005,Bluetooth Speaker,Electronics,East,86,32,34,34,73.64,10,Rainy,0,74.79,Spring
2023-04-25,S001,P0005,Bluetooth Speaker,Electronics,East,118,37,34,33,73.64,0,Cloudy,0,75.22,Spring
2023-04-26,S001,P0005,Bluetooth Speaker,Electronics,East,71,32,44,32,73.64,0,Windy,0,75.64,Spring
2023-04-27,S001,P0005,Bluetooth Speaker,Electronics,East,94,24,32,24,73.64,0,Windy,0,76.56,Spring
2023-04-28,S001,P0005,Bluetooth Speaker,Electronics,East,69,20,27,20,73.64,10,Cloudy,0,71.01,Spring
2023-04-29,S001,P0005,Bluetooth Speaker,Electronics,East,81,23,22,21,73.64,0,Rainy,0,72.82,Spring
2023-04-30,S001,P0005,Bluetooth Speaker,Electronics,East,46,25,25,23,73.64,10,Rainy,0,76.55,Spring
2023-05-01,S001,P0005,Bluetooth Speaker,Electronics,East,92,35,38,32,73.64,10,Cloudy,0,80.89,Spring
2023-05-02,S001,P0005,Bluetooth Speaker,Electronics,East,65,32,37,30,73.64,10,Rainy,0,66.72,Spring
2023-05-03,S001,P0005,Bluetooth Speaker,Electronics,East,54,31,28,32,73.64,0,Windy,0,77.43,Spring
2023-05-04,S001,P0005,Bluetooth Speaker,Electronics,East,73,25,27,26,73.64,15,Cloudy,0,67.71,Spring
2023-05-05,S001,P0005,Bluetooth Speaker,Electronics,East,60,22,28,23,73.64,0,Windy,0,76.55,Spring
2023-05-06,S001,P0005,Bluetooth Speaker,Electronics,East,82,23,30,22,73.64,5,Windy,0,80.79,Spring
2023-05-07,S001,P0005,Bluetooth Speaker,Electronics,East,80,29,24,27,73.64,15,Sunny,0,67.91,Spring
2023-05-08,S001,P0005,Bluetooth Speaker,Electronics,East,93,31,41,33,73.64,0,Windy,0,77.53,Spring
2023-05-09,S001,P0005,Bluetooth Speaker,Electronics,East,53,29,34,27,73.64,0,Sunny,0,80.72,Spring
2023-05-10,S001,P0005,Bluetooth Speaker,Electronics,East,99,32,38,34,73.64,5,Rainy,0,72.68,Spring
2023-05-11,S001,P0005,Bluetooth Speaker,Electronics,East,46,24,28,23,73.64,0,Sunny,0,77.57,Spring
2023-05-12,S001,P0005,Bluetooth Speaker,Electronics,East,61,21,18,20,73.64,0,Rainy,0,66.79,Spring
2023-05-13,S001,P0005,Bluetooth Speaker,Electronics,East,71,18,25,18,73.64,0,Sunny,0,77.72,Spring
2023-05-14,S001,P0005,Bluetooth Speaker,Electronics,East,78,28,22,29,73.64,15,Rainy,0,80.78,Spring
2023-05-15,S001,P0005,Bluetooth Speaker,Electronics,East,79,30,30,29,73.64,0,Sunny,0,71.85,Spring
2023-05-16,S001,P0005,Bluetooth Speaker,Electronics,East,107,31,25,32,73.64,15,Rainy,0,77.66,Spring
2023-05-17,S001,P0005,Bluetooth Speaker,Electronics,East,74,27,35,26,73.64,5,Cloudy,0,70.88,Spring
2023-05-18,S001,P0005,Bluetooth Speaker,Electronics,East,73,23,20,23,73.64,0,Sunny,0,73.14,Spring
2023-05-19,S001,P0005,Bluetooth Speaker,Electronics,East,56,21,28,22,73.64,10,Rainy,0,76.38,Spring
2023-05-20,S001,P0005,Bluetooth Speaker,Electronics,East,81,23,27,22,73.64,0,Sunny,0,69.95,Spring
2023-05-21,S001,P0005,Bluetooth Speaker,Electronics,East,94,27,34,24,73.64,0,Cloudy,0,72.5,Spring
2023-05-22,S001,P0005,Bluetooth Speaker,Electronics,East,54,29,29,31,73.64,5,Cloudy,0,73.29,Spring
2023-05-23,S001,P0005,Bluetooth Speaker,Electronics,East,86,32,34,32,73.64,10,Rainy,0,69.96,Spring
2023-05-24,S001,P0005,Bluetooth Speaker,Electronics,East,99,27,33,25,73.64,20,Cloudy,0,66.72,Spring
2023-05-25,S001,P0005,Bluetooth Speaker,Electronics,East,88,23,29,23,73.64,0,Windy,0,68.43,Spring
2023-05-26,S001,P0005,Bluetooth Speaker,Electronics,East,41,21,20,22,73.64,5,Windy,0,79.06,Spring
2023-05-27,S001,P0005,Bluetooth Speaker,Electronics,East,42,20,23,18,73.64,0,Cloudy,0,74.88,Spring
2023-05-28,S001,P0005,Bluetooth Speaker,Electronics,East,58,26,24,28,73.64,0,Rainy,0,72.0,Spring
2023-05-29,S001,P0005,Bluetooth Speaker,Electronics,East,58,26,31,23,73.64,5,Rainy,0,77.24,Spring
2023-05-30,S001,P0005,Bluetooth Speaker,Electronics,East,58,27,27,29,73.64,10,Sunny,0,67.81,Spring
2023-05-31,S001,P0005,Bluetooth Speaker,Electronics,East,59,23,22,23,73.64,0,Rainy,0,74.03,Spring
2023-06-01,S001,P0005,Bluetooth Speaker,Electronics,East,59,23,28,20,73.64,5,Rainy,0,70.88,Summer
2023-06-02,S001,P0005,Bluetooth Speaker,Electronics,East,53,23,19,22,73.64,5,Sunny,0,68.07,Summer
2023-06-03,S001,P0005,Bluetooth Speaker,Electronics,East,72,21,24,19,73.64,10,Rainy,0,78.14,Summer
2023-06-04,S001,P0005,Bluetooth Speaker,Electronics,East,97,26,31,23,73.64,0,Windy,0,73.73,Summer
2023-06-05,S001,P0005,Bluetooth Speaker,Electronics,East,81,32,37,33,73.64,0,Windy,0,79.47,Summer
2023-06-06,S001,P0005,Bluetooth Speaker,Electronics,East,89,29,35,30,73.64,0,Sunny,0,72.03,Summer
2023-06-07,S001,P0005,Bluetooth Speaker,Electronics,East,56,25,23,25,73.64,10,Cloudy,0,70.22,Summer
2023-06-08,S001,P0005,Bluetooth Speaker,Electronics,East,34,21,25,22,73.64,0,Rainy,0,68.44,Summer
2023-06-09,S001,P0005,Bluetooth Speaker,Electronics,East,43,20,27,20,73.64,10,Cloudy,0,69.7,Summer
2023-06-10,S001,P0005,Bluetooth Speaker,Electronics,East,46,20,25,18,73.64,0,Sunny,0,77.58,Summer
2023-06-11,S001,P0005,Bluetooth Speaker,Electronics,East,85,23,21,23,73.64,15,Windy,0,78.79,Summer
2023-06-12,S001,P0005,Bluetooth Speaker,Electronics,East,47,29,28,27,73.64,0,Rainy,0,73.11,Summer
2023-06-13,S001,P0005,Bluetooth Speaker,Electronics,East,117,30,29,31,73.64,5,Windy,0,66.61,Summer
2023-06-14,S001,P0005,Bluetooth Speaker,Electronics,East,43,23,22,22,73.64,0,Cloudy,0,69.89,Summer
2023-06-15,S001,P0005,Bluetooth Speaker,Electronics,East,67,21,17,22,73.64,0,Cloudy,0,79.96,Summer
2023-06-16,S001,P0005,Bluetooth Speaker,Electronics,East,56,19,22,19,73.64,10,Windy,0,80.48,Summer
2023-06-17,S001,P0005,Bluetooth Speaker,Electronics,East,63,21,26,18,73.64,0,Windy,0,74.04,Summer
2023-06-18,S001,P0005,Bluetooth Speaker,Electronics,East,82,25,25,23,73.64,5,Rainy,0,74.49,Summer
2023-06-19,S001,P0005,Bluetooth Speaker,Electronics,East,119,32,32,30,73.64,15,Sunny,0,77.89,Summer
2023-06-20,S001,P0005,Bluetooth Speaker,Electronics,East,71,26,26,24,73.64,10,Windy,0,75.37,Summer
2023-06-21,S001,P0005,Bluetooth Speaker,Electronics,East,91,24,28,26,73.64,0,Windy,0,73.26,Summer
2023-06-22,S001,P0005,Bluetooth Speaker,Electronics,East,84,22,30,24,73.64,0,Rainy,0,73.09,Summer
2023-06-23,S001,P0005,Bluetooth Speaker,Electronics,East,44,18,24,17,73.64,0,Windy,0,77.42,Summer
2023-06-24,S001,P0005,Bluetooth Speaker,Electronics,East,74,19,26,19,73.64,15,Sunny,0,80.82,Summer
2023-06-25,S001,P0005,Bluetooth Speaker,Electronics,East,43,22,30,22,73.64,0,Cloudy,0,74.17,Summer
2023-06-26,S001,P0005,Bluetooth Speaker,Electronics,East,58,21,28,21,73.64,0,Cloudy,0,74.39,Summer
2023-06-27,S001,P0005,Bluetooth Speaker,Electronics,East,102,27,28,27,73.64,15,Cloudy,0,70.39,Summer
2023-06-28,S001,P0005,Bluetooth Speaker,Electronics,East,49,24,26,24,73.64,0,Sunny,0,70.28,Summer
2023-06-29,S001,P0005,Bluetooth Speaker,Electronics,East,42,23,28,21,73.64,0,Cloudy,0,68.01,Summer
2023-06-30,S001,P0005,Bluetooth Speaker,Electronics,East,40,19,25,19,73.64,20,Windy,0,74.54,Summer
2023-07-01,S001,P0005,Bluetooth Speaker,Electronics,East,65,18,23,17,73.64,0,Rainy,0,77.53,Summer
2023-07-02,S001,P0005,Bluetooth Speaker,Electronics,East,82,22,28,19,73.64,5,Rainy,0,80.54,Summer
2023-07-03,S001,P0005,Bluetooth Speaker,Electronics,East,39,22,28,22,73.64,10,Windy,0,71.27,Summer
2023-07-04,S001,P0005,Bluetooth Speaker,Electronics,East,69,24,31,24,73.64,15,Windy,0,80.64,Summer
2023-07-05,S001,P0005,Bluetooth Speaker,Electronics,East,69,25,26,23,73.64,5,Cloudy,0,76.38,Summer
2023-07-06,S001,P0005,Bluetooth Speaker,Electronics,East,76,20,27,21,73.64,0,Rainy,0,76.82,Summer
2023-07-07,S001,P0005,Bluetooth Speaker,Electronics,East,67,19,20,20,73.64,0,Sunny,0,71.84,Summer
2023-07-08,S001,P0005,Bluetooth Speaker,Electronics,East,63,16,17,17,73.64,0,Cloudy,0,73.91,Summer
2023-07-09,S001,P0005,Bluetooth Speaker,Electronics,East,63,22,28,24,73.64,0,Windy,0,71.11,Summer
2023-07-10,S001,P0005,Bluetooth Speaker,Electronics,East,53,24,27,25,73.64,10,Windy,0,72.88,Summer
2023-07-11,S001,P0005,Bluetooth Speaker,Electronics,East,57,27,23,26,73.64,0,Windy,0,79.12,Summer
2023-07-12,S001,P0005,Bluetooth Speaker,Electronics,East,57,25,31,23,73.64,0,Sunny,0,80.06,Summer
2023-07-13,S001,P0005,Bluetooth Speaker,Electronics,East,53,21,24,19,73.64,0,Cloudy,0,70.41,Summer
2023-07-14,S001,P0005,Bluetooth Speaker,Electronics,East,47,20,26,19,73.64,0,Cloudy,0,71.97,Summer
2023-07-15,S001,P0005,Bluetooth Speaker,Electronics,East,32,18,23,17,73.64,20,Cloudy,0,80.36,Summer
2023-07-16,S001,P0005,Bluetooth Speaker,Electronics,East,40,24,26,22,73.64,0,Rainy,0,75.96,Summer
2023-07-17,S001,P0005,Bluetooth Speaker,Electronics,East,45,23,28,22,73.64,5,Windy,0,80.98,Summer
2023-07-18,S001,P0005,Bluetooth Speaker,Electronics,East,68,23,30,23,73.64,10,Rainy,0,69.77,Summer
2023-07-19,S001,P0005,Bluetooth Speaker,Electronics,East,58,24,19,25,73.64,5,Rainy,0,67.04,Summer
2023-07-20,S001,P0005,Bluetooth Speaker,Electronics,East,34,18,19,19,73.64,5,Rainy,0,76.1,Summer
2023-07-21,S001,P0005,Bluetooth Speaker,Electronics,East,66,18,16,19,73.64,5,Sunny,0,72.91,Summer
2023-07-22,S001,P0005,Bluetooth Speaker,Electronics,East,43,18,18,18,73.64,0,Rainy,0,72.54,Summer
2023-07-23,S001,P0005,Bluetooth Speaker,Electronics,East,63,23,20,22,73.64,5,Sunny,0,72.8,Summer
2023-07-24,S001,P0005,Bluetooth Speaker,Electronics,East,90,24,27,24,73.64,5,Windy,0,80.33,Summer
2023-07-25,S001,P0005,Bluetooth Speaker,Electronics,East,59,25,23,22,73.64,0,Sunny,0,77.91,Summer
2023-07-26,S001,P0005,Bluetooth Speaker,Electronics,East,52,24,21,26,73.64,0,Cloudy,0,79.97,Summer
2023-07-27,S001,P0005,Bluetooth Speaker,Electronics,East,71,19,20,17,73.64,15,Windy,0,71.09,Summer
2023-07-28,S001,P0005,Bluetooth Speaker,Electronics,East,55,17,13,15,73.64,0,Cloudy,0,68.09,Summer
2023-07-29,S001,P0005,Bluetooth Speaker,Electronics,East,33,19,23,17,73.64,0,Rainy,0,68.43,Summer
2023-07-30,S001,P0005,Bluetooth Speaker,Electronics,East,70,21,19,19,73.64,0,Windy,0,79.18,Summer
2023-07-31,S001,P0005,Bluetooth Speaker,Electronics,East,49,23,21,24,73.64,0,Windy,0,69.96,Summer
2023-08-01,S001,P0005,Bluetooth Speaker,Electronics,East,89,25,28,22,73.64,15,Sunny,0,76.99,Summer
2023-08-02,S001,P0005,Bluetooth Speaker,Electronics,East,41,25,30,26,73.64,10,Windy,0,80.37,Summer
2023-08-03,S001,P0005,Bluetooth Speaker,Electronics,East,52,19,20,19,73.64,5,Sunny,0,75.11,Summer
2023-08-04,S001,P0005,Bluetooth Speaker,Electronics,East,26,17,19,18,73.64,0,Windy,0,67.25,Summer
2023-08-05,S001,P0005,Bluetooth Speaker,Electronics,East,61,16,17,15,73.64,0,Rainy,0,72.29,Summer
2023-08-06,S001,P0005,Bluetooth Speaker,Electronics,East,66,21,24,21,73.64,0,Cloudy,0,75.27,Summer
2023-08-07,S001,P0005,Bluetooth Speaker,Electronics,East,48,25,22,22,73.64,0,Windy,0,68.05,Summer
2023-08-08,S001,P0005,Bluetooth Speaker,Electronics,East,50,26,22,24,73.64,5,Rainy,0,73.76,Summer
2023-08-09,S001,P0005,Bluetooth Speaker,Electronics,East,81,23,20,23,73.64,5,Windy,0,70.88,Summer
2023-08-10,S001,P0005,Bluetooth Speaker,Electronics,East,39,21,17,22,73.64,0,Windy,0,71.82,Summer
2023-08-11,S001,P0005,Bluetooth Speaker,Electronics,East,61,18,18,18,73.64,5,Windy,0,73.36,Summer
2023-08-12,S001,P0005,Bluetooth Speaker,Electronics,East,40,19,18,19,73.64,0,Sunny,0,76.2,Summer
2023-08-13,S001,P0005,Bluetooth Speaker,Electronics,East,36,22,30,20,73.64,10,Windy,0,77.18,Summer
2023-08-14,S001,P0005,Bluetooth Speaker,Electronics,East,67,26,32,27,73.64,5,Windy,0,68.3,Summer
2023-08-15,S001,P0005,Bluetooth Speaker,Electronics,East,40,24,26,24,73.64,10,Windy,0,73.1,Summer
2023-08-16,S001,P0005,Bluetooth Speaker,Electronics,East,54,20,19,20,73.64,0,Windy,0,73.09,Summer
2023-08-17,S001,P0005,Bluetooth Speaker,Electronics,East,42,20,18,19,73.64,10,Windy,0,69.65,Summer
2023-08-18,S001,P0005,Bluetooth Speaker,Electronics,East,48,18,17,18,73.64,0,Sunny,0,79.21,Summer
2023-08-19,S001,P0005,Bluetooth Speaker,Electronics,East,44,20,16,18,73.64,5,Windy,0,76.35,Summer
2023-08-20,S001,P0005,Bluetooth Speaker,Electronics,East,45,23,22,22,73.64,0,Rainy,0,80.39,Summer
2023-08-21,S001,P0005,Bluetooth Speaker,Electronics,East,44,27,27,25,73.64,0,Rainy,0,72.28,Summer
2023-08-22,S001,P0005,Bluetooth Speaker,Electronics,East,44,26,30,26,73.64,0,Sunny,0,67.41,Summer
2023-08-23,S001,P0005,Bluetooth Speaker,Electronics,East,50,23,31,24,73.64,15,Windy,0,69.64,Summer
2023-08-24,S001,P0005,Bluetooth Speaker,Electronics,East,40,17,15,17,73.64,10,Cloudy,0,73.48,Summer
2023-08-25,S001,P0005,Bluetooth Speaker,Electronics,East,59,18,23,18,73.64,15,Cloudy,0,73.64,Summer
2023-08-26,S001,P0005,Bluetooth Speaker,Electronics,East,66,17,22,17,73.64,20,Rainy,0,74.78,Summer
2023-08-27,S001,P0005,Bluetooth Speaker,Electronics,East,77,21,16,19,73.64,0,Windy,0,74.91,Summer
2023-08-28,S001,P0005,Bluetooth Speaker,Electronics,East,46,24,20,22,73.64,5,Cloudy,0,71.41,Summer
2023-08-29,S001,P0005,Bluetooth Speaker,Electronics,East,84,26,24,25,73.64,0,Cloudy,0,73.81,Summer
2023-08-30,S001,P0005,Bluetooth Speaker,Electronics,East,43,23,23,23,73.64,15,Cloudy,0,66.93,Summer
2023-08-31,S001,P0005,Bluetooth Speaker,Electronics,East,81,21,24,22,73.64,10,Rainy,0,72.39,Summer
2023-09-01,S001,P0005,Bluetooth Speaker,Electronics,East,22,14,13,13,73.64,0,Cloudy,0,73.75,Autumn
2023-09-02,S001,P0005,Bluetooth Speaker,Electronics,East,54,18,16,17,73.64,0,Cloudy,0,76.54,Autumn
2023-09-03,S001,P0005,Bluetooth Speaker,Electronics,East,76,23,19,22,73.64,5,Sunny,0,80.52,Autumn
2023-09-04,S001,P0005,Bluetooth Speaker,Electronics,East,68,27,22,25,73.64,0,Sunny,0,68.6,Autumn
2023-09-05,S001,P0005,Bluetooth Speaker,Electronics,East,98,26,23,23,73.64,5,Cloudy,0,78.43,Autumn
2023-09-06,S001,P0005,Bluetooth Speaker,Electronics,East,96,26,25,26,73.64,0,Rainy,0,68.8,Autumn
2023-09-07,S001,P0005,Bluetooth Speaker,Electronics,East,61,20,25,18,73.64,10,Windy,0,72.67,Autumn
2023-09-08,S001,P0005,Bluetooth Speaker,Electronics,East,70,18,15,16,73.64,0,Sunny,0,70.71,Autumn
2023-09-09,S001,P0005,Bluetooth Speaker,Electronics,East,42,19,22,17,73.64,5,Windy,0,73.03,Autumn
2023-09-10,S001,P0005,Bluetooth Speaker,Electronics,East,49,21,19,19,73.64,5,Rainy,0,68.75,Autumn
2023-09-11,S001,P0005,Bluetooth Speaker,Electronics,East,53,23,24,23,73.64,0,Rainy,0,72.58,Autumn
2023-09-12,S001,P0005,Bluetooth Speaker,Electronics,East,76,24,31,25,73.64,15,Cloudy,0,80.68,Autumn
2023-09-13,S001,P0005,Bluetooth Speaker,Electronics,East,61,21,18,19,73.64,10,Sunny,0,75.32,Autumn
2023-09-14,S001,P0005,Bluetooth Speaker,Electronics,East,66,21,21,21,73.64,0,Sunny,0,68.56,Autumn
2023-09-15,S001,P0005,Bluetooth Speaker,Electronics,East,63,18,20,19,73.64,0,Sunny,0,77.31,Autumn
2023-09-16,S001,P0005,Bluetooth Speaker,Electronics,East,49,18,23,19,73.64,10,Windy,0,67.83,Autumn
2023-09-17,S001,P0005,Bluetooth Speaker,Electronics,East,37,21,17,21,73.64,5,Rainy,0,78.57,Autumn
2023-09-18,S001,P0005,Bluetooth Speaker,Electronics,East,43,26,34,24,73.64,0,Sunny,0,76.9,Autumn
2023-09-19,S001,P0005,Bluetooth Speaker,Electronics,East,75,27,30,26,73.64,10,Sunny,0,69.79,Autumn
2023-09-20,S001,P0005,Bluetooth Speaker,Electronics,East,79,22,21,21,73.64,10,Rainy,0,67.02,Autumn
2023-09-21,S001,P0005,Bluetooth Speaker,Electronics,East,28,18,22,17,73.64,0,Cloudy,0,76.44,Autumn
2023-09-22,S001,P0005,Bluetooth Speaker,Electronics,East,68,19,26,18,73.64,5,Cloudy,0,77.32,Autumn
2023-09-23,S001,P0005,Bluetooth Speaker,Electronics,East,34,17,14,18,73.64,0,Sunny,0,66.35,Autumn
2023-09-24,S001,P0005,Bluetooth Speaker,Electronics,East,58,23,27,22,73.64,0,Rainy,0,77.09,Autumn
2023-09-25,S001,P0005,Bluetooth Speaker,Electronics,East,67,28,36,29,73.64,0,Windy,0,72.15,Autumn
2023-09-26,S001,P0005,Bluetooth Speaker,Electronics,East,46,29,24,26,73.64,0,Cloudy,0,68.53,Autumn
2023-09-27,S001,P0005,Bluetooth Speaker,Electronics,East,87,25,32,25,73.64,15,Sunny,0,75.47,Autumn
2023-09-28,S001,P0005,Bluetooth Speaker,Electronics,East,71,22,21,22,73.64,0,Sunny,0,79.1,Autumn
2023-09-29,S001,P0005,Bluetooth Speaker,Electronics,East,73,22,18,19,73.64,0,Windy,0,66.69,Autumn
2023-09-30,S001,P0005,Bluetooth Speaker,Electronics,East,51,16,16,14,73.64,0,Cloudy,0,74.13,Autumn
2023-10-01,S001,P0005,Bluetooth Speaker,Electronics,East,61,22,24,21,73.64,0,Windy,0,75.3,Autumn
2023-10-02,S001,P0005,Bluetooth Speaker,Electronics,East,63,28,30,25,73.64,15,Windy,0,70.78,Autumn
2023-10-03,S001,P0005,Bluetooth Speaker,Electronics,East,103,26,29,24,73.64,0,Windy,0,70.19,Autumn
2023-10-04,S001,P0005,Bluetooth Speaker,Electronics,East,107,27,28,25,73.64,0,Rainy,0,72.24,Autumn
2023-10-05,S001,P0005,Bluetooth Speaker,Electronics,East,76,21,16,22,73.64,0,Rainy,0,77.94,Autumn
2023-10-06,S001,P0005,Bluetooth Speaker,Electronics,East,62,19,23,19,73.64,0,Rainy,0,67.01,Autumn
2023-10-07,S001,P0005,Bluetooth Speaker,Electronics,East,66,20,17,18,73.64,0,Rainy,0,73.62,Autumn
2023-10-08,S001,P0005,Bluetooth Speaker,Electronics,East,76,22,28,23,73.64,0,Rainy,0,72.58,Autumn
2023-10-09,S001,P0005,Bluetooth Speaker,Electronics,East,62,26,31,26,73.64,10,Sunny,0,71.39,Autumn
2023-10-10,S001,P0005,Bluetooth Speaker,Electronics,East,87,28,24,30,73.64,0,Cloudy,0,67.92,Autumn
2023-10-11,S001,P0005,Bluetooth Speaker,Electronics,East,61,24,22,26,73.64,10,Rainy,0,76.87,Autumn
2023-10-12,S001,P0005,Bluetooth Speaker,Electronics,East,83,23,25,22,73.64,5,Cloudy,0,68.54,Autumn
2023-10-13,S001,P0005,Bluetooth Speaker,Electronics,East,52,20,24,19,73.64,0,Sunny,0,75.01,Autumn
2023-10-14,S001,P0005,Bluetooth Speaker,Electronics,East,87,22,21,23,73.64,10,Rainy,0,67.28,Autumn
2023-10-15,S001,P0005,Bluetooth Speaker,Electronics,East,45,22,26,22,73.64,0,Windy,0,73.56,Autumn
2023-10-16,S001,P0005,Bluetooth Speaker,Electronics,East,55,24,24,25,73.64,10,Sunny,0,77.71,Autumn
2023-10-17,S001,P0005,Bluetooth Speaker,Electronics,East,49,28,25,27,73.64,0,Windy,0,69.76,Autumn
2023-10-18,S001,P0005,Bluetooth Speaker,Electronics,East,98,31,32,29,73.64,15,Windy,0,73.29,Autumn
2023-10-19,S001,P0005,Bluetooth Speaker,Electronics,East,41,24,31,22,73.64,10,Cloudy,0,70.14,Autumn
2023-10-20,S001,P0005,Bluetooth Speaker,Electronics,East,37,19,16,19,73.64,20,Sunny,0,67.63,Autumn
2023-10-21,S001,P0005,Bluetooth Speaker,Electronics,East,37,22,24,20,73.64,0,Cloudy,0,77.73,Autumn
2023-10-22,S001,P0005,Bluetooth Speaker,Electronics,East,48,26,26,24,73.64,15,Windy,0,69.8,Autumn
2023-10-23,S001,P0005,Bluetooth Speaker,Electronics,East,59,25,27,25,73.64,10,Cloudy,0,78.39,Autumn
2023-10-24,S001,P0005,Bluetooth Speaker,Electronics,East,64,32,44,30,73.64,0,Cloudy,0,76.26,Autumn
2023-10-25,S001,P0005,Bluetooth Speaker,Electronics,East,55,27,23,26,73.64,5,Rainy,0,73.8,Autumn
2023-10-26,S001,P0005,Bluetooth Speaker,Electronics,East,75,23,30,25,73.64,10,Cloudy,0,67.4,Autumn
2023-10-27,S001,P0005,Bluetooth Speaker,Electronics,East,63,21,24,19,73.64,0,Rainy,0,74.86,Autumn
2023-10-28,S001,P0005,Bluetooth Speaker,Electronics,East,53,23,29,22,73.64,0,Rainy,0,74.57,Autumn
2023-10-29,S001,P0005,Bluetooth Speaker,Electronics,East,48,24,27,23,73.64,5,Rainy,0,75.92,Autumn
2023-10-30,S001,P0005,Bluetooth Speaker,Electronics,East,103,26,32,25,73.64,0,Sunny,0,71.99,Autumn
2023-10-31,S001,P0005,Bluetooth Speaker,Electronics,East,97,31,37,33,73.64,10,Cloudy,0,73.0,Autumn
2023-11-01,S001,P0005,Bluetooth Speaker,Electronics,East,62,24,28,23,73.64,5,Cloudy,0,66.35,Autumn
2023-11-02,S001,P0005,Bluetooth Speaker,Electronics,East,51,23,31,23,73.64,0,Windy,0,71.64,Autumn
2023-11-03,S001,P0005,Bluetooth Speaker,Electronics,East,60,23,30,25,73.64,0,Sunny,0,78.67,Autumn
2023-11-04,S001,P0005,Bluetooth Speaker,Electronics,East,49,23,26,23,73.64,0,Windy,0,69.26,Autumn
2023-11-05,S001,P0005,Bluetooth Speaker,Electronics,East,55,28,26,26,73.64,10,Rainy,0,77.06,Autumn
2023-11-06,S001,P0005,Bluetooth Speaker,Electronics,East,110,31,39,30,73.64,5,Windy,0,77.79,Autumn
2023-11-07,S001,P0005,Bluetooth Speaker,Electronics,East,99,36,31,35,73.64,0,Sunny,0,67.45,Autumn
2023-11-08,S001,P0005,Bluetooth Speaker,Electronics,East,84,27,31,24,73.64,0,Rainy,0,67.68,Autumn
2023-11-09,S001,P0005,Bluetooth Speaker,Electronics,East,90,25,33,24,73.64,0,Cloudy,0,74.78,Autumn
2023-11-10,S001,P0005,Bluetooth Speaker,Electronics,East,36,21,23,21,73.64,20,Rainy,0,70.81,Autumn
2023-11-11,S001,P0005,Bluetooth Speaker,Electronics,East,40,25,26,25,73.64,0,Cloudy,0,68.94,Autumn
2023-11-12,S001,P0005,Bluetooth Speaker,Electronics,East,65,27,37,24,73.64,15,Rainy,0,78.6,Autumn
2023-11-13,S001,P0005,Bluetooth Speaker,Electronics,East,120,34,43,33,73.64,15,Sunny,0,74.81,Autumn
2023-11-14,S001,P0005,Bluetooth Speaker,Electronics,East,123,31,30,30,73.64,0,Rainy,0,79.57,Autumn
2023-11-15,S001,P0005,Bluetooth Speaker,Electronics,East,60,32,31,33,73.64,0,Sunny,0,67.96,Autumn
2023-11-16,S001,P0005,Bluetooth Speaker,Electronics,East,75,26,31,26,73.64,5,Windy,0,80.41,Autumn
2023-11-17,S001,P0005,Bluetooth Speaker,Electronics,East,51,23,26,22,73.64,0,Windy,0,67.3,Autumn
2023-11-18,S001,P0005,Bluetooth Speaker,Electronics,East,95,25,21,25,73.64,0,Cloudy,0,77.39,Autumn
2023-11-19,S001,P0005,Bluetooth Speaker,Electronics,East,57,28,28,28,73.64,0,Cloudy,0,75.83,Autumn
2023-11-20,S001,P0005,Bluetooth Speaker,Electronics,East,50,32,25,31,73.64,0,Cloudy,0,71.6,Autumn
2023-11-21,S001,P0005,Bluetooth Speaker,Electronics,East,51,32,35,32,73.64,15,Sunny,0,75.68,Autumn
2023-11-22,S001,P0005,Bluetooth Speaker,Electronics,East,89,29,28,30,73.64,0,Rainy,0,69.05,Autumn
2023-11-23,S001,P0005,Bluetooth Speaker,Electronics,East,76,25,29,23,73.64,10,Sunny,0,77.13,Autumn
2023-11-24,S001,P0005,Bluetooth Speaker,Electronics,East,65,28,25,26,73.64,0,Rainy,1,77.53,Autumn
2023-11-25,S001,P0005,Bluetooth Speaker,Electronics,East,120,37,46,38,73.64,0,Cloudy,1,75.27,Autumn
2023-11-26,S001,P0005,Bluetooth Speaker,Electronics,East,67,34,44,37,73.64,5,Rainy,1,73.15,Autumn
2023-11-27,S001,P0005,Bluetooth Speaker,Electronics,East,227,57,62,59,73.64,15,Cloudy,1,69.77,Autumn
2023-11-28,S001,P0005,Bluetooth Speaker,Electronics,East,147,56,71,54,73.64,0,Rainy,1,77.83,Autumn
2023-11-29,S001,P0005,Bluetooth Speaker,Electronics,East,171,53,51,52,73.64,5,Rainy,1,69.91,Autumn
2023-11-30,S001,P0005,Bluetooth Speaker,Electronics,East,41,23,21,23,73.64,0,Sunny,0,72.77,Autumn
2023-12-01,S001,P0005,Bluetooth Speaker,Electronics,East,87,24,26,26,73.64,0,Sunny,0,66.51,Winter
2023-12-02,S001,P0005,Bluetooth Speaker,Electronics,East,94,26,30,26,73.64,15,Rainy,0,72.95,Winter
2023-12-03,S001,P0005,Bluetooth Speaker,Electronics,East,99,29,32,27,73.64,0,Cloudy,0,68.13,Winter
2023-12-04,S001,P0005,Bluetooth Speaker,Electronics,East,89,37,49,35,73.64,0,Sunny,0,70.98,Winter
2023-12-05,S001,P0005,Bluetooth Speaker,Electronics,East,94,33,38,33,73.64,0,Cloudy,0,80.94,Winter
2023-12-06,S001,P0005,Bluetooth Speaker,Electronics,East,94,27,27,27,73.64,10,Windy,0,71.45,Winter
2023-12-07,S001,P0005,Bluetooth Speaker,Electronics,East,55,29,26,26,73.64,10,Sunny,0,76.42,Winter
2023-12-08,S001,P0005,Bluetooth Speaker,Electronics,East,66,24,24,25,73.64,0,Rainy,0,66.85,Winter
2023-12-09,S001,P0005,Bluetooth Speaker,Electronics,East,67,22,25,23,73.64,0,Cloudy,0,80.26,Winter
2023-12-10,S001,P0005,Bluetooth Speaker,Electronics,East,74,30,41,27,73.64,0,Rainy,0,78.0,Winter
2023-12-11,S001,P0005,Bluetooth Speaker,Electronics,East,100,37,33,37,73.64,0,Rainy,0,66.76,Winter
2023-12-12,S001,P0005,Bluetooth Speaker,Electronics,East,75,32,30,31,73.64,0,Windy,0,80.3,Winter
2023-12-13,S001,P0005,Bluetooth Speaker,Electronics,East,97,38,40,36,73.64,0,Windy,0,76.8,Winter
2023-12-14,S001,P0005,Bluetooth Speaker,Electronics,East,91,26,27,26,73.64,5,Cloudy,0,79.44,Winter
2023-12-15,S001,P0005,Bluetooth Speaker,Electronics,East,95,25,24,27,73.64,15,Rainy,0,77.98,Winter
2023-12-16,S001,P0005,Bluetooth Speaker,Electronics,East,94,24,25,25,73.64,5,Windy,0,76.57,Winter
2023-12-17,S001,P0005,Bluetooth Speaker,Electronics,East,104,31,28,30,73.64,10,Windy,0,77.29,Winter
2023-12-18,S001,P0005,Bluetooth Speaker,Electronics,East,125,35,44,35,73.64,10,Cloudy,0,68.34,Winter
2023-12-19,S001,P0005,Bluetooth Speaker,Electronics,East,118,32,37,34,73.64,5,Windy,0,71.57,Winter
2023-12-20,S001,P0005,Bluetooth Speaker,Electronics,East,247,87,93,82,73.64,10,Windy,1,69.9,Winter
2023-12-21,S001,P0005,Bluetooth Speaker,Electronics,East,175,57,50,56,73.64,0,Rainy,1,72.73,Winter
2023-12-22,S001,P0005,Bluetooth Speaker,Electronics,East,133,51,43,56,73.64,15,Rainy,1,78.72,Winter
2023-12-23,S001,P0005,Bluetooth Speaker,Electronics,East,169,50,43,52,73.64,5,Cloudy,1,73.48,Winter
2023-12-24,S001,P0005,Bluetooth Speaker,Electronics,East,206,61,57,57,73.64,0,Sunny,1,67.88,Winter
2023-12-25,S001,P0005,Bluetooth Speaker,Electronics,East,147,66,73,63,73.64,10,Windy,1,69.61,Winter
2023-12-26,S001,P0005,Bluetooth Speaker,Electronics,East,135,59,50,55,73.64,15,Windy,1,67.37,Winter
2023-12-27,S001,P0005,Bluetooth Speaker,Electronics,East,129,61,81,61,73.64,0,Sunny,1,72.92,Winter
2023-12-28,S001,P0005,Bluetooth Speaker,Electronics,East,79,41,40,37,73.64,0,Sunny,1,69.05,Winter
2023-12-29,S001,P0005,Bluetooth Speaker,Electronics,East,155,49,66,46,73.64,15,Rainy,1,71.61,Winter
2023-12-30,S001,P0005,Bluetooth Speaker,Electronics,East,154,44,36,43,73.64,0,Windy,1,78.34,Winter
2023-12-31,S001,P0005,Bluetooth Speaker,Electronics,East,145,52,52,47,73.64,5,Cloudy,1,68.85,Winter
2023-01-01,S001,P0006,Organic Pasta 500g,Groceries,South,358,174,178,159,4.5,0,Windy,0,4.58,Winter
2023-01-02,S001,P0006,Organic Pasta 500g,Groceries,South,563,162,192,158,4.5,5,Rainy,0,4.7,Winter
2023-01-03,S001,P0006,Organic Pasta 500g,Groceries,South,403,200,237,203,4.5,5,Windy,0,4.66,Winter
2023-01-04,S001,P0006,Organic Pasta 500g,Groceries,South,708,187,256,191,4.5,10,Windy,0,4.87,Winter
2023-01-05,S001,P0006,Organic Pasta 500g,Groceries,South,451,146,132,140,4.5,0,Windy,0,4.32,Winter
2023-01-06,S001,P0006,Organic Pasta 500g,Groceries,South,244,160,150,144,4.5,0,Windy,0,4.85,Winter
2023-01-07,S001,P0006,Organic Pasta 500g,Groceries,South,380,145,138,155,4.5,20,Rainy,0,4.15,Winter
2023-01-08,S001,P0006,Organic Pasta 500g,Groceries,South,568,173,190,159,4.5,20,Windy,0,4.54,Winter
2023-01-09,S001,P0006,Organic Pasta 500g,Groceries,South,696,193,228,190,4.5,0,Sunny,0,4.25,Winter
2023-01-10,S001,P0006,Organic Pasta 500g,Groceries,South,394,207,248,211,4.5,0,Rainy,0,4.45,Winter
2023-01-11,S001,P0006,Organic Pasta 500g,Groceries,South,750,209,253,217,4.5,0,Windy,0,4.53,Winter
2023-01-12,S001,P0006,Organic Pasta 500g,Groceries,South,397,192,199,203,4.5,15,Rainy,0,4.78,Winter
2023-01-13,S001,P0006,Organic Pasta 500g,Groceries,South,279,154,130,164,4.5,0,Sunny,0,4.75,Winter
2023-01-14,S001,P0006,Organic Pasta 500g,Groceries,South,295,165,156,155,4.5,0,Sunny,0,4.24,Winter
2023-01-15,S001,P0006,Organic Pasta 500g,Groceries,South,316,200,231,207,4.5,0,Rainy,0,4.64,Winter
2023-01-16,S001,P0006,Organic Pasta 500g,Groceries,South,814,208,225,222,4.5,5,Windy,0,4.13,Winter
2023-01-17,S001,P0006,Organic Pasta 500g,Groceries,South,692,234,278,219,4.5,10,Rainy,0,4.44,Winter
2023-01-18,S001,P0006,Organic Pasta 500g,Groceries,South,417,205,164,195,4.5,15,Rainy,0,4.79,Winter
2023-01-19,S001,P0006,Organic Pasta 500g,Groceries,South,638,168,180,164,4.5,5,Cloudy,0,4.26,Winter
2023-01-20,S001,P0006,Organic Pasta 500g,Groceries,South,507,152,128,144,4.5,0,Cloudy,0,4.57,Winter
2023-01-21,S001,P0006,Organic Pasta 500g,Groceries,South,443,136,150,145,4.5,0,Windy,0,4.66,Winter
2023-01-22,S001,P0006,Organic Pasta 500g,Groceries,South,372,185,176,192,4.5,0,Cloudy,0,4.72,Winter
2023-01-23,S001,P0006,Organic Pasta 500g,Groceries,South,428,185,159,173,4.5,5,Rainy,0,4.41,Winter
2023-01-24,S001,P0006,Organic Pasta 500g,Groceries,South,727,189,178,195,4.5,5,Sunny,0,4.69,Winter
2023-01-25,S001,P0006,Organic Pasta 500g,Groceries,South,624,199,178,186,4.5,0,Sunny,0,4.55,Winter
2023-01-26,S001,P0006,Organic Pasta 500g,Groceries,South,415,155,152,169,4.5,0,Sunny,0,4.54,Winter
2023-01-27,S001,P0006,Organic Pasta 500g,Groceries,South,474,150,149,151,4.5,15,Cloudy,0,4.12,Winter
2023-01-28,S001,P0006,Organic Pasta 500g,Groceries,South,407,158,198,168,4.5,5,Sunny,0,4.12,Winter
2023-01-29,S001,P0006,Organic Pasta 500g,Groceries,South,524,185,189,189,4.5,0,Sunny,0,4.51,Winter
2023-01-30,S001,P0006,Organic Pasta 500g,Groceries,South,494,196,166,188,4.5,15,Rainy,0,4.28,Winter
2023-01-31,S001,P0006,Organic Pasta 500g,Groceries,South,537,229,285,249,4.5,0,Rainy,0,4.37,Winter
2023-02-01,S001,P0006,Organic Pasta 500g,Groceries,South,502,197,199,216,4.5,0,Windy,0,4.66,Winter
2023-02-02,S001,P0006,Organic Pasta 500g,Groceries,South,537,175,166,178,4.5,15,Cloudy,0,4.41,Winter
2023-02-03,S001,P0006,Organic Pasta 500g,Groceries,South,548,139,134,138,4.5,0,Windy,0,4.21,Winter
2023-02-04,S001,P0006,Organic Pasta 500g,Groceries,South,526,156,184,150,4.5,5,Sunny,0,4.1,Winter
2023-02-05,S001,P0006,Organic Pasta 500g,Groceries,South,546,198,249,203,4.5,0,Windy,0,4.75,Winter
2023-02-06,S001,P0006,Organic Pasta 500g,Groceries,South,693,225,280,245,4.5,0,Windy,0,4.43,Winter
2023-02-07,S001,P0006,Organic Pasta 500g,Groceries,South,508,205,254,221,4.5,5,Sunny,0,4.19,Winter
2023-02-08,S001,P0006,Organic Pasta 500g,Groceries,South,650,192,226,207,4.5,0,Windy,0,4.33,Winter
2023-02-09,S001,P0006,Organic Pasta 500g,Groceries,South,510,159,145,147,4.5,10,Windy,0,4.19,Winter
2023-02-10,S001,P0006,Organic Pasta 500g,Groceries,South,422,146,158,139,4.5,10,Rainy,0,4.94,Winter
2023-02-11,S001,P0006,Organic Pasta 500g,Groceries,South,492,143,180,145,4.5,10,Cloudy,0,4.58,Winter
2023-02-12,S001,P0006,Organic Pasta 500g,Groceries,South,399,183,177,191,4.5,5,Windy,0,4.35,Winter
2023-02-13,S001,P0006,Organic Pasta 500g,Groceries,South,857,221,235,203,4.5,10,Rainy,0,4.06,Winter
2023-02-14,S001,P0006,Organic Pasta 500g,Groceries,South,579,206,225,208,4.5,10,Rainy,0,4.51,Winter
2023-02-15,S001,P0006,Organic Pasta 500g,Groceries,South,438,199,208,214,4.5,0,Rainy,0,4.34,Winter
2023-02-16,S001,P0006,Organic Pasta 500g,Groceries,South,431,168,147,176,4.5,0,Sunny,0,4.14,Winter
2023-02-17,S001,P0006,Organic Pasta 500g,Groceries,South,355,164,177,154,4.5,5,Sunny,0,4.9,Winter
2023-02-18,S001,P0006,Organic Pasta 500g,Groceries,South,594,153,152,154,4.5,0,Rainy,0,4.68,Winter
2023-02-19,S001,P0006,Organic Pasta 500g,Groceries,South,464,178,149,185,4.5,0,Sunny,0,4.85,Winter
2023-02-20,S001,P0006,Organic Pasta 500g,Groceries,South,757,199,176,203,4.5,0,Cloudy,0,4.33,Winter
2023-02-21,S001,P0006,Organic Pasta 500g,Groceries,South,348,201,239,190,4.5,0,Rainy,0,4.93,Winter
2023-02-22,S001,P0006,Organic Pasta 500g,Groceries,South,330,208,184,192,4.5,0,Rainy,0,4.47,Winter
2023-02-23,S001,P0006,Organic Pasta 500g,Groceries,South,380,170,150,174,4.5,10,Sunny,0,4.57,Winter
2023-02-24,S001,P0006,Organic Pasta 500g,Groceries,South,343,154,170,163,4.5,15,Cloudy,0,4.67,Winter
2023-02-25,S001,P0006,Organic Pasta 500g,Groceries,South,597,174,195,175,4.5,10,Cloudy,0,4.68,Winter
2023-02-26,S001,P0006,Organic Pasta 500g,Groceries,South,498,203,263,192,4.5,5,Rainy,0,4.19,Winter
2023-02-27,S001,P0006,Organic Pasta 500g,Groceries,South,399,187,224,176,4.5,0,Windy,0,4.51,Winter
2023-02-28,S001,P0006,Organic Pasta 500g,Groceries,South,489,228,253,238,4.5,0,Rainy,0,4.41,Winter
2023-03-01,S001,P0006,Organic Pasta 500g,Groceries,South,454,203,173,183,4.5,0,Windy,0,4.14,Spring
2023-03-02,S001,P0006,Organic Pasta 500g,Groceries,South,606,165,197,162,4.5,0,Windy,0,4.63,Spring
2023-03-03,S001,P0006,Organic Pasta 500g,Groceries,South,272,156,147,167,4.5,15,Sunny,0,4.94,Spring
2023-03-04,S001,P0006,Organic Pasta 500g,Groceries,South,540,140,140,146,4.5,0,Windy,0,4.84,Spring
2023-03-05,S001,P0006,Organic Pasta 500g,Groceries,South,410,204,234,218,4.5,0,Windy,0,4.82,Spring
2023-03-06,S001,P0006,Organic Pasta 500g,Groceries,South,550,219,219,237,4.5,0,Sunny,0,4.17,Spring
2023-03-07,S001,P0006,Organic Pasta 500g,Groceries,South,381,204,276,216,4.5,5,Sunny,0,4.32,Spring
2023-03-08,S001,P0006,Organic Pasta 500g,Groceries,South,480,191,246,193,4.5,0,Sunny,0,4.44,Spring
2023-03-09,S001,P0006,Organic Pasta 500g,Groceries,South,396,150,131,138,4.5,10,Rainy,0,4.59,Spring
2023-03-10,S001,P0006,Organic Pasta 500g,Groceries,South,428,149,143,154,4.5,0,Cloudy,0,4.08,Spring
2023-03-11,S001,P0006,Organic Pasta 500g,Groceries,South,249,153,152,138,4.5,0,Cloudy,0,4.74,Spring
2023-03-12,S001,P0006,Organic Pasta 500g,Groceries,South,557,167,192,167,4.5,0,Cloudy,0,4.59,Spring
2023-03-13,S001,P0006,Organic Pasta 500g,Groceries,South,723,221,280,233,4.5,0,Sunny,0,4.64,Spring
2023-03-14,S001,P0006,Organic Pasta 500g,Groceries,South,643,235,188,220,4.5,0,Cloudy,0,4.62,Spring
2023-03-15,S001,P0006,Organic Pasta 500g,Groceries,South,319,197,223,202,4.5,15,Cloudy,0,4.64,Spring
2023-03-16,S001,P0006,Organic Pasta 500g,Groceries,South,308,165,194,155,4.5,0,Windy,0,4.89,Spring
2023-03-17,S001,P0006,Organic Pasta 500g,Groceries,South,603,156,152,162,4.5,15,Sunny,0,4.08,Spring
2023-03-18,S001,P0006,Organic Pasta 500g,Groceries,South,316,157,160,171,4.5,0,Rainy,0,4.81,Spring
2023-03-19,S001,P0006,Organic Pasta 500g,Groceries,South,477,169,154,161,4.5,0,Rainy,0,4.63,Spring
2023-03-20,S001,P0006,Organic Pasta 500g,Groceries,South,715,199,263,185,4.5,5,Sunny,0,4.72,Spring
2023-03-21,S001,P0006,Organic Pasta 500g,Groceries,South,511,210,232,191,4.5,0,Cloudy,0,4.29,Spring
2023-03-22,S001,P0006,Organic Pasta 500g,Groceries,South,763,199,193,199,4.5,0,Sunny,0,4.95,Spring
2023-03-23,S001,P0006,Organic Pasta 500g,Groceries,South,424,168,228,158,4.5,5,Rainy,0,4.53,Spring
2023-03-24,S001,P0006,Organic Pasta 500g,Groceries,South,530,152,125,155,4.5,0,Sunny,0,4.69,Spring
2023-03-25,S001,P0006,Organic Pasta 500g,Groceries,South,259,139,131,151,4.5,20,Cloudy,0,4.08,Spring
2023-03-26,S001,P0006,Organic Pasta 500g,Groceries,South,654,189,215,191,4.5,0,Rainy,0,4.84,Spring
2023-03-27,S001,P0006,Organic Pasta 500g,Groceries,South,391,206,240,221,4.5,0,Sunny,0,4.66,Spring
2023-03-28,S001,P0006,Organic Pasta 500g,Groceries,South,482,250,335,230,4.5,0,Cloudy,0,4.07,Spring
2023-03-29,S001,P0006,Organic Pasta 500g,Groceries,South,454,189,196,200,4.5,10,Sunny,0,4.64,Spring
2023-03-30,S001,P0006,Organic Pasta 500g,Groceries,South,297,169,204,162,4.5,0,Sunny,0,4.83,Spring
2023-03-31,S001,P0006,Organic Pasta 500g,Groceries,South,641,177,175,167,4.5,15,Windy,0,4.46,Spring
2023-04-01,S001,P0006,Organic Pasta 500g,Groceries,South,556,156,150,144,4.5,10,Windy,0,4.61,Spring
2023-04-02,S001,P0006,Organic Pasta 500g,Groceries,South,387,178,204,188,4.5,5,Cloudy,0,4.27,Spring
2023-04-03,S001,P0006,Organic Pasta 500g,Groceries,South,654,189,259,175,4.5,10,Cloudy,0,4.85,Spring
2023-04-04,S001,P0006,Organic Pasta 500g,Groceries,South,751,231,228,208,4.5,10,Cloudy,0,4.31,Spring
2023-04-05,S001,P0006,Organic Pasta 500g,Groceries,South,671,176,156,191,4.5,0,Rainy,0,4.5,Spring
2023-04-06,S001,P0006,Organic Pasta 500g,Groceries,South,371,168,198,169,4.5,10,Sunny,0,4.21,Spring
2023-04-07,S001,P0006,Organic Pasta 500g,Groceries,South,546,141,121,144,4.5,0,Windy,0,4.1,Spring
2023-04-08,S001,P0006,Organic Pasta 500g,Groceries,South,445,149,168,151,4.5,0,Cloudy,0,4.72,Spring
2023-04-09,S001,P0006,Organic Pasta 500g,Groceries,South,345,158,157,152,4.5,20,Cloudy,0,4.74,Spring
2023-04-10,S001,P0006,Organic Pasta 500g,Groceries,South,699,219,233,223,4.5,0,Sunny,0,4.51,Spring
2023-04-11,S001,P0006,Organic Pasta 500g,Groceries,South,437,202,224,192,4.5,0,Windy,0,4.81,Spring
2023-04-12,S001,P0006,Organic Pasta 500g,Groceries,South,313,172,162,173,4.5,0,Sunny,0,4.32,Spring
2023-04-13,S001,P0006,Organic Pasta 500g,Groceries,South,440,175,241,187,4.5,0,Windy,0,4.18,Spring
2023-04-14,S001,P0006,Organic Pasta 500g,Groceries,South,480,138,173,137,4.5,5,Rainy,0,4.58,Spring
2023-04-15,S001,P0006,Organic Pasta 500g,Groceries,South,249,152,155,138,4.5,0,Rainy,0,4.41,Spring
2023-04-16,S001,P0006,Organic Pasta 500g,Groceries,South,660,183,150,167,4.5,10,Windy,0,4.5,Spring
2023-04-17,S001,P0006,Organic Pasta 500g,Groceries,South,713,203,188,185,4.5,0,Rainy,0,4.72,Spring
2023-04-18,S001,P0006,Organic Pasta 500g,Groceries,South,425,171,207,185,4.5,5,Windy,0,4.61,Spring
2023-04-19,S001,P0006,Organic Pasta 500g,Groceries,South,520,194,204,189,4.5,0,Sunny,0,4.22,Spring
2023-04-20,S001,P0006,Organic Pasta 500g,Groceries,South,382,156,207,151,4.5,10,Cloudy,0,4.54,Spring
2023-04-21,S001,P0006,Organic Pasta 500g,Groceries,South,446,137,174,136,4.5,0,Windy,0,4.43,Spring
2023-04-22,S001,P0006,Organic Pasta 500g,Groceries,South,429,145,153,152,4.5,5,Rainy,0,4.46,Spring
2023-04-23,S001,P0006,Organic Pasta 500g,Groceries,South,595,150,143,141,4.5,5,Cloudy,0,4.21,Spring
2023-04-24,S001,P0006,Organic Pasta 500g,Groceries,South,511,195,201,183,4.5,5,Sunny,0,4.45,Spring
2023-04-25,S001,P0006,Organic Pasta 500g,Groceries,South,318,179,154,163,4.5,5,Windy,0,4.38,Spring
2023-04-26,S001,P0006,Organic Pasta 500g,Groceries,South,375,178,179,160,4.5,0,Cloudy,0,4.16,Spring
2023-04-27,S001,P0006,Organic Pasta 500g,Groceries,South,235,156,189,169,4.5,0,Cloudy,0,4.61,Spring
2023-04-28,S001,P0006,Organic Pasta 500g,Groceries,South,588,148,205,147,4.5,0,Cloudy,0,4.7,Spring
2023-04-29,S001,P0006,Organic Pasta 500g,Groceries,South,465,135,158,137,4.5,20,Sunny,0,4.93,Spring
2023-04-30,S001,P0006,Organic Pasta 500g,Groceries,South,342,183,237,170,4.5,0,Sunny,0,4.3,Spring
2023-05-01,S001,P0006,Organic Pasta 500g,Groceries,South,314,201,229,197,4.5,0,Cloudy,0,4.55,Spring
2023-05-02,S001,P0006,Organic Pasta 500g,Groceries,South,724,188,217,205,4.5,0,Windy,0,4.05,Spring
2023-05-03,S001,P0006,Organic Pasta 500g,Groceries,South,585,164,136,168,4.5,10,Cloudy,0,4.64,Spring
2023-05-04,S001,P0006,Organic Pasta 500g,Groceries,South,391,136,128,122,4.5,0,Rainy,0,4.49,Spring
2023-05-05,S001,P0006,Organic Pasta 500g,Groceries,South,453,137,191,135,4.5,10,Windy,0,4.43,Spring
2023-05-06,S001,P0006,Organic Pasta 500g,Groceries,South,407,133,145,139,4.5,0,Cloudy,0,4.17,Spring
2023-05-07,S001,P0006,Organic Pasta 500g,Groceries,South,628,176,177,182,4.5,15,Cloudy,0,4.49,Spring
2023-05-08,S001,P0006,Organic Pasta 500g,Groceries,South,435,176,197,160,4.5,10,Rainy,0,4.75,Spring
2023-05-09,S001,P0006,Organic Pasta 500g,Groceries,South,282,178,160,174,4.5,0,Sunny,0,4.7,Spring
2023-05-10,S001,P0006,Organic Pasta 500g,Groceries,South,591,176,231,170,4.5,0,Cloudy,0,4.16,Spring
2023-05-11,S001,P0006,Organic Pasta 500g,Groceries,South,245,141,117,128,4.5,0,Windy,0,4.14,Spring
2023-05-12,S001,P0006,Organic Pasta 500g,Groceries,South,377,132,180,133,4.5,10,Windy,0,4.22,Spring
2023-05-13,S001,P0006,Organic Pasta 500g,Groceries,South,359,146,198,158,4.5,5,Rainy,0,4.23,Spring
2023-05-14,S001,P0006,Organic Pasta 500g,Groceries,South,495,160,182,147,4.5,5,Rainy,0,4.77,Spring
2023-05-15,S001,P0006,Organic Pasta 500g,Groceries,South,507,182,158,197,4.5,0,Rainy,0,4.15,Spring
2023-05-16,S001,P0006,Organic Pasta 500g,Groceries,South,422,188,243,195,4.5,0,Windy,0,4.22,Spring
2023-05-17,S001,P0006,Organic Pasta 500g,Groceries,South,373,149,121,162,4.5,10,Sunny,0,4.19,Spring
2023-05-18,S001,P0006,Organic Pasta 500g,Groceries,South,313,148,183,156,4.5,5,Cloudy,0,4.64,Spring
2023-05-19,S001,P0006,Organic Pasta 500g,Groceries,South,459,130,136,128,4.5,15,Cloudy,0,4.85,Spring
2023-05-20,S001,P0006,Organic Pasta 500g,Groceries,South,221,142,131,151,4.5,0,Sunny,0,4.31,Spring
2023-05-21,S001,P0006,Organic Pasta 500g,Groceries,South,315,161,158,159,4.5,5,Sunny,0,4.26,Spring
2023-05-22,S001,P0006,Organic Pasta 500g,Groceries,South,330,173,226,171,4.5,20,Rainy,0,4.16,Spring
2023-05-23,S001,P0006,Organic Pasta 500g,Groceries,South,462,194,182,211,4.5,5,Sunny,0,4.47,Spring
2023-05-24,S001,P0006,Organic Pasta 500g,Groceries,South,309,162,147,165,4.5,15,Sunny,0,4.22,Spring
2023-05-25,S001,P0006,Organic Pasta 500g,Groceries,South,241,143,179,136,4.5,0,Cloudy,0,4.93,Spring
2023-05-26,S001,P0006,Organic Pasta 500g,Groceries,South,293,123,126,123,4.5,0,Windy,0,4.8,Spring
2023-05-27,S001,P0006,Organic Pasta 500g,Groceries,South,338,134,173,120,4.5,0,Windy,0,4.53,Spring
2023-05-28,S001,P0006,Organic Pasta 500g,Groceries,South,372,147,154,143,4.5,0,Rainy,0,4.53,Spring
2023-05-29,S001,P0006,Organic Pasta 500g,Groceries,South,633,191,193,190,4.5,15,Windy,0,4.4,Spring
2023-05-30,S001,P0006,Organic Pasta 500g,Groceries,South,395,201,273,204,4.5,10,Cloudy,0,4.52,Spring
2023-05-31,S001,P0006,Organic Pasta 500g,Groceries,South,541,171,204,161,4.5,5,Rainy,0,4.57,Spring
2023-06-01,S001,P0006,Organic Pasta 500g,Groceries,South,470,152,171,142,4.5,0,Sunny,0,4.46,Summer
2023-06-02,S001,P0006,Organic Pasta 500g,Groceries,South,346,109,129,114,4.5,5,Rainy,0,4.24,Summer
2023-06-03,S001,P0006,Organic Pasta 500g,Groceries,South,361,114,107,105,4.5,0,Rainy,0,4.33,Summer
2023-06-04,S001,P0006,Organic Pasta 500g,Groceries,South,272,144,140,156,4.5,20,Sunny,0,4.92,Summer
2023-06-05,S001,P0006,Organic Pasta 500g,Groceries,South,621,168,148,176,4.5,0,Rainy,0,4.42,Summer
2023-06-06,S001,P0006,Organic Pasta 500g,Groceries,South,550,169,136,167,4.5,0,Sunny,0,4.68,Summer
2023-06-07,S001,P0006,Organic Pasta 500g,Groceries,South,520,139,141,129,4.5,0,Windy,0,4.36,Summer
2023-06-08,S001,P0006,Organic Pasta 500g,Groceries,South,402,145,171,143,4.5,0,Sunny,0,4.43,Summer
2023-06-09,S001,P0006,Organic Pasta 500g,Groceries,South,308,137,160,147,4.5,10,Rainy,0,4.61,Summer
2023-06-10,S001,P0006,Organic Pasta 500g,Groceries,South,381,135,187,129,4.5,15,Sunny,0,4.56,Summer
2023-06-11,S001,P0006,Organic Pasta 500g,Groceries,South,233,155,216,146,4.5,0,Cloudy,0,4.64,Summer
2023-06-12,S001,P0006,Organic Pasta 500g,Groceries,South,650,166,189,182,4.5,15,Windy,0,4.74,Summer
2023-06-13,S001,P0006,Organic Pasta 500g,Groceries,South,495,158,144,142,4.5,5,Windy,0,4.44,Summer
2023-06-14,S001,P0006,Organic Pasta 500g,Groceries,South,428,154,183,158,4.5,0,Cloudy,0,4.85,Summer
2023-06-15,S001,P0006,Organic Pasta 500g,Groceries,South,559,150,175,141,4.5,20,Sunny,0,4.21,Summer
2023-06-16,S001,P0006,Organic Pasta 500g,Groceries,South,261,114,130,118,4.5,0,Windy,0,4.06,Summer
2023-06-17,S001,P0006,Organic Pasta 500g,Groceries,South,226,117,114,112,4.5,10,Windy,0,4.73,Summer
2023-06-18,S001,P0006,Organic Pasta 500g,Groceries,South,300,151,122,159,4.5,0,Cloudy,0,4.94,Summer
2023-06-19,S001,P0006,Organic Pasta 500g,Groceries,South,511,172,231,163,4.5,5,Windy,0,4.51,Summer
2023-06-20,S001,P0006,Organic Pasta 500g,Groceries,South,404,154,165,148,4.5,0,Sunny,0,4.49,Summer
2023-06-21,S001,P0006,Organic Pasta 500g,Groceries,South,262,147,194,152,4.5,0,Sunny,0,4.15,Summer
2023-06-22,S001,P0006,Organic Pasta 500g,Groceries,South,203,123,102,114,4.5,0,Sunny,0,4.81,Summer
2023-06-23,S001,P0006,Organic Pasta 500g,Groceries,South,394,114,133,119,4.5,10,Cloudy,0,4.85,Summer
2023-06-24,S001,P0006,Organic Pasta 500g,Groceries,South,424,127,162,128,4.5,10,Rainy,0,4.24,Summer
2023-06-25,S001,P0006,Organic Pasta 500g,Groceries,South,328,129,110,120,4.5,0,Windy,0,4.32,Summer
2023-06-26,S001,P0006,Organic Pasta 500g,Groceries,South,411,168,158,164,4.5,20,Sunny,0,4.32,Summer
2023-06-27,S001,P0006,Organic Pasta 500g,Groceries,South,496,161,131,161,4.5,5,Rainy,0,4.66,Summer
2023-06-28,S001,P0006,Organic Pasta 500g,Groceries,South,640,170,156,178,4.5,15,Sunny,0,4.76,Summer
2023-06-29,S001,P0006,Organic Pasta 500g,Groceries,South,272,127,135,119,4.5,15,Rainy,0,4.64,Summer
2023-06-30,S001,P0006,Organic Pasta 500g,Groceries,South,233,110,143,109,4.5,0,Sunny,0,4.95,Summer
2023-07-01,S001,P0006,Organic Pasta 500g,Groceries,South,440,120,151,110,4.5,10,Sunny,0,4.87,Summer
2023-07-02,S001,P0006,Organic Pasta 500g,Groceries,South,324,131,152,123,4.5,0,Sunny,0,4.25,Summer
2023-07-03,S001,P0006,Organic Pasta 500g,Groceries,South,319,133,160,121,4.5,0,Sunny,0,4.21,Summer
2023-07-04,S001,P0006,Organic Pasta 500g,Groceries,South,275,154,141,163,4.5,5,Cloudy,0,4.26,Summer
2023-07-05,S001,P0006,Organic Pasta 500g,Groceries,South,307,141,132,135,4.5,10,Sunny,0,4.41,Summer
2023-07-06,S001,P0006,Organic Pasta 500g,Groceries,South,309,109,112,115,4.5,0,Windy,0,4.94,Summer
2023-07-07,S001,P0006,Organic Pasta 500g,Groceries,South,283,108,108,118,4.5,5,Sunny,0,4.21,Summer
2023-07-08,S001,P0006,Organic Pasta 500g,Groceries,South,378,97,102,94,4.5,20,Cloudy,0,4.66,Summer
2023-07-09,S001,P0006,Organic Pasta 500g,Groceries,South,351,128,127,122,4.5,10,Cloudy,0,4.16,Summer
2023-07-10,S001,P0006,Organic Pasta 500g,Groceries,South,267,152,157,162,4.5,10,Cloudy,0,4.41,Summer
2023-07-11,S001,P0006,Organic Pasta 500g,Groceries,South,599,155,135,166,4.5,0,Cloudy,0,4.42,Summer
2023-07-12,S001,P0006,Organic Pasta 500g,Groceries,South,332,137,153,128,4.5,5,Sunny,0,4.56,Summer
2023-07-13,S001,P0006,Organic Pasta 500g,Groceries,South,415,119,136,118,4.5,0,Cloudy,0,4.5,Summer
2023-07-14,S001,P0006,Organic Pasta 500g,Groceries,South,218,101,121,92,4.5,5,Sunny,0,4.24,Summer
2023-07-15,S001,P0006,Organic Pasta 500g,Groceries,South,207,111,105,114,4.5,10,Windy,0,4.1,Summer
2023-07-16,S001,P0006,Organic Pasta 500g,Groceries,South,339,130,150,128,4.5,0,Rainy,0,4.63,Summer
2023-07-17,S001,P0006,Organic Pasta 500g,Groceries,South,534,138,139,128,4.5,10,Windy,0,4.18,Summer
2023-07-18,S001,P0006,Organic Pasta 500g,Groceries,South,566,154,155,143,4.5,0,Cloudy,0,4.52,Summer
2023-07-19,S001,P0006,Organic Pasta 500g,Groceries,South,277,141,178,150,4.5,20,Windy,0,4.61,Summer
2023-07-20,S001,P0006,Organic Pasta 500g,Groceries,South,252,117,123,107,4.5,0,Cloudy,0,4.69,Summer
2023-07-21,S001,P0006,Organic Pasta 500g,Groceries,South,279,123,140,116,4.5,10,Sunny,0,4.65,Summer
2023-07-22,S001,P0006,Organic Pasta 500g,Groceries,South,376,109,104,115,4.5,0,Sunny,0,4.38,Summer
2023-07-23,S001,P0006,Organic Pasta 500g,Groceries,South,422,125,138,117,4.5,0,Sunny,0,4.36,Summer
2023-07-24,S001,P0006,Organic Pasta 500g,Groceries,South,358,141,161,144,4.5,0,Windy,0,4.8,Summer
2023-07-25,S001,P0006,Organic Pasta 500g,Groceries,South,286,139,133,127,4.5,5,Rainy,0,4.15,Summer
2023-07-26,S001,P0006,Organic Pasta 500g,Groceries,South,427,143,181,130,4.5,5,Rainy,0,4.23,Summer
2023-07-27,S001,P0006,Organic Pasta 500g,Groceries,South,325,111,119,116,4.5,15,Sunny,0,4.29,Summer
2023-07-28,S001,P0006,Organic Pasta 500g,Groceries,South,177,100,138,93,4.5,15,Windy,0,4.29,Summer
2023-07-29,S001,P0006,Organic Pasta 500g,Groceries,South,364,104,144,99,4.5,0,Sunny,0,4.3,Summer
2023-07-30,S001,P0006,Organic Pasta 500g,Groceries,South,405,117,97,127,4.5,0,Cloudy,0,4.88,Summer
2023-07-31,S001,P0006,Organic Pasta 500g,Groceries,South,355,126,175,134,4.5,0,Cloudy,0,4.07,Summer
2023-08-01,S001,P0006,Organic Pasta 500g,Groceries,South,498,143,146,147,4.5,0,Rainy,0,4.72,Summer
2023-08-02,S001,P0006,Organic Pasta 500g,Groceries,South,267,144,148,154,4.5,0,Sunny,0,4.11,Summer
2023-08-03,S001,P0006,Organic Pasta 500g,Groceries,South,374,117,131,124,4.5,20,Cloudy,0,4.42,Summer
2023-08-04,S001,P0006,Organic Pasta 500g,Groceries,South,419,115,111,112,4.5,20,Cloudy,0,4.64,Summer
2023-08-05,S001,P0006,Organic Pasta 500g,Groceries,South,317,113,155,112,4.5,5,Cloudy,0,4.76,Summer
2023-08-06,S001,P0006,Organic Pasta 500g,Groceries,South,363,130,107,134,4.5,5,Rainy,0,4.16,Summer
2023-08-07,S001,P0006,Organic Pasta 500g,Groceries,South,432,162,161,172,4.5,10,Rainy,0,4.36,Summer
2023-08-08,S001,P0006,Organic Pasta 500g,Groceries,South,444,146,121,143,4.5,5,Sunny,0,4.23,Summer
2023-08-09,S001,P0006,Organic Pasta 500g,Groceries,South,206,135,186,132,4.5,5,Sunny,0,4.32,Summer
2023-08-10,S001,P0006,Organic Pasta 500g,Groceries,South,312,115,134,119,4.5,15,Windy,0,4.17,Summer
2023-08-11,S001,P0006,Organic Pasta 500g,Groceries,South,454,114,91,118,4.5,0,Windy,0,4.6,Summer
2023-08-12,S001,P0006,Organic Pasta 500g,Groceries,South,370,107,149,97,4.5,5,Cloudy,0,4.7,Summer
2023-08-13,S001,P0006,Organic Pasta 500g,Groceries,South,444,119,127,111,4.5,0,Rainy,0,4.82,Summer
2023-08-14,S001,P0006,Organic Pasta 500g,Groceries,South,258,148,185,139,4.5,15,Sunny,0,4.28,Summer
2023-08-15,S001,P0006,Organic Pasta 500g,Groceries,South,257,139,122,145,4.5,15,Sunny,0,4.42,Summer
2023-08-16,S001,P0006,Organic Pasta 500g,Groceries,South,290,140,178,143,4.5,0,Windy,0,4.14,Summer
2023-08-17,S001,P0006,Organic Pasta 500g,Groceries,South,415,119,114,111,4.5,0,Windy,0,4.39,Summer
2023-08-18,S001,P0006,Organic Pasta 500g,Groceries,South,200,102,139,101,4.5,0,Windy,0,4.16,Summer
2023-08-19,S001,P0006,Organic Pasta 500g,Groceries,South,323,112,152,110,4.5,5,Rainy,0,4.75,Summer
2023-08-20,S001,P0006,Organic Pasta 500g,Groceries,South,330,112,151,114,4.5,0,Sunny,0,4.84,Summer
2023-08-21,S001,P0006,Organic Pasta 500g,Groceries,South,290,144,132,145,4.5,15,Rainy,0,4.95,Summer
2023-08-22,S001,P0006,Organic Pasta 500g,Groceries,South,330,142,159,129,4.5,0,Sunny,0,4.18,Summer
2023-08-23,S001,P0006,Organic Pasta 500g,Groceries,South,535,162,161,151,4.5,0,Sunny,0,4.51,Summer
2023-08-24,S001,P0006,Organic Pasta 500g,Groceries,South,290,117,115,105,4.5,0,Rainy,0,4.15,Summer
2023-08-25,S001,P0006,Organic Pasta 500g,Groceries,South,195,99,98,92,4.5,0,Rainy,0,4.36,Summer
2023-08-26,S001,P0006,Organic Pasta 500g,Groceries,South,161,98,129,94,4.5,0,Rainy,0,4.52,Summer
2023-08-27,S001,P0006,Organic Pasta 500g,Groceries,South,470,137,114,136,4.5,0,Sunny,0,4.9,Summer
2023-08-28,S001,P0006,Organic Pasta 500g,Groceries,South,280,140,162,153,4.5,0,Rainy,0,4.63,Summer
2023-08-29,S001,P0006,Organic Pasta 500g,Groceries,South,434,140,133,143,4.5,0,Cloudy,0,4.13,Summer
2023-08-30,S001,P0006,Organic Pasta 500g,Groceries,South,290,139,168,145,4.5,5,Sunny,0,4.94,Summer
2023-08-31,S001,P0006,Organic Pasta 500g,Groceries,South,387,122,98,131,4.5,0,Windy,0,4.6,Summer
2023-09-01,S001,P0006,Organic Pasta 500g,Groceries,South,281,109,136,116,4.5,0,Sunny,0,4.51,Autumn
2023-09-02,S001,P0006,Organic Pasta 500g,Groceries,South,421,109,128,109,4.5,0,Windy,0,4.59,Autumn
2023-09-03,S001,P0006,Organic Pasta 500g,Groceries,South,420,128,144,137,4.5,5,Sunny,0,4.45,Autumn
2023-09-04,S001,P0006,Organic Pasta 500g,Groceries,South,432,147,172,147,4.5,0,Windy,0,4.85,Autumn
2023-09-05,S001,P0006,Organic Pasta 500g,Groceries,South,339,153,201,166,4.5,0,Cloudy,0,4.22,Autumn
2023-09-06,S001,P0006,Organic Pasta 500g,Groceries,South,374,142,157,135,4.5,0,Cloudy,0,4.33,Autumn
2023-09-07,S001,P0006,Organic Pasta 500g,Groceries,South,387,127,152,123,4.5,5,Windy,0,4.37,Autumn
2023-09-08,S001,P0006,Organic Pasta 500g,Groceries,South,263,106,123,106,4.5,20,Cloudy,0,4.84,Autumn
2023-09-09,S001,P0006,Organic Pasta 500g,Groceries,South,268,104,135,96,4.5,0,Cloudy,0,4.41,Autumn
2023-09-10,S001,P0006,Organic Pasta 500g,Groceries,South,419,127,102,135,4.5,20,Rainy,0,4.68,Autumn
2023-09-11,S001,P0006,Organic Pasta 500g,Groceries,South,323,155,137,158,4.5,5,Windy,0,4.83,Autumn
2023-09-12,S001,P0006,Organic Pasta 500g,Groceries,South,411,133,126,136,4.5,0,Cloudy,0,4.09,Autumn
2023-09-13,S001,P0006,Organic Pasta 500g,Groceries,South,235,122,141,117,4.5,0,Rainy,0,4.15,Autumn
2023-09-14,S001,P0006,Organic Pasta 500g,Groceries,South,378,127,103,115,4.5,5,Windy,0,4.33,Autumn
2023-09-15,S001,P0006,Organic Pasta 500g,Groceries,South,464,119,101,123,4.5,5,Windy,0,4.65,Autumn
2023-09-16,S001,P0006,Organic Pasta 500g,Groceries,South,399,102,112,108,4.5,5,Rainy,0,4.29,Autumn
2023-09-17,S001,P0006,Organic Pasta 500g,Groceries,South,526,132,177,126,4.5,10,Sunny,0,4.14,Autumn
2023-09-18,S001,P0006,Organic Pasta 500g,Groceries,South,341,145,173,142,4.5,5,Windy,0,4.06,Autumn
2023-09-19,S001,P0006,Organic Pasta 500g,Groceries,South,244,152,160,162,4.5,0,Cloudy,0,4.76,Autumn
2023-09-20,S001,P0006,Organic Pasta 500g,Groceries,South,352,145,160,145,4.5,10,Rainy,0,4.15,Autumn
2023-09-21,S001,P0006,Organic Pasta 500g,Groceries,South,366,111,129,116,4.5,5,Cloudy,0,4.74,Autumn
2023-09-22,S001,P0006,Organic Pasta 500g,Groceries,South,372,101,95,100,4.5,0,Sunny,0,4.49,Autumn
2023-09-23,S001,P0006,Organic Pasta 500g,Groceries,South,269,112,102,113,4.5,0,Sunny,0,4.33,Autumn
2023-09-24,S001,P0006,Organic Pasta 500g,Groceries,South,482,132,141,140,4.5,5,Windy,0,4.45,Autumn
2023-09-25,S001,P0006,Organic Pasta 500g,Groceries,South,266,141,123,144,4.5,0,Cloudy,0,4.17,Autumn
2023-09-26,S001,P0006,Organic Pasta 500g,Groceries,South,400,167,176,180,4.5,15,Windy,0,4.86,Autumn
2023-09-27,S001,P0006,Organic Pasta 500g,Groceries,South,309,141,127,134,4.5,5,Sunny,0,4.34,Autumn
2023-09-28,S001,P0006,Organic Pasta 500g,Groceries,South,240,121,131,117,4.5,5,Windy,0,4.5,Autumn
2023-09-29,S001,P0006,Organic Pasta 500g,Groceries,South,453,114,152,118,4.5,5,Windy,0,4.88,Autumn
2023-09-30,S001,P0006,Organic Pasta 500g,Groceries,South,431,116,126,108,4.5,15,Sunny,0,4.73,Autumn
2023-10-01,S001,P0006,Organic Pasta 500g,Groceries,South,340,144,148,145,4.5,0,Rainy,0,4.67,Autumn
2023-10-02,S001,P0006,Organic Pasta 500g,Groceries,South,404,146,121,158,4.5,5,Cloudy,0,4.42,Autumn
2023-10-03,S001,P0006,Organic Pasta 500g,Groceries,South,385,146,148,151,4.5,0,Cloudy,0,4.84,Autumn
2023-10-04,S001,P0006,Organic Pasta 500g,Groceries,South,579,145,170,132,4.5,0,Sunny,0,4.56,Autumn
2023-10-05,S001,P0006,Organic Pasta 500g,Groceries,South,496,128,160,128,4.5,0,Cloudy,0,4.95,Autumn
2023-10-06,S001,P0006,Organic Pasta 500g,Groceries,South,292,105,109,101,4.5,5,Cloudy,0,4.68,Autumn
2023-10-07,S001,P0006,Organic Pasta 500g,Groceries,South,391,108,122,109,4.5,5,Windy,0,4.74,Autumn
2023-10-08,S001,P0006,Organic Pasta 500g,Groceries,South,515,142,141,147,4.5,0,Cloudy,0,4.85,Autumn
2023-10-09,S001,P0006,Organic Pasta 500g,Groceries,South,358,152,186,143,4.5,10,Sunny,0,4.76,Autumn
2023-10-10,S001,P0006,Organic Pasta 500g,Groceries,South,232,149,203,147,4.5,10,Sunny,0,4.86,Autumn
2023-10-11,S001,P0006,Organic Pasta 500g,Groceries,South,611,163,211,178,4.5,10,Cloudy,0,4.25,Autumn
2023-10-12,S001,P0006,Organic Pasta 500g,Groceries,South,422,125,111,135,4.5,0,Rainy,0,4.23,Autumn
2023-10-13,S001,P0006,Organic Pasta 500g,Groceries,South,344,127,165,138,4.5,15,Windy,0,4.68,Autumn
2023-10-14,S001,P0006,Organic Pasta 500g,Groceries,South,430,123,158,117,4.5,0,Cloudy,0,4.07,Autumn
2023-10-15,S001,P0006,Organic Pasta 500g,Groceries,South,282,147,189,139,4.5,0,Cloudy,0,4.92,Autumn
2023-10-16,S001,P0006,Organic Pasta 500g,Groceries,South,485,162,155,171,4.5,15,Windy,0,4.68,Autumn
2023-10-17,S001,P0006,Organic Pasta 500g,Groceries,South,339,139,116,152,4.5,20,Windy,0,4.25,Autumn
2023-10-18,S001,P0006,Organic Pasta 500g,Groceries,South,216,144,163,140,4.5,10,Windy,0,4.39,Autumn
2023-10-19,S001,P0006,Organic Pasta 500g,Groceries,South,290,133,142,126,4.5,0,Cloudy,0,4.57,Autumn
2023-10-20,S001,P0006,Organic Pasta 500g,Groceries,South,395,124,117,112,4.5,10,Cloudy,0,4.8,Autumn
2023-10-21,S001,P0006,Organic Pasta 500g,Groceries,South,438,111,152,113,4.5,15,Sunny,0,4.45,Autumn
2023-10-22,S001,P0006,Organic Pasta 500g,Groceries,South,571,147,187,144,4.5,10,Windy,0,4.39,Autumn
2023-10-23,S001,P0006,Organic Pasta 500g,Groceries,South,377,156,201,162,4.5,0,Sunny,0,4.69,Autumn
2023-10-24,S001,P0006,Organic Pasta 500g,Groceries,South,515,178,181,178,4.5,0,Sunny,0,4.71,Autumn
2023-10-25,S001,P0006,Organic Pasta 500g,Groceries,South,544,161,166,167,4.5,10,Sunny,0,4.48,Autumn
2023-10-26,S001,P0006,Organic Pasta 500g,Groceries,South,469,146,196,140,4.5,5,Sunny,0,4.81,Autumn
2023-10-27,S001,P0006,Organic Pasta 500g,Groceries,South,385,134,173,139,4.5,0,Rainy,0,4.78,Autumn
2023-10-28,S001,P0006,Organic Pasta 500g,Groceries,South,533,134,182,132,4.5,0,Windy,0,4.09,Autumn
2023-10-29,S001,P0006,Organic Pasta 500g,Groceries,South,578,161,220,171,4.5,0,Sunny,0,4.1,Autumn
2023-10-30,S001,P0006,Organic Pasta 500g,Groceries,South,414,170,148,156,4.5,5,Cloudy,0,4.19,Autumn
2023-10-31,S001,P0006,Organic Pasta 500g,Groceries,South,731,216,222,213,4.5,0,Cloudy,0,4.91,Autumn
2023-11-01,S001,P0006,Organic Pasta 500g,Groceries,South,473,152,189,158,4.5,10,Rainy,0,4.67,Autumn
2023-11-02,S001,P0006,Organic Pasta 500g,Groceries,South,399,137,147,134,4.5,0,Windy,0,4.37,Autumn
2023-11-03,S001,P0006,Organic Pasta 500g,Groceries,South,400,136,149,125,4.5,0,Cloudy,0,4.36,Autumn
2023-11-04,S001,P0006,Organic Pasta 500g,Groceries,South,460,141,140,127,4.5,0,Sunny,0,4.5,Autumn
2023-11-05,S001,P0006,Organic Pasta 500g,Groceries,South,443,162,185,176,4.5,0,Sunny,0,4.64,Autumn
2023-11-06,S001,P0006,Organic Pasta 500g,Groceries,South,460,188,239,178,4.5,0,Windy,0,4.53,Autumn
2023-11-07,S001,P0006,Organic Pasta 500g,Groceries,South,332,158,212,173,4.5,0,Windy,0,4.83,Autumn
2023-11-08,S001,P0006,Organic Pasta 500g,Groceries,South,650,190,177,185,4.5,0,Sunny,0,4.92,Autumn
2023-11-09,S001,P0006,Organic Pasta 500g,Groceries,South,397,145,135,142,4.5,0,Rainy,0,4.11,Autumn
2023-11-10,S001,P0006,Organic Pasta 500g,Groceries,South,222,143,173,136,4.5,15,Windy,0,4.3,Autumn
2023-11-11,S001,P0006,Organic Pasta 500g,Groceries,South,338,118,139,128,4.5,0,Cloudy,0,4.35,Autumn
2023-11-12,S001,P0006,Organic Pasta 500g,Groceries,South,615,164,159,175,4.5,5,Sunny,0,4.81,Autumn
2023-11-13,S001,P0006,Organic Pasta 500g,Groceries,South,585,177,192,180,4.5,5,Windy,0,4.93,Autumn
2023-11-14,S001,P0006,Organic Pasta 500g,Groceries,South,692,199,219,186,4.5,0,Windy,0,4.76,Autumn
2023-11-15,S001,P0006,Organic Pasta 500g,Groceries,South,646,180,183,194,4.5,5,Rainy,0,4.63,Autumn
2023-11-16,S001,P0006,Organic Pasta 500g,Groceries,South,338,155,165,167,4.5,10,Windy,0,4.41,Autumn
2023-11-17,S001,P0006,Organic Pasta 500g,Groceries,South,423,126,165,132,4.5,10,Sunny,0,4.9,Autumn
2023-11-18,S001,P0006,Organic Pasta 500g,Groceries,South,431,141,184,146,4.5,0,Windy,0,4.38,Autumn
2023-11-19,S001,P0006,Organic Pasta 500g,Groceries,South,555,164,184,173,4.5,5,Sunny,0,4.8,Autumn
2023-11-20,S001,P0006,Organic Pasta 500g,Groceries,South,595,196,222,185,4.5,0,Cloudy,0,4.54,Autumn
2023-11-21,S001,P0006,Organic Pasta 500g,Groceries,South,557,210,178,209,4.5,10,Cloudy,0,4.8,Autumn
2023-11-22,S001,P0006,Organic Pasta 500g,Groceries,South,420,183,247,170,4.5,5,Cloudy,0,4.44,Autumn
2023-11-23,S001,P0006,Organic Pasta 500g,Groceries,South,506,141,117,149,4.5,10,Cloudy,0,4.7,Autumn
2023-11-24,S001,P0006,Organic Pasta 500g,Groceries,South,915,244,309,228,4.5,15,Sunny,1,4.89,Autumn
2023-11-25,S001,P0006,Organic Pasta 500g,Groceries,South,831,292,394,313,4.5,5,Cloudy,1,4.7,Autumn
2023-11-26,S001,P0006,Organic Pasta 500g,Groceries,South,483,271,339,296,4.5,15,Sunny,1,4.25,Autumn
2023-11-27,S001,P0006,Organic Pasta 500g,Groceries,South,730,261,222,248,4.5,10,Sunny,1,4.34,Autumn
2023-11-28,S001,P0006,Organic Pasta 500g,Groceries,South,1130,306,366,320,4.5,0,Windy,1,4.43,Autumn
2023-11-29,S001,P0006,Organic Pasta 500g,Groceries,South,1212,334,458,328,4.5,0,Sunny,1,4.93,Autumn
2023-11-30,S001,P0006,Organic Pasta 500g,Groceries,South,363,157,198,152,4.5,0,Windy,0,4.25,Autumn
2023-12-01,S001,P0006,Organic Pasta 500g,Groceries,South,278,139,127,137,4.5,10,Windy,0,4.9,Winter
2023-12-02,S001,P0006,Organic Pasta 500g,Groceries,South,453,147,118,133,4.5,5,Sunny,0,4.79,Winter
2023-12-03,S001,P0006,Organic Pasta 500g,Groceries,South,422,182,212,185,4.5,0,Sunny,0,4.42,Winter
2023-12-04,S001,P0006,Organic Pasta 500g,Groceries,South,482,184,228,174,4.5,0,Windy,0,4.06,Winter
2023-12-05,S001,P0006,Organic Pasta 500g,Groceries,South,868,224,179,222,4.5,15,Rainy,0,4.42,Winter
2023-12-06,S001,P0006,Organic Pasta 500g,Groceries,South,541,190,221,178,4.5,10,Rainy,0,4.67,Winter
2023-12-07,S001,P0006,Organic Pasta 500g,Groceries,South,547,153,199,157,4.5,5,Sunny,0,4.53,Winter
2023-12-08,S001,P0006,Organic Pasta 500g,Groceries,South,557,159,211,174,4.5,15,Sunny,0,4.7,Winter
2023-12-09,S001,P0006,Organic Pasta 500g,Groceries,South,265,137,161,135,4.5,5,Cloudy,0,4.46,Winter
2023-12-10,S001,P0006,Organic Pasta 500g,Groceries,South,578,172,209,173,4.5,0,Windy,0,4.55,Winter
2023-12-11,S001,P0006,Organic Pasta 500g,Groceries,South,462,197,201,212,4.5,0,Sunny,0,4.42,Winter
2023-12-12,S001,P0006,Organic Pasta 500g,Groceries,South,899,244,257,262,4.5,5,Cloudy,0,4.38,Winter
2023-12-13,S001,P0006,Organic Pasta 500g,Groceries,South,539,186,255,191,4.5,0,Sunny,0,4.61,Winter
2023-12-14,S001,P0006,Organic Pasta 500g,Groceries,South,543,142,153,135,4.5,0,Sunny,0,4.43,Winter
2023-12-15,S001,P0006,Organic Pasta 500g,Groceries,South,228,144,130,152,4.5,0,Windy,0,4.48,Winter
2023-12-16,S001,P0006,Organic Pasta 500g,Groceries,South,276,162,189,169,4.5,20,Windy,0,4.53,Winter
2023-12-17,S001,P0006,Organic Pasta 500g,Groceries,South,625,194,255,187,4.5,5,Rainy,0,4.46,Winter
2023-12-18,S001,P0006,Organic Pasta 500g,Groceries,South,557,244,221,266,4.5,5,Windy,0,4.26,Winter
2023-12-19,S001,P0006,Organic Pasta 500g,Groceries,South,404,239,196,218,4.5,5,Sunny,0,4.16,Winter
2023-12-20,S001,P0006,Organic Pasta 500g,Groceries,South,1250,350,351,344,4.5,0,Sunny,1,4.32,Winter
2023-12-21,S001,P0006,Organic Pasta 500g,Groceries,South,752,305,306,298,4.5,0,Rainy,1,4.06,Winter
2023-12-22,S001,P0006,Organic Pasta 500g,Groceries,South,1194,303,399,273,4.5,15,Sunny,1,4.57,Winter
2023-12-23,S001,P0006,Organic Pasta 500g,Groceries,South,981,256,324,237,4.5,0,Windy,1,4.92,Winter
2023-12-24,S001,P0006,Organic Pasta 500g,Groceries,South,901,342,306,318,4.5,0,Sunny,1,4.56,Winter
2023-12-25,S001,P0006,Organic Pasta 500g,Groceries,South,1452,422,559,457,4.5,0,Windy,1,4.89,Winter
2023-12-26,S001,P0006,Organic Pasta 500g,Groceries,South,1273,411,413,445,4.5,15,Rainy,1,4.2,Winter
2023-12-27,S001,P0006,Organic Pasta 500g,Groceries,South,764,346,404,374,4.5,0,Sunny,1,4.49,Winter
2023-12-28,S001,P0006,Organic Pasta 500g,Groceries,South,821,321,393,295,4.5,5,Windy,1,4.63,Winter
2023-12-29,S001,P0006,Organic Pasta 500g,Groceries,South,846,336,336,305,4.5,5,Sunny,1,4.66,Winter
2023-12-30,S001,P0006,Organic Pasta 500g,Groceries,South,642,246,328,257,4.5,0,Windy,1,4.64,Winter
2023-12-31,S001,P0006,Organic Pasta 500g,Groceries,South,537,271,332,250,4.5,0,Sunny,1,4.3,Winter
2023-01-01,S001,P0007,Office Chair Ergo,Furniture,East,75,21,22,21,189.0,15,Windy,0,174.56,Winter
2023-01-02,S001,P0007,Office Chair Ergo,Furniture,East,78,26,21,26,189.0,10,Cloudy,0,180.8,Winter
2023-01-03,S001,P0007,Office Chair Ergo,Furniture,East,78,26,32,26,189.0,0,Cloudy,0,191.91,Winter
2023-01-04,S001,P0007,Office Chair Ergo,Furniture,East,83,22,21,23,189.0,0,Sunny,0,170.56,Winter
2023-01-05,S001,P0007,Office Chair Ergo,Furniture,East,52,20,25,21,189.0,0,Cloudy,0,183.54,Winter
2023-01-06,S001,P0007,Office Chair Ergo,Furniture,East,50,17,17,18,189.0,0,Rainy,0,188.25,Winter
2023-01-07,S001,P0007,Office Chair Ergo,Furniture,East,65,18,15,17,189.0,10,Sunny,0,186.14,Winter
2023-01-08,S001,P0007,Office Chair Ergo,Furniture,East,84,23,21,24,189.0,5,Windy,0,185.11,Winter
2023-01-09,S001,P0007,Office Chair Ergo,Furniture,East,53,23,25,20,189.0,5,Cloudy,0,185.78,Winter
2023-01-10,S001,P0007,Office Chair Ergo,Furniture,East,75,25,20,23,189.0,0,Sunny,0,178.02,Winter
2023-01-11,S001,P0007,Office Chair Ergo,Furniture,East,52,25,22,25,189.0,0,Sunny,0,196.0,Winter
2023-01-12,S001,P0007,Office Chair Ergo,Furniture,East,72,20,23,20,189.0,0,Rainy,0,178.15,Winter
2023-01-13,S001,P0007,Office Chair Ergo,Furniture,East,45,17,16,17,189.0,0,Sunny,0,175.84,Winter
2023-01-14,S001,P0007,Office Chair Ergo,Furniture,East,29,16,17,14,189.0,0,Cloudy,0,190.6,Winter
2023-01-15,S001,P0007,Office Chair Ergo,Furniture,East,51,18,24,19,189.0,0,Windy,0,185.9,Winter
2023-01-16,S001,P0007,Office Chair Ergo,Furniture,East,106,28,30,25,189.0,5,Rainy,0,199.06,Winter
2023-01-17,S001,P0007,Office Chair Ergo,Furniture,East,88,26,22,23,189.0,0,Windy,0,196.16,Winter
2023-01-18,S001,P0007,Office Chair Ergo,Furniture,East,78,22,28,21,189.0,5,Windy,0,207.76,Winter
2023-01-19,S001,P0007,Office Chair Ergo,Furniture,East,38,20,26,19,189.0,0,Cloudy,0,172.41,Winter
2023-01-20,S001,P0007,Office Chair Ergo,Furniture,East,27,17,19,18,189.0,0,Windy,0,185.32,Winter
2023-01-21,S001,P0007,Office Chair Ergo,Furniture,East,43,18,18,18,189.0,0,Rainy,0,173.99,Winter
2023-01-22,S001,P0007,Office Chair Ergo,Furniture,East,62,20,19,19,189.0,0,Rainy,0,193.3,Winter
2023-01-23,S001,P0007,Office Chair Ergo,Furniture,East,34,22,20,23,189.0,0,Sunny,0,201.01,Winter
2023-01-24,S001,P0007,Office Chair Ergo,Furniture,East,59,22,27,21,189.0,0,Sunny,0,179.11,Winter
2023-01-25,S001,P0007,Office Chair Ergo,Furniture,East,66,21,22,22,189.0,0,Rainy,0,185.78,Winter
2023-01-26,S001,P0007,Office Chair Ergo,Furniture,East,43,22,28,20,189.0,0,Cloudy,0,204.2,Winter
2023-01-27,S001,P0007,Office Chair Ergo,Furniture,East,47,17,14,17,189.0,0,Sunny,0,191.49,Winter
2023-01-28,S001,P0007,Office Chair Ergo,Furniture,East,62,20,18,21,189.0,15,Sunny,0,186.79,Winter
2023-01-29,S001,P0007,Office Chair Ergo,Furniture,East,62,23,29,22,189.0,0,Sunny,0,196.77,Winter
2023-01-30,S001,P0007,Office Chair Ergo,Furniture,East,57,25,30,24,189.0,0,Windy,0,176.53,Winter
2023-01-31,S001,P0007,Office Chair Ergo,Furniture,East,92,25,24,23,189.0,0,Cloudy,0,172.19,Winter
2023-02-01,S001,P0007,Office Chair Ergo,Furniture,East,68,24,29,25,189.0,20,Sunny,0,183.42,Winter
2023-02-02,S001,P0007,Office Chair Ergo,Furniture,East,78,20,24,20,189.0,10,Rainy,0,201.9,Winter
2023-02-03,S001,P0007,Office Chair Ergo,Furniture,East,67,20,20,20,189.0,0,Cloudy,0,203.85,Winter
2023-02-04,S001,P0007,Office Chair Ergo,Furniture,East,32,21,25,22,189.0,5,Windy,0,202.66,Winter
2023-02-05,S001,P0007,Office Chair Ergo,Furniture,East,87,24,24,23,189.0,10,Rainy,0,202.16,Winter
2023-02-06,S001,P0007,Office Chair Ergo,Furniture,East,39,21,19,20,189.0,15,Sunny,0,203.17,Winter
2023-02-07,S001,P0007,Office Chair Ergo,Furniture,East,44,25,24,26,189.0,5,Windy,0,183.24,Winter
2023-02-08,S001,P0007,Office Chair Ergo,Furniture,East,54,24,30,23,189.0,0,Windy,0,181.92,Winter
2023-02-09,S001,P0007,Office Chair Ergo,Furniture,East,54,21,22,19,189.0,20,Sunny,0,181.61,Winter
2023-02-10,S001,P0007,Office Chair Ergo,Furniture,East,55,16,16,17,189.0,10,Windy,0,202.77,Winter
2023-02-11,S001,P0007,Office Chair Ergo,Furniture,East,40,17,22,18,189.0,0,Cloudy,0,198.69,Winter
2023-02-12,S001,P0007,Office Chair Ergo,Furniture,East,84,24,29,22,189.0,5,Rainy,0,195.07,Winter
2023-02-13,S001,P0007,Office Chair Ergo,Furniture,East,89,24,26,22,189.0,5,Cloudy,0,178.21,Winter
2023-02-14,S001,P0007,Office Chair Ergo,Furniture,East,35,23,30,20,189.0,10,Rainy,0,200.35,Winter
2023-02-15,S001,P0007,Office Chair Ergo,Furniture,East,78,22,18,22,189.0,0,Cloudy,0,192.12,Winter
2023-02-16,S001,P0007,Office Chair Ergo,Furniture,East,36,21,21,21,189.0,15,Windy,0,202.16,Winter
2023-02-17,S001,P0007,Office Chair Ergo,Furniture,East,47,17,19,18,189.0,10,Windy,0,202.97,Winter
2023-02-18,S001,P0007,Office Chair Ergo,Furniture,East,67,19,25,17,189.0,10,Cloudy,0,207.0,Winter
2023-02-19,S001,P0007,Office Chair Ergo,Furniture,East,40,21,23,21,189.0,5,Cloudy,0,201.41,Winter
2023-02-20,S001,P0007,Office Chair Ergo,Furniture,East,35,22,23,19,189.0,10,Windy,0,176.67,Winter
2023-02-21,S001,P0007,Office Chair Ergo,Furniture,East,84,29,34,29,189.0,5,Windy,0,197.15,Winter
2023-02-22,S001,P0007,Office Chair Ergo,Furniture,East,43,25,25,25,189.0,5,Windy,0,198.84,Winter
2023-02-23,S001,P0007,Office Chair Ergo,Furniture,East,71,20,17,21,189.0,0,Cloudy,0,177.03,Winter
2023-02-24,S001,P0007,Office Chair Ergo,Furniture,East,41,18,21,16,189.0,5,Rainy,0,191.78,Winter
2023-02-25,S001,P0007,Office Chair Ergo,Furniture,East,68,21,24,22,189.0,20,Windy,0,178.4,Winter
2023-02-26,S001,P0007,Office Chair Ergo,Furniture,East,56,23,28,20,189.0,5,Rainy,0,194.73,Winter
2023-02-27,S001,P0007,Office Chair Ergo,Furniture,East,56,27,29,28,189.0,0,Cloudy,0,177.92,Winter
2023-02-28,S001,P0007,Office Chair Ergo,Furniture,East,99,25,33,22,189.0,0,Windy,0,172.57,Winter
2023-03-01,S001,P0007,Office Chair Ergo,Furniture,East,62,24,25,22,189.0,15,Rainy,0,191.6,Spring
2023-03-02,S001,P0007,Office Chair Ergo,Furniture,East,73,21,22,21,189.0,0,Cloudy,0,177.1,Spring
2023-03-03,S001,P0007,Office Chair Ergo,Furniture,East,45,18,22,16,189.0,0,Windy,0,200.16,Spring
2023-03-04,S001,P0007,Office Chair Ergo,Furniture,East,55,19,21,17,189.0,5,Rainy,0,198.65,Spring
2023-03-05,S001,P0007,Office Chair Ergo,Furniture,East,60,21,28,19,189.0,0,Sunny,0,187.1,Spring
2023-03-06,S001,P0007,Office Chair Ergo,Furniture,East,45,26,35,28,189.0,0,Cloudy,0,205.89,Spring
2023-03-07,S001,P0007,Office Chair Ergo,Furniture,East,94,24,31,22,189.0,0,Cloudy,0,192.76,Spring
2023-03-08,S001,P0007,Office Chair Ergo,Furniture,East,57,25,25,25,189.0,10,Sunny,0,174.57,Spring
2023-03-09,S001,P0007,Office Chair Ergo,Furniture,East,70,21,21,21,189.0,0,Sunny,0,177.49,Spring
2023-03-10,S001,P0007,Office Chair Ergo,Furniture,East,56,18,15,18,189.0,0,Cloudy,0,195.47,Spring
2023-03-11,S001,P0007,Office Chair Ergo,Furniture,East,72,20,16,21,189.0,0,Cloudy,0,180.26,Spring
2023-03-12,S001,P0007,Office Chair Ergo,Furniture,East,63,22,20,21,189.0,0,Sunny,0,200.02,Spring
2023-03-13,S001,P0007,Office Chair Ergo,Furniture,East,94,24,25,21,189.0,5,Windy,0,201.07,Spring
2023-03-14,S001,P0007,Office Chair Ergo,Furniture,East,52,27,22,26,189.0,0,Windy,0,181.54,Spring
2023-03-15,S001,P0007,Office Chair Ergo,Furniture,East,84,25,34,22,189.0,5,Cloudy,0,175.78,Spring
2023-03-16,S001,P0007,Office Chair Ergo,Furniture,East,34,20,20,20,189.0,5,Rainy,0,178.33,Spring
2023-03-17,S001,P0007,Office Chair Ergo,Furniture,East,52,17,22,16,189.0,5,Windy,0,198.45,Spring
2023-03-18,S001,P0007,Office Chair Ergo,Furniture,East,39,19,22,19,189.0,10,Cloudy,0,187.18,Spring
2023-03-19,S001,P0007,Office Chair Ergo,Furniture,East,72,21,16,21,189.0,0,Cloudy,0,177.07,Spring
2023-03-20,S001,P0007,Office Chair Ergo,Furniture,East,89,28,30,28,189.0,5,Cloudy,0,181.94,Spring
2023-03-21,S001,P0007,Office Chair Ergo,Furniture,East,47,26,32,26,189.0,10,Cloudy,0,203.53,Spring
2023-03-22,S001,P0007,Office Chair Ergo,Furniture,East,66,24,19,25,189.0,0,Rainy,0,193.64,Spring
2023-03-23,S001,P0007,Office Chair Ergo,Furniture,East,42,19,22,20,189.0,10,Rainy,0,173.51,Spring
2023-03-24,S001,P0007,Office Chair Ergo,Furniture,East,70,19,26,20,189.0,20,Windy,0,192.08,Spring
2023-03-25,S001,P0007,Office Chair Ergo,Furniture,East,60,18,16,19,189.0,0,Cloudy,0,179.19,Spring
2023-03-26,S001,P0007,Office Chair Ergo,Furniture,East,35,21,25,19,189.0,0,Cloudy,0,176.51,Spring
2023-03-27,S001,P0007,Office Chair Ergo,Furniture,East,100,26,28,24,189.0,0,Sunny,0,176.54,Spring
2023-03-28,S001,P0007,Office Chair Ergo,Furniture,East,62,26,22,23,189.0,0,Sunny,0,182.14,Spring
2023-03-29,S001,P0007,Office Chair Ergo,Furniture,East,31,19,22,19,189.0,10,Sunny,0,203.44,Spring
2023-03-30,S001,P0007,Office Chair Ergo,Furniture,East,69,20,26,21,189.0,0,Windy,0,174.78,Spring
2023-03-31,S001,P0007,Office Chair Ergo,Furniture,East,63,18,16,16,189.0,15,Windy,0,205.5,Spring
2023-04-01,S001,P0007,Office Chair Ergo,Furniture,East,61,18,18,18,189.0,0,Windy,0,197.51,Spring
2023-04-02,S001,P0007,Office Chair Ergo,Furniture,East,82,22,20,20,189.0,5,Sunny,0,177.52,Spring
2023-04-03,S001,P0007,Office Chair Ergo,Furniture,East,82,21,18,19,189.0,0,Rainy,0,179.43,Spring
2023-04-04,S001,P0007,Office Chair Ergo,Furniture,East,63,20,20,21,189.0,0,Windy,0,194.23,Spring
2023-04-05,S001,P0007,Office Chair Ergo,Furniture,East,62,21,27,20,189.0,0,Cloudy,0,185.82,Spring
2023-04-06,S001,P0007,Office Chair Ergo,Furniture,East,66,20,16,19,189.0,5,Rainy,0,173.7,Spring
2023-04-07,S001,P0007,Office Chair Ergo,Furniture,East,42,14,13,12,189.0,10,Windy,0,182.01,Spring
2023-04-08,S001,P0007,Office Chair Ergo,Furniture,East,29,17,19,16,189.0,0,Windy,0,201.96,Spring
2023-04-09,S001,P0007,Office Chair Ergo,Furniture,East,27,18,20,17,189.0,5,Windy,0,193.51,Spring
2023-04-10,S001,P0007,Office Chair Ergo,Furniture,East,89,24,27,22,189.0,0,Sunny,0,207.11,Spring
2023-04-11,S001,P0007,Office Chair Ergo,Furniture,East,53,28,31,30,189.0,5,Sunny,0,186.18,Spring
2023-04-12,S001,P0007,Office Chair Ergo,Furniture,East,48,22,19,22,189.0,0,Cloudy,0,203.9,Spring
2023-04-13,S001,P0007,Office Chair Ergo,Furniture,East,33,19,19,17,189.0,10,Rainy,0,195.4,Spring
2023-04-14,S001,P0007,Office Chair Ergo,Furniture,East,64,18,19,18,189.0,0,Cloudy,0,203.51,Spring
2023-04-15,S001,P0007,Office Chair Ergo,Furniture,East,67,18,23,18,189.0,5,Windy,0,181.37,Spring
2023-04-16,S001,P0007,Office Chair Ergo,Furniture,East,32,20,27,19,189.0,15,Cloudy,0,198.03,Spring
2023-04-17,S001,P0007,Office Chair Ergo,Furniture,East,97,25,20,24,189.0,0,Rainy,0,180.46,Spring
2023-04-18,S001,P0007,Office Chair Ergo,Furniture,East,93,25,32,23,189.0,0,Windy,0,192.03,Spring
2023-04-19,S001,P0007,Office Chair Ergo,Furniture,East,46,23,26,21,189.0,0,Rainy,0,179.77,Spring
2023-04-20,S001,P0007,Office Chair Ergo,Furniture,East,54,19,17,20,189.0,15,Cloudy,0,201.21,Spring
2023-04-21,S001,P0007,Office Chair Ergo,Furniture,East,62,16,15,15,189.0,0,Sunny,0,176.33,Spring
2023-04-22,S001,P0007,Office Chair Ergo,Furniture,East,54,19,25,18,189.0,5,Cloudy,0,176.53,Spring
2023-04-23,S001,P0007,Office Chair Ergo,Furniture,East,37,20,27,20,189.0,0,Sunny,0,198.38,Spring
2023-04-24,S001,P0007,Office Chair Ergo,Furniture,East,46,25,26,26,189.0,0,Windy,0,182.59,Spring
2023-04-25,S001,P0007,Office Chair Ergo,Furniture,East,69,22,20,22,189.0,0,Sunny,0,189.33,Spring
2023-04-26,S001,P0007,Office Chair Ergo,Furniture,East,88,24,29,21,189.0,0,Sunny,0,199.94,Spring
2023-04-27,S001,P0007,Office Chair Ergo,Furniture,East,60,19,25,20,189.0,10,Rainy,0,184.52,Spring
2023-04-28,S001,P0007,Office Chair Ergo,Furniture,East,41,15,20,15,189.0,0,Sunny,0,181.93,Spring
2023-04-29,S001,P0007,Office Chair Ergo,Furniture,East,58,18,17,19,189.0,15,Windy,0,189.61,Spring
2023-04-30,S001,P0007,Office Chair Ergo,Furniture,East,72,19,18,18,189.0,0,Cloudy,0,195.05,Spring
2023-05-01,S001,P0007,Office Chair Ergo,Furniture,East,41,23,21,25,189.0,15,Rainy,0,183.18,Spring
2023-05-02,S001,P0007,Office Chair Ergo,Furniture,East,58,22,26,22,189.0,0,Windy,0,199.44,Spring
2023-05-03,S001,P0007,Office Chair Ergo,Furniture,East,74,21,17,22,189.0,0,Sunny,0,174.93,Spring
2023-05-04,S001,P0007,Office Chair Ergo,Furniture,East,39,19,19,19,189.0,0,Sunny,0,203.84,Spring
2023-05-05,S001,P0007,Office Chair Ergo,Furniture,East,48,17,16,18,189.0,5,Cloudy,0,181.48,Spring
2023-05-06,S001,P0007,Office Chair Ergo,Furniture,East,30,15,17,13,189.0,0,Sunny,0,173.9,Spring
2023-05-07,S001,P0007,Office Chair Ergo,Furniture,East,32,18,20,17,189.0,10,Sunny,0,196.85,Spring
2023-05-08,S001,P0007,Office Chair Ergo,Furniture,East,85,23,24,22,189.0,0,Windy,0,195.53,Spring
2023-05-09,S001,P0007,Office Chair Ergo,Furniture,East,51,23,23,21,189.0,10,Windy,0,206.27,Spring
2023-05-10,S001,P0007,Office Chair Ergo,Furniture,East,79,20,18,21,189.0,0,Rainy,0,205.18,Spring
2023-05-11,S001,P0007,Office Chair Ergo,Furniture,East,35,20,19,18,189.0,5,Windy,0,207.83,Spring
2023-05-12,S001,P0007,Office Chair Ergo,Furniture,East,32,17,16,17,189.0,0,Rainy,0,191.61,Spring
2023-05-13,S001,P0007,Office Chair Ergo,Furniture,East,54,16,13,16,189.0,0,Rainy,0,174.91,Spring
2023-05-14,S001,P0007,Office Chair Ergo,Furniture,East,57,18,19,19,189.0,5,Cloudy,0,189.35,Spring
2023-05-15,S001,P0007,Office Chair Ergo,Furniture,East,81,21,28,19,189.0,0,Windy,0,199.41,Spring
2023-05-16,S001,P0007,Office Chair Ergo,Furniture,East,61,22,18,22,189.0,0,Windy,0,205.37,Spring
2023-05-17,S001,P0007,Office Chair Ergo,Furniture,East,60,22,20,22,189.0,0,Windy,0,178.24,Spring
2023-05-18,S001,P0007,Office Chair Ergo,Furniture,East,45,19,23,19,189.0,5,Windy,0,196.51,Spring
2023-05-19,S001,P0007,Office Chair Ergo,Furniture,East,44,15,17,15,189.0,0,Cloudy,0,202.87,Spring
2023-05-20,S001,P0007,Office Chair Ergo,Furniture,East,27,17,23,15,189.0,0,Rainy,0,204.23,Spring
2023-05-21,S001,P0007,Office Chair Ergo,Furniture,East,75,20,22,21,189.0,5,Rainy,0,189.95,Spring
2023-05-22,S001,P0007,Office Chair Ergo,Furniture,East,31,21,19,22,189.0,0,Rainy,0,180.51,Spring
2023-05-23,S001,P0007,Office Chair Ergo,Furniture,East,60,22,21,24,189.0,10,Sunny,0,192.1,Spring
2023-05-24,S001,P0007,Office Chair Ergo,Furniture,East,35,21,19,21,189.0,0,Sunny,0,174.19,Spring
2023-05-25,S001,P0007,Office Chair Ergo,Furniture,East,52,17,14,16,189.0,10,Rainy,0,200.25,Spring
2023-05-26,S001,P0007,Office Chair Ergo,Furniture,East,21,14,15,13,189.0,5,Sunny,0,194.41,Spring
2023-05-27,S001,P0007,Office Chair Ergo,Furniture,East,23,15,15,15,189.0,0,Rainy,0,180.62,Spring
2023-05-28,S001,P0007,Office Chair Ergo,Furniture,East,57,18,14,18,189.0,0,Rainy,0,186.13,Spring
2023-05-29,S001,P0007,Office Chair Ergo,Furniture,East,56,20,18,20,189.0,0,Rainy,0,185.44,Spring
2023-05-30,S001,P0007,Office Chair Ergo,Furniture,East,30,19,22,19,189.0,5,Sunny,0,206.24,Spring
2023-05-31,S001,P0007,Office Chair Ergo,Furniture,East,40,20,19,21,189.0,0,Sunny,0,181.51,Spring
2023-06-01,S001,P0007,Office Chair Ergo,Furniture,East,27,17,19,16,189.0,10,Cloudy,0,193.72,Summer
2023-06-02,S001,P0007,Office Chair Ergo,Furniture,East,30,13,15,13,189.0,10,Cloudy,0,203.43,Summer
2023-06-03,S001,P0007,Office Chair Ergo,Furniture,East,57,15,18,14,189.0,10,Sunny,0,186.37,Summer
2023-06-04,S001,P0007,Office Chair Ergo,Furniture,East,27,17,17,16,189.0,0,Cloudy,0,202.12,Summer
2023-06-05,S001,P0007,Office Chair Ergo,Furniture,East,55,20,25,20,189.0,0,Sunny,0,176.5,Summer
2023-06-06,S001,P0007,Office Chair Ergo,Furniture,East,64,19,24,18,189.0,5,Windy,0,193.08,Summer
2023-06-07,S001,P0007,Office Chair Ergo,Furniture,East,58,17,20,17,189.0,0,Sunny,0,206.67,Summer
2023-06-08,S001,P0007,Office Chair Ergo,Furniture,East,63,17,20,15,189.0,5,Cloudy,0,196.32,Summer
2023-06-09,S001,P0007,Office Chair Ergo,Furniture,East,27,13,12,13,189.0,20,Windy,0,172.48,Summer
2023-06-10,S001,P0007,Office Chair Ergo,Furniture,East,42,15,13,13,189.0,5,Rainy,0,170.68,Summer
2023-06-11,S001,P0007,Office Chair Ergo,Furniture,East,56,17,20,16,189.0,10,Windy,0,171.17,Summer
2023-06-12,S001,P0007,Office Chair Ergo,Furniture,East,34,19,18,20,189.0,10,Windy,0,179.74,Summer
2023-06-13,S001,P0007,Office Chair Ergo,Furniture,East,34,20,17,19,189.0,20,Cloudy,0,199.87,Summer
2023-06-14,S001,P0007,Office Chair Ergo,Furniture,East,67,20,27,18,189.0,15,Cloudy,0,174.5,Summer
2023-06-15,S001,P0007,Office Chair Ergo,Furniture,East,53,14,13,14,189.0,15,Rainy,0,193.92,Summer
2023-06-16,S001,P0007,Office Chair Ergo,Furniture,East,45,15,20,14,189.0,0,Sunny,0,207.02,Summer
2023-06-17,S001,P0007,Office Chair Ergo,Furniture,East,30,12,14,12,189.0,0,Sunny,0,181.52,Summer
2023-06-18,S001,P0007,Office Chair Ergo,Furniture,East,64,18,19,18,189.0,0,Sunny,0,170.77,Summer
2023-06-19,S001,P0007,Office Chair Ergo,Furniture,East,54,16,21,15,189.0,15,Windy,0,182.29,Summer
2023-06-20,S001,P0007,Office Chair Ergo,Furniture,East,87,23,32,22,189.0,5,Cloudy,0,176.55,Summer
2023-06-21,S001,P0007,Office Chair Ergo,Furniture,East,61,17,21,16,189.0,5,Rainy,0,206.51,Summer
2023-06-22,S001,P0007,Office Chair Ergo,Furniture,East,46,17,19,17,189.0,0,Rainy,0,193.14,Summer
2023-06-23,S001,P0007,Office Chair Ergo,Furniture,East,29,15,16,15,189.0,0,Windy,0,189.54,Summer
2023-06-24,S001,P0007,Office Chair Ergo,Furniture,East,22,14,17,13,189.0,0,Sunny,0,187.83,Summer
2023-06-25,S001,P0007,Office Chair Ergo,Furniture,East,35,16,13,16,189.0,0,Rainy,0,180.38,Summer
2023-06-26,S001,P0007,Office Chair Ergo,Furniture,East,71,18,18,18,189.0,0,Rainy,0,181.07,Summer
2023-06-27,S001,P0007,Office Chair Ergo,Furniture,East,72,20,21,20,189.0,0,Cloudy,0,206.34,Summer
2023-06-28,S001,P0007,Office Chair Ergo,Furniture,East,54,17,14,16,189.0,0,Cloudy,0,172.8,Summer
2023-06-29,S001,P0007,Office Chair Ergo,Furniture,East,41,14,14,12,189.0,20,Windy,0,192.28,Summer
2023-06-30,S001,P0007,Office Chair Ergo,Furniture,East,28,14,15,12,189.0,0,Cloudy,0,182.65,Summer
2023-07-01,S001,P0007,Office Chair Ergo,Furniture,East,45,13,15,14,189.0,0,Windy,0,205.68,Summer
2023-07-02,S001,P0007,Office Chair Ergo,Furniture,East,39,16,19,14,189.0,0,Sunny,0,170.28,Summer
2023-07-03,S001,P0007,Office Chair Ergo,Furniture,East,59,18,20,17,189.0,15,Rainy,0,207.45,Summer
2023-07-04,S001,P0007,Office Chair Ergo,Furniture,East,63,18,23,16,189.0,10,Cloudy,0,177.6,Summer
2023-07-05,S001,P0007,Office Chair Ergo,Furniture,East,52,17,16,18,189.0,5,Sunny,0,173.62,Summer
2023-07-06,S001,P0007,Office Chair Ergo,Furniture,East,43,16,16,14,189.0,10,Windy,0,199.27,Summer
2023-07-07,S001,P0007,Office Chair Ergo,Furniture,East,36,13,15,12,189.0,0,Rainy,0,193.37,Summer
2023-07-08,S001,P0007,Office Chair Ergo,Furniture,East,48,13,16,11,189.0,0,Rainy,0,182.86,Summer
2023-07-09,S001,P0007,Office Chair Ergo,Furniture,East,48,16,13,16,189.0,15,Windy,0,175.04,Summer
2023-07-10,S001,P0007,Office Chair Ergo,Furniture,East,73,19,23,19,189.0,15,Windy,0,186.31,Summer
2023-07-11,S001,P0007,Office Chair Ergo,Furniture,East,64,17,16,16,189.0,0,Rainy,0,177.33,Summer
2023-07-12,S001,P0007,Office Chair Ergo,Furniture,East,65,17,17,16,189.0,20,Sunny,0,186.07,Summer
2023-07-13,S001,P0007,Office Chair Ergo,Furniture,East,56,15,18,13,189.0,20,Windy,0,196.64,Summer
2023-07-14,S001,P0007,Office Chair Ergo,Furniture,East,26,11,14,10,189.0,20,Windy,0,194.81,Summer
2023-07-15,S001,P0007,Office Chair Ergo,Furniture,East,40,15,12,14,189.0,0,Windy,0,204.7,Summer
2023-07-16,S001,P0007,Office Chair Ergo,Furniture,East,65,17,14,17,189.0,0,Windy,0,194.83,Summer
2023-07-17,S001,P0007,Office Chair Ergo,Furniture,East,67,17,20,17,189.0,15,Windy,0,171.31,Summer
2023-07-18,S001,P0007,Office Chair Ergo,Furniture,East,37,17,22,17,189.0,0,Cloudy,0,205.31,Summer
2023-07-19,S001,P0007,Office Chair Ergo,Furniture,East,66,17,14,16,189.0,0,Rainy,0,193.92,Summer
2023-07-20,S001,P0007,Office Chair Ergo,Furniture,East,41,13,16,13,189.0,0,Sunny,0,176.98,Summer
2023-07-21,S001,P0007,Office Chair Ergo,Furniture,East,38,14,12,13,189.0,0,Sunny,0,201.87,Summer
2023-07-22,S001,P0007,Office Chair Ergo,Furniture,East,46,13,10,13,189.0,15,Sunny,0,184.3,Summer
2023-07-23,S001,P0007,Office Chair Ergo,Furniture,East,65,17,20,16,189.0,0,Sunny,0,194.4,Summer
2023-07-24,S001,P0007,Office Chair Ergo,Furniture,East,26,16,20,15,189.0,20,Windy,0,204.08,Summer
2023-07-25,S001,P0007,Office Chair Ergo,Furniture,East,60,18,15,18,189.0,0,Sunny,0,193.57,Summer
2023-07-26,S001,P0007,Office Chair Ergo,Furniture,East,64,18,21,17,189.0,15,Cloudy,0,194.13,Summer
2023-07-27,S001,P0007,Office Chair Ergo,Furniture,East,23,14,19,13,189.0,0,Sunny,0,170.18,Summer
2023-07-28,S001,P0007,Office Chair Ergo,Furniture,East,38,13,16,12,189.0,15,Rainy,0,194.48,Summer
2023-07-29,S001,P0007,Office Chair Ergo,Furniture,East,45,14,13,13,189.0,0,Cloudy,0,170.54,Summer
2023-07-30,S001,P0007,Office Chair Ergo,Furniture,East,31,15,18,15,189.0,0,Sunny,0,191.58,Summer
2023-07-31,S001,P0007,Office Chair Ergo,Furniture,East,41,16,21,16,189.0,0,Sunny,0,194.71,Summer
2023-08-01,S001,P0007,Office Chair Ergo,Furniture,East,28,16,20,16,189.0,0,Rainy,0,206.96,Summer
2023-08-02,S001,P0007,Office Chair Ergo,Furniture,East,59,17,19,16,189.0,0,Rainy,0,172.1,Summer
2023-08-03,S001,P0007,Office Chair Ergo,Furniture,East,31,14,17,14,189.0,5,Windy,0,190.38,Summer
2023-08-04,S001,P0007,Office Chair Ergo,Furniture,East,34,13,17,11,189.0,5,Cloudy,0,207.14,Summer
2023-08-05,S001,P0007,Office Chair Ergo,Furniture,East,26,13,15,11,189.0,0,Rainy,0,175.92,Summer
2023-08-06,S001,P0007,Office Chair Ergo,Furniture,East,41,14,11,13,189.0,10,Cloudy,0,177.98,Summer
2023-08-07,S001,P0007,Office Chair Ergo,Furniture,East,24,14,16,13,189.0,20,Windy,0,206.26,Summer
2023-08-08,S001,P0007,Office Chair Ergo,Furniture,East,70,21,22,21,189.0,0,Rainy,0,183.92,Summer
2023-08-09,S001,P0007,Office Chair Ergo,Furniture,East,29,17,14,18,189.0,0,Windy,0,179.36,Summer
2023-08-10,S001,P0007,Office Chair Ergo,Furniture,East,45,14,14,13,189.0,5,Windy,0,197.25,Summer
2023-08-11,S001,P0007,Office Chair Ergo,Furniture,East,36,13,12,11,189.0,0,Windy,0,196.83,Summer
2023-08-12,S001,P0007,Office Chair Ergo,Furniture,East,23,12,14,13,189.0,20,Rainy,0,194.47,Summer
2023-08-13,S001,P0007,Office Chair Ergo,Furniture,East,55,14,17,15,189.0,20,Windy,0,188.89,Summer
2023-08-14,S001,P0007,Office Chair Ergo,Furniture,East,67,19,16,18,189.0,15,Rainy,0,179.95,Summer
2023-08-15,S001,P0007,Office Chair Ergo,Furniture,East,37,18,17,18,189.0,15,Sunny,0,206.43,Summer
2023-08-16,S001,P0007,Office Chair Ergo,Furniture,East,29,15,14,15,189.0,0,Sunny,0,194.07,Summer
2023-08-17,S001,P0007,Office Chair Ergo,Furniture,East,30,13,17,13,189.0,0,Cloudy,0,186.96,Summer
2023-08-18,S001,P0007,Office Chair Ergo,Furniture,East,39,12,12,13,189.0,20,Rainy,0,203.96,Summer
2023-08-19,S001,P0007,Office Chair Ergo,Furniture,East,44,13,13,13,189.0,10,Windy,0,192.61,Summer
2023-08-20,S001,P0007,Office Chair Ergo,Furniture,East,40,17,23,15,189.0,0,Sunny,0,201.47,Summer
2023-08-21,S001,P0007,Office Chair Ergo,Furniture,East,26,17,14,16,189.0,0,Sunny,0,182.21,Summer
2023-08-22,S001,P0007,Office Chair Ergo,Furniture,East,43,16,13,15,189.0,5,Cloudy,0,173.95,Summer
2023-08-23,S001,P0007,Office Chair Ergo,Furniture,East,32,16,19,16,189.0,0,Sunny,0,198.69,Summer
2023-08-24,S001,P0007,Office Chair Ergo,Furniture,East,31,14,11,14,189.0,5,Windy,0,181.05,Summer
2023-08-25,S001,P0007,Office Chair Ergo,Furniture,East,43,11,9,9,189.0,0,Cloudy,0,181.67,Summer
2023-08-26,S001,P0007,Office Chair Ergo,Furniture,East,22,13,13,14,189.0,0,Windy,0,196.33,Summer
2023-08-27,S001,P0007,Office Chair Ergo,Furniture,East,36,16,16,16,189.0,0,Cloudy,0,175.84,Summer
2023-08-28,S001,P0007,Office Chair Ergo,Furniture,East,62,17,22,18,189.0,5,Cloudy,0,190.16,Summer
2023-08-29,S001,P0007,Office Chair Ergo,Furniture,East,64,17,13,16,189.0,10,Sunny,0,207.78,Summer
2023-08-30,S001,P0007,Office Chair Ergo,Furniture,East,56,16,15,17,189.0,15,Sunny,0,171.21,Summer
2023-08-31,S001,P0007,Office Chair Ergo,Furniture,East,36,12,15,12,189.0,0,Sunny,0,184.87,Summer
2023-09-01,S001,P0007,Office Chair Ergo,Furniture,East,18,12,15,11,189.0,0,Cloudy,0,177.63,Autumn
2023-09-02,S001,P0007,Office Chair Ergo,Furniture,East,42,13,17,12,189.0,0,Cloudy,0,205.77,Autumn
2023-09-03,S001,P0007,Office Chair Ergo,Furniture,East,33,14,12,15,189.0,5,Sunny,0,197.29,Autumn
2023-09-04,S001,P0007,Office Chair Ergo,Furniture,East,34,20,18,18,189.0,0,Rainy,0,178.78,Autumn
2023-09-05,S001,P0007,Office Chair Ergo,Furniture,East,46,19,20,18,189.0,0,Sunny,0,201.44,Autumn
2023-09-06,S001,P0007,Office Chair Ergo,Furniture,East,52,14,18,15,189.0,0,Rainy,0,179.39,Autumn
2023-09-07,S001,P0007,Office Chair Ergo,Furniture,East,22,12,10,10,189.0,5,Sunny,0,193.01,Autumn
2023-09-08,S001,P0007,Office Chair Ergo,Furniture,East,25,12,16,12,189.0,10,Windy,0,185.5,Autumn
2023-09-09,S001,P0007,Office Chair Ergo,Furniture,East,56,15,18,15,189.0,0,Sunny,0,195.91,Autumn
2023-09-10,S001,P0007,Office Chair Ergo,Furniture,East,61,16,21,16,189.0,0,Cloudy,0,171.88,Autumn
2023-09-11,S001,P0007,Office Chair Ergo,Furniture,East,36,20,23,21,189.0,0,Cloudy,0,205.95,Autumn
2023-09-12,S001,P0007,Office Chair Ergo,Furniture,East,39,18,14,19,189.0,0,Sunny,0,188.27,Autumn
2023-09-13,S001,P0007,Office Chair Ergo,Furniture,East,49,17,16,15,189.0,5,Windy,0,181.33,Autumn
2023-09-14,S001,P0007,Office Chair Ergo,Furniture,East,37,13,12,13,189.0,0,Rainy,0,190.22,Autumn
2023-09-15,S001,P0007,Office Chair Ergo,Furniture,East,29,13,15,11,189.0,20,Rainy,0,197.96,Autumn
2023-09-16,S001,P0007,Office Chair Ergo,Furniture,East,26,13,10,13,189.0,5,Windy,0,195.25,Autumn
2023-09-17,S001,P0007,Office Chair Ergo,Furniture,East,46,15,17,14,189.0,0,Rainy,0,189.71,Autumn
2023-09-18,S001,P0007,Office Chair Ergo,Furniture,East,71,20,21,19,189.0,5,Sunny,0,203.91,Autumn
2023-09-19,S001,P0007,Office Chair Ergo,Furniture,East,67,18,15,19,189.0,0,Windy,0,177.03,Autumn
2023-09-20,S001,P0007,Office Chair Ergo,Furniture,East,75,19,16,20,189.0,0,Cloudy,0,174.3,Autumn
2023-09-21,S001,P0007,Office Chair Ergo,Furniture,East,37,13,17,13,189.0,20,Cloudy,0,170.65,Autumn
2023-09-22,S001,P0007,Office Chair Ergo,Furniture,East,37,16,17,14,189.0,0,Rainy,0,200.89,Autumn
2023-09-23,S001,P0007,Office Chair Ergo,Furniture,East,42,13,13,11,189.0,0,Cloudy,0,176.8,Autumn
2023-09-24,S001,P0007,Office Chair Ergo,Furniture,East,51,17,14,18,189.0,0,Cloudy,0,173.13,Autumn
2023-09-25,S001,P0007,Office Chair Ergo,Furniture,East,74,19,15,20,189.0,15,Windy,0,180.66,Autumn
2023-09-26,S001,P0007,Office Chair Ergo,Furniture,East,34,18,23,19,189.0,5,Rainy,0,207.62,Autumn
2023-09-27,S001,P0007,Office Chair Ergo,Furniture,East,56,18,17,16,189.0,0,Windy,0,175.72,Autumn
2023-09-28,S001,P0007,Office Chair Ergo,Furniture,East,51,16,13,17,189.0,15,Cloudy,0,181.79,Autumn
2023-09-29,S001,P0007,Office Chair Ergo,Furniture,East,43,13,15,12,189.0,0,Windy,0,189.47,Autumn
2023-09-30,S001,P0007,Office Chair Ergo,Furniture,East,35,13,13,12,189.0,0,Rainy,0,194.63,Autumn
2023-10-01,S001,P0007,Office Chair Ergo,Furniture,East,41,16,14,17,189.0,0,Cloudy,0,178.56,Autumn
2023-10-02,S001,P0007,Office Chair Ergo,Furniture,East,37,19,23,18,189.0,0,Sunny,0,203.18,Autumn
2023-10-03,S001,P0007,Office Chair Ergo,Furniture,East,58,21,22,22,189.0,10,Cloudy,0,206.25,Autumn
2023-10-04,S001,P0007,Office Chair Ergo,Furniture,East,64,19,25,20,189.0,10,Cloudy,0,207.8,Autumn
2023-10-05,S001,P0007,Office Chair Ergo,Furniture,East,44,15,15,14,189.0,10,Sunny,0,200.5,Autumn
2023-10-06,S001,P0007,Office Chair Ergo,Furniture,East,28,14,16,12,189.0,5,Sunny,0,192.15,Autumn
2023-10-07,S001,P0007,Office Chair Ergo,Furniture,East,22,12,10,11,189.0,5,Cloudy,0,193.05,Autumn
2023-10-08,S001,P0007,Office Chair Ergo,Furniture,East,55,16,19,15,189.0,15,Windy,0,203.82,Autumn
2023-10-09,S001,P0007,Office Chair Ergo,Furniture,East,35,20,22,20,189.0,5,Sunny,0,182.19,Autumn
2023-10-10,S001,P0007,Office Chair Ergo,Furniture,East,64,21,17,20,189.0,0,Cloudy,0,207.86,Autumn
2023-10-11,S001,P0007,Office Chair Ergo,Furniture,East,29,19,20,18,189.0,0,Windy,0,203.85,Autumn
2023-10-12,S001,P0007,Office Chair Ergo,Furniture,East,42,17,21,16,189.0,10,Cloudy,0,204.98,Autumn
2023-10-13,S001,P0007,Office Chair Ergo,Furniture,East,34,15,19,14,189.0,0,Rainy,0,182.12,Autumn
2023-10-14,S001,P0007,Office Chair Ergo,Furniture,East,35,14,15,13,189.0,0,Sunny,0,184.05,Autumn
2023-10-15,S001,P0007,Office Chair Ergo,Furniture,East,63,17,20,17,189.0,5,Cloudy,0,200.98,Autumn
2023-10-16,S001,P0007,Office Chair Ergo,Furniture,East,45,20,16,19,189.0,0,Cloudy,0,182.55,Autumn
2023-10-17,S001,P0007,Office Chair Ergo,Furniture,East,34,20,21,19,189.0,15,Windy,0,177.72,Autumn
2023-10-18,S001,P0007,Office Chair Ergo,Furniture,East,65,21,22,22,189.0,0,Sunny,0,188.32,Autumn
2023-10-19,S001,P0007,Office Chair Ergo,Furniture,East,25,15,14,14,189.0,20,Windy,0,192.13,Autumn
2023-10-20,S001,P0007,Office Chair Ergo,Furniture,East,43,15,20,14,189.0,5,Windy,0,191.19,Autumn
2023-10-21,S001,P0007,Office Chair Ergo,Furniture,East,35,16,15,15,189.0,0,Windy,0,198.96,Autumn
2023-10-22,S001,P0007,Office Chair Ergo,Furniture,East,32,17,21,17,189.0,0,Cloudy,0,190.11,Autumn
2023-10-23,S001,P0007,Office Chair Ergo,Furniture,East,53,20,24,19,189.0,5,Windy,0,175.31,Autumn
2023-10-24,S001,P0007,Office Chair Ergo,Furniture,East,69,21,24,20,189.0,20,Windy,0,174.89,Autumn
2023-10-25,S001,P0007,Office Chair Ergo,Furniture,East,36,20,17,18,189.0,0,Rainy,0,198.67,Autumn
2023-10-26,S001,P0007,Office Chair Ergo,Furniture,East,57,16,21,14,189.0,0,Sunny,0,187.5,Autumn
2023-10-27,S001,P0007,Office Chair Ergo,Furniture,East,37,14,14,13,189.0,15,Rainy,0,204.26,Autumn
2023-10-28,S001,P0007,Office Chair Ergo,Furniture,East,60,17,15,17,189.0,0,Windy,0,174.05,Autumn
2023-10-29,S001,P0007,Office Chair Ergo,Furniture,East,41,19,23,19,189.0,0,Cloudy,0,177.85,Autumn
2023-10-30,S001,P0007,Office Chair Ergo,Furniture,East,38,22,27,23,189.0,0,Rainy,0,203.58,Autumn
2023-10-31,S001,P0007,Office Chair Ergo,Furniture,East,49,23,30,21,189.0,0,Windy,0,172.34,Autumn
2023-11-01,S001,P0007,Office Chair Ergo,Furniture,East,78,23,27,25,189.0,0,Rainy,0,180.53,Autumn
2023-11-02,S001,P0007,Office Chair Ergo,Furniture,East,62,18,16,19,189.0,0,Cloudy,0,189.47,Autumn
2023-11-03,S001,P0007,Office Chair Ergo,Furniture,East,53,15,16,15,189.0,10,Cloudy,0,200.75,Autumn
2023-11-04,S001,P0007,Office Chair Ergo,Furniture,East,49,17,15,18,189.0,10,Cloudy,0,205.9,Autumn
2023-11-05,S001,P0007,Office Chair Ergo,Furniture,East,71,18,19,17,189.0,5,Cloudy,0,171.84,Autumn
2023-11-06,S001,P0007,Office Chair Ergo,Furniture,East,66,21,18,19,189.0,5,Cloudy,0,197.36,Autumn
2023-11-07,S001,P0007,Office Chair Ergo,Furniture,East,79,20,19,21,189.0,10,Rainy,0,175.05,Autumn
2023-11-08,S001,P0007,Office Chair Ergo,Furniture,East,52,20,25,19,189.0,10,Sunny,0,178.16,Autumn
2023-11-09,S001,P0007,Office Chair Ergo,Furniture,East,32,18,17,16,189.0,5,Windy,0,199.04,Autumn
2023-11-10,S001,P0007,Office Chair Ergo,Furniture,East,48,16,18,16,189.0,0,Cloudy,0,188.4,Autumn
2023-11-11,S001,P0007,Office Chair Ergo,Furniture,East,54,15,13,15,189.0,5,Windy,0,188.32,Autumn
2023-11-12,S001,P0007,Office Chair Ergo,Furniture,East,33,17,14,15,189.0,5,Sunny,0,171.51,Autumn
2023-11-13,S001,P0007,Office Chair Ergo,Furniture,East,47,25,32,26,189.0,5,Sunny,0,176.32,Autumn
2023-11-14,S001,P0007,Office Chair Ergo,Furniture,East,85,23,23,21,189.0,0,Cloudy,0,207.32,Autumn
2023-11-15,S001,P0007,Office Chair Ergo,Furniture,East,47,20,26,21,189.0,0,Sunny,0,181.69,Autumn
2023-11-16,S001,P0007,Office Chair Ergo,Furniture,East,38,19,20,17,189.0,0,Cloudy,0,193.62,Autumn
2023-11-17,S001,P0007,Office Chair Ergo,Furniture,East,74,19,24,17,189.0,10,Rainy,0,190.2,Autumn
2023-11-18,S001,P0007,Office Chair Ergo,Furniture,East,27,18,22,17,189.0,0,Sunny,0,172.6,Autumn
2023-11-19,S001,P0007,Office Chair Ergo,Furniture,East,63,16,19,14,189.0,5,Sunny,0,204.19,Autumn
2023-11-20,S001,P0007,Office Chair Ergo,Furniture,East,83,27,33,28,189.0,0,Rainy,0,175.78,Autumn
2023-11-21,S001,P0007,Office Chair Ergo,Furniture,East,48,21,17,19,189.0,15,Sunny,0,171.61,Autumn
2023-11-22,S001,P0007,Office Chair Ergo,Furniture,East,76,21,16,22,189.0,10,Cloudy,0,207.19,Autumn
2023-11-23,S001,P0007,Office Chair Ergo,Furniture,East,56,17,23,18,189.0,0,Windy,0,203.55,Autumn
2023-11-24,S001,P0007,Office Chair Ergo,Furniture,East,60,27,25,27,189.0,10,Rainy,1,184.2,Autumn
2023-11-25,S001,P0007,Office Chair Ergo,Furniture,East,46,24,31,24,189.0,0,Rainy,1,179.08,Autumn
2023-11-26,S001,P0007,Office Chair Ergo,Furniture,East,51,29,34,26,189.0,0,Cloudy,1,206.4,Autumn
2023-11-27,S001,P0007,Office Chair Ergo,Furniture,East,51,33,43,32,189.0,0,Sunny,1,174.58,Autumn
2023-11-28,S001,P0007,Office Chair Ergo,Furniture,East,110,46,59,47,189.0,5,Cloudy,1,203.36,Autumn
2023-11-29,S001,P0007,Office Chair Ergo,Furniture,East,93,27,32,26,189.0,5,Sunny,1,195.18,Autumn
2023-11-30,S001,P0007,Office Chair Ergo,Furniture,East,55,17,16,17,189.0,0,Rainy,0,174.31,Autumn
2023-12-01,S001,P0007,Office Chair Ergo,Furniture,East,26,17,15,15,189.0,0,Rainy,0,191.24,Winter
2023-12-02,S001,P0007,Office Chair Ergo,Furniture,East,71,18,23,16,189.0,0,Sunny,0,185.85,Winter
2023-12-03,S001,P0007,Office Chair Ergo,Furniture,East,48,20,21,20,189.0,0,Sunny,0,183.6,Winter
2023-12-04,S001,P0007,Office Chair Ergo,Furniture,East,48,22,28,24,189.0,10,Rainy,0,181.24,Winter
2023-12-05,S001,P0007,Office Chair Ergo,Furniture,East,91,26,28,23,189.0,10,Rainy,0,185.5,Winter
2023-12-06,S001,P0007,Office Chair Ergo,Furniture,East,73,24,25,22,189.0,0,Windy,0,207.28,Winter
2023-12-07,S001,P0007,Office Chair Ergo,Furniture,East,49,18,21,16,189.0,0,Cloudy,0,194.61,Winter
2023-12-08,S001,P0007,Office Chair Ergo,Furniture,East,45,16,21,17,189.0,0,Rainy,0,174.33,Winter
2023-12-09,S001,P0007,Office Chair Ergo,Furniture,East,53,19,25,20,189.0,0,Windy,0,203.6,Winter
2023-12-10,S001,P0007,Office Chair Ergo,Furniture,East,43,20,23,19,189.0,0,Cloudy,0,193.63,Winter
2023-12-11,S001,P0007,Office Chair Ergo,Furniture,East,87,25,34,23,189.0,0,Cloudy,0,197.48,Winter
2023-12-12,S001,P0007,Office Chair Ergo,Furniture,East,97,28,32,26,189.0,0,Rainy,0,202.92,Winter
2023-12-13,S001,P0007,Office Chair Ergo,Furniture,East,44,23,21,24,189.0,0,Sunny,0,184.4,Winter
2023-12-14,S001,P0007,Office Chair Ergo,Furniture,East,31,18,21,17,189.0,0,Windy,0,186.21,Winter
2023-12-15,S001,P0007,Office Chair Ergo,Furniture,East,50,19,22,19,189.0,0,Cloudy,0,188.67,Winter
2023-12-16,S001,P0007,Office Chair Ergo,Furniture,East,54,19,16,17,189.0,0,Sunny,0,190.14,Winter
2023-12-17,S001,P0007,Office Chair Ergo,Furniture,East,67,22,22,20,189.0,0,Sunny,0,184.99,Winter
2023-12-18,S001,P0007,Office Chair Ergo,Furniture,East,91,26,27,28,189.0,0,Rainy,0,177.41,Winter
2023-12-19,S001,P0007,Office Chair Ergo,Furniture,East,95,27,23,27,189.0,15,Cloudy,0,188.83,Winter
2023-12-20,S001,P0007,Office Chair Ergo,Furniture,East,173,45,54,49,189.0,0,Rainy,1,202.09,Winter
2023-12-21,S001,P0007,Office Chair Ergo,Furniture,East,132,40,47,43,189.0,10,Rainy,1,172.95,Winter
2023-12-22,S001,P0007,Office Chair Ergo,Furniture,East,70,40,54,41,189.0,5,Rainy,1,191.1,Winter
2023-12-23,S001,P0007,Office Chair Ergo,Furniture,East,119,43,43,44,189.0,0,Cloudy,1,188.97,Winter
2023-12-24,S001,P0007,Office Chair Ergo,Furniture,East,106,38,40,40,189.0,0,Rainy,1,203.91,Winter
2023-12-25,S001,P0007,Office Chair Ergo,Furniture,East,108,47,38,50,189.0,10,Sunny,1,174.9,Winter
2023-12-26,S001,P0007,Office Chair Ergo,Furniture,East,133,52,46,57,189.0,5,Windy,1,205.38,Winter
2023-12-27,S001,P0007,Office Chair Ergo,Furniture,East,104,56,61,60,189.0,20,Sunny,1,186.53,Winter
2023-12-28,S001,P0007,Office Chair Ergo,Furniture,East,62,39,45,41,189.0,5,Rainy,1,170.21,Winter
2023-12-29,S001,P0007,Office Chair Ergo,Furniture,East,95,34,38,32,189.0,0,Sunny,1,198.21,Winter
2023-12-30,S001,P0007,Office Chair Ergo,Furniture,East,121,39,44,38,189.0,0,Sunny,1,192.41,Winter
2023-12-31,S001,P0007,Office Chair Ergo,Furniture,East,128,44,49,43,189.0,5,Sunny,1,188.66,Winter
2023-01-01,S001,P0008,Winter Jacket M,Clothing,North,200,93,91,86,97.99,5,Cloudy,0,105.2,Winter
2023-01-02,S001,P0008,Winter Jacket M,Clothing,North,249,118,122,127,97.99,5,Sunny,0,89.55,Winter
2023-01-03,S001,P0008,Winter Jacket M,Clothing,North,195,104,96,111,97.99,5,Windy,0,105.73,Winter
2023-01-04,S001,P0008,Winter Jacket M,Clothing,North,368,100,123,105,97.99,0,Rainy,0,98.13,Winter
2023-01-05,S001,P0008,Winter Jacket M,Clothing,North,184,92,101,88,97.99,15,Windy,0,104.31,Winter
2023-01-06,S001,P0008,Winter Jacket M,Clothing,North,222,86,108,82,97.99,0,Cloudy,0,93.34,Winter
2023-01-07,S001,P0008,Winter Jacket M,Clothing,North,212,96,99,96,97.99,10,Sunny,0,106.63,Winter
2023-01-08,S001,P0008,Winter Jacket M,Clothing,North,192,98,130,104,97.99,10,Rainy,0,98.32,Winter
2023-01-09,S001,P0008,Winter Jacket M,Clothing,North,350,107,118,102,97.99,0,Rainy,0,88.39,Winter
2023-01-10,S001,P0008,Winter Jacket M,Clothing,North,331,110,95,113,97.99,0,Windy,0,94.43,Winter
2023-01-11,S001,P0008,Winter Jacket M,Clothing,North,190,103,104,109,97.99,0,Windy,0,100.62,Winter
2023-01-12,S001,P0008,Winter Jacket M,Clothing,North,426,107,98,111,97.99,15,Windy,0,97.86,Winter
2023-01-13,S001,P0008,Winter Jacket M,Clothing,North,207,88,106,90,97.99,0,Cloudy,0,94.43,Winter
2023-01-14,S001,P0008,Winter Jacket M,Clothing,North,276,94,116,95,97.99,0,Sunny,0,93.72,Winter
2023-01-15,S001,P0008,Winter Jacket M,Clothing,North,335,100,80,99,97.99,10,Sunny,0,96.76,Winter
2023-01-16,S001,P0008,Winter Jacket M,Clothing,North,210,116,136,126,97.99,5,Cloudy,0,94.8,Winter
2023-01-17,S001,P0008,Winter Jacket M,Clothing,North,205,125,169,136,97.99,0,Cloudy,0,88.3,Winter
2023-01-18,S001,P0008,Winter Jacket M,Clothing,North,205,106,120,109,97.99,15,Sunny,0,98.56,Winter
2023-01-19,S001,P0008,Winter Jacket M,Clothing,North,182,92,128,86,97.99,5,Cloudy,0,88.39,Winter
2023-01-20,S001,P0008,Winter Jacket M,Clothing,North,205,80,83,76,97.99,15,Windy,0,93.38,Winter
2023-01-21,S001,P0008,Winter Jacket M,Clothing,North,238,85,91,91,97.99,0,Sunny,0,106.05,Winter
2023-01-22,S001,P0008,Winter Jacket M,Clothing,North,401,103,135,111,97.99,0,Sunny,0,92.08,Winter
2023-01-23,S001,P0008,Winter Jacket M,Clothing,North,414,110,121,118,97.99,0,Rainy,0,102.31,Winter
2023-01-24,S001,P0008,Winter Jacket M,Clothing,North,302,123,169,111,97.99,0,Sunny,0,107.37,Winter
2023-01-25,S001,P0008,Winter Jacket M,Clothing,North,246,113,127,120,97.99,0,Rainy,0,98.12,Winter
2023-01-26,S001,P0008,Winter Jacket M,Clothing,North,170,94,96,90,97.99,0,Rainy,0,104.66,Winter
2023-01-27,S001,P0008,Winter Jacket M,Clothing,North,285,80,108,82,97.99,0,Sunny,0,100.45,Winter
2023-01-28,S001,P0008,Winter Jacket M,Clothing,North,262,90,92,85,97.99,0,Sunny,0,88.21,Winter
2023-01-29,S001,P0008,Winter Jacket M,Clothing,North,314,100,107,92,97.99,0,Rainy,0,88.22,Winter
2023-01-30,S001,P0008,Winter Jacket M,Clothing,North,341,119,133,110,97.99,0,Windy,0,107.77,Winter
2023-01-31,S001,P0008,Winter Jacket M,Clothing,North,372,132,154,142,97.99,5,Rainy,0,106.73,Winter
2023-02-01,S001,P0008,Winter Jacket M,Clothing,North,205,102,88,107,97.99,0,Sunny,0,105.88,Winter
2023-02-02,S001,P0008,Winter Jacket M,Clothing,North,333,111,107,110,97.99,0,Sunny,0,96.85,Winter
2023-02-03,S001,P0008,Winter Jacket M,Clothing,North,235,86,90,89,97.99,10,Windy,0,103.75,Winter
2023-02-04,S001,P0008,Winter Jacket M,Clothing,North,250,92,123,91,97.99,10,Windy,0,106.42,Winter
2023-02-05,S001,P0008,Winter Jacket M,Clothing,North,185,99,81,103,97.99,10,Cloudy,0,99.99,Winter
2023-02-06,S001,P0008,Winter Jacket M,Clothing,North,369,129,130,130,97.99,20,Rainy,0,88.75,Winter
2023-02-07,S001,P0008,Winter Jacket M,Clothing,North,458,122,97,130,97.99,5,Windy,0,90.27,Winter
2023-02-08,S001,P0008,Winter Jacket M,Clothing,North,374,110,120,104,97.99,10,Windy,0,93.84,Winter
2023-02-09,S001,P0008,Winter Jacket M,Clothing,North,196,93,92,101,97.99,5,Windy,0,102.62,Winter
2023-02-10,S001,P0008,Winter Jacket M,Clothing,North,128,85,80,87,97.99,20,Rainy,0,96.78,Winter
2023-02-11,S001,P0008,Winter Jacket M,Clothing,North,321,93,77,93,97.99,0,Sunny,0,100.65,Winter
2023-02-12,S001,P0008,Winter Jacket M,Clothing,North,165,106,141,115,97.99,0,Rainy,0,97.64,Winter
2023-02-13,S001,P0008,Winter Jacket M,Clothing,North,351,119,117,111,97.99,0,Rainy,0,91.7,Winter
2023-02-14,S001,P0008,Winter Jacket M,Clothing,North,257,117,152,116,97.99,0,Sunny,0,96.57,Winter
2023-02-15,S001,P0008,Winter Jacket M,Clothing,North,394,107,89,101,97.99,0,Rainy,0,101.95,Winter
2023-02-16,S001,P0008,Winter Jacket M,Clothing,North,237,94,94,90,97.99,10,Rainy,0,99.32,Winter
2023-02-17,S001,P0008,Winter Jacket M,Clothing,North,206,89,72,96,97.99,0,Rainy,0,93.5,Winter
2023-02-18,S001,P0008,Winter Jacket M,Clothing,North,317,95,108,98,97.99,15,Sunny,0,90.09,Winter
2023-02-19,S001,P0008,Winter Jacket M,Clothing,North,235,111,152,105,97.99,10,Windy,0,98.88,Winter
2023-02-20,S001,P0008,Winter Jacket M,Clothing,North,288,120,152,113,97.99,0,Rainy,0,107.06,Winter
2023-02-21,S001,P0008,Winter Jacket M,Clothing,North,389,127,148,126,97.99,0,Rainy,0,102.76,Winter
2023-02-22,S001,P0008,Winter Jacket M,Clothing,North,324,112,130,109,97.99,5,Rainy,0,89.58,Winter
2023-02-23,S001,P0008,Winter Jacket M,Clothing,North,256,85,115,76,97.99,0,Cloudy,0,93.13,Winter
2023-02-24,S001,P0008,Winter Jacket M,Clothing,North,286,85,105,88,97.99,5,Rainy,0,103.46,Winter
2023-02-25,S001,P0008,Winter Jacket M,Clothing,North,244,88,84,95,97.99,0,Cloudy,0,90.3,Winter
2023-02-26,S001,P0008,Winter Jacket M,Clothing,North,258,98,135,90,97.99,0,Windy,0,99.32,Winter
2023-02-27,S001,P0008,Winter Jacket M,Clothing,North,358,115,136,109,97.99,0,Sunny,0,89.98,Winter
2023-02-28,S001,P0008,Winter Jacket M,Clothing,North,253,125,144,121,97.99,10,Windy,0,100.14,Winter
2023-03-01,S001,P0008,Winter Jacket M,Clothing,North,303,104,83,101,97.99,0,Windy,0,97.27,Spring
2023-03-02,S001,P0008,Winter Jacket M,Clothing,North,280,92,97,98,97.99,0,Windy,0,96.1,Spring
2023-03-03,S001,P0008,Winter Jacket M,Clothing,North,354,96,101,93,97.99,15,Rainy,0,102.99,Spring
2023-03-04,S001,P0008,Winter Jacket M,Clothing,North,168,80,71,84,97.99,0,Rainy,0,102.19,Spring
2023-03-05,S001,P0008,Winter Jacket M,Clothing,North,295,104,130,113,97.99,0,Sunny,0,94.16,Spring
2023-03-06,S001,P0008,Winter Jacket M,Clothing,North,336,110,97,103,97.99,0,Sunny,0,103.49,Spring
2023-03-07,S001,P0008,Winter Jacket M,Clothing,North,222,117,120,108,97.99,5,Windy,0,96.03,Spring
2023-03-08,S001,P0008,Winter Jacket M,Clothing,North,183,111,147,119,97.99,0,Cloudy,0,88.24,Spring
2023-03-09,S001,P0008,Winter Jacket M,Clothing,North,156,90,115,96,97.99,5,Rainy,0,100.21,Spring
2023-03-10,S001,P0008,Winter Jacket M,Clothing,North,191,90,98,83,97.99,0,Rainy,0,101.37,Spring
2023-03-11,S001,P0008,Winter Jacket M,Clothing,North,190,98,112,103,97.99,0,Windy,0,98.57,Spring
2023-03-12,S001,P0008,Winter Jacket M,Clothing,North,167,110,128,108,97.99,10,Rainy,0,91.98,Spring
2023-03-13,S001,P0008,Winter Jacket M,Clothing,North,318,127,127,118,97.99,20,Rainy,0,104.97,Spring
2023-03-14,S001,P0008,Winter Jacket M,Clothing,North,323,111,98,115,97.99,0,Windy,0,97.68,Spring
2023-03-15,S001,P0008,Winter Jacket M,Clothing,North,318,110,148,106,97.99,0,Windy,0,106.72,Spring
2023-03-16,S001,P0008,Winter Jacket M,Clothing,North,266,99,111,93,97.99,0,Sunny,0,91.67,Spring
2023-03-17,S001,P0008,Winter Jacket M,Clothing,North,152,91,100,97,97.99,0,Rainy,0,101.92,Spring
2023-03-18,S001,P0008,Winter Jacket M,Clothing,North,158,100,112,95,97.99,0,Sunny,0,100.05,Spring
2023-03-19,S001,P0008,Winter Jacket M,Clothing,North,351,111,149,105,97.99,0,Windy,0,92.2,Spring
2023-03-20,S001,P0008,Winter Jacket M,Clothing,North,247,125,161,129,97.99,0,Windy,0,107.22,Spring
2023-03-21,S001,P0008,Winter Jacket M,Clothing,North,364,144,192,157,97.99,10,Sunny,0,99.1,Spring
2023-03-22,S001,P0008,Winter Jacket M,Clothing,North,218,112,150,123,97.99,10,Windy,0,101.23,Spring
2023-03-23,S001,P0008,Winter Jacket M,Clothing,North,173,93,127,99,97.99,0,Rainy,0,106.79,Spring
2023-03-24,S001,P0008,Winter Jacket M,Clothing,North,319,86,77,80,97.99,5,Rainy,0,98.23,Spring
2023-03-25,S001,P0008,Winter Jacket M,Clothing,North,211,82,104,74,97.99,0,Windy,0,89.92,Spring
2023-03-26,S001,P0008,Winter Jacket M,Clothing,North,206,103,127,104,97.99,10,Rainy,0,95.75,Spring
2023-03-27,S001,P0008,Winter Jacket M,Clothing,North,169,103,104,96,97.99,0,Rainy,0,102.66,Spring
2023-03-28,S001,P0008,Winter Jacket M,Clothing,North,238,116,116,115,97.99,0,Sunny,0,98.26,Spring
2023-03-29,S001,P0008,Winter Jacket M,Clothing,North,323,109,118,106,97.99,5,Windy,0,102.1,Spring
2023-03-30,S001,P0008,Winter Jacket M,Clothing,North,362,100,115,102,97.99,0,Cloudy,0,98.16,Spring
2023-03-31,S001,P0008,Winter Jacket M,Clothing,North,229,90,95,97,97.99,15,Rainy,0,96.99,Spring
2023-04-01,S001,P0008,Winter Jacket M,Clothing,North,171,81,103,77,97.99,0,Rainy,0,88.3,Spring
2023-04-02,S001,P0008,Winter Jacket M,Clothing,North,457,116,131,115,97.99,0,Rainy,0,95.08,Spring
2023-04-03,S001,P0008,Winter Jacket M,Clothing,North,383,116,126,122,97.99,10,Windy,0,107.12,Spring
2023-04-04,S001,P0008,Winter Jacket M,Clothing,North,185,120,155,117,97.99,0,Rainy,0,92.55,Spring
2023-04-05,S001,P0008,Winter Jacket M,Clothing,North,317,96,131,95,97.99,10,Rainy,0,107.33,Spring
2023-04-06,S001,P0008,Winter Jacket M,Clothing,North,268,88,105,87,97.99,5,Sunny,0,92.57,Spring
2023-04-07,S001,P0008,Winter Jacket M,Clothing,North,289,89,73,92,97.99,0,Rainy,0,94.14,Spring
2023-04-08,S001,P0008,Winter Jacket M,Clothing,North,281,87,80,95,97.99,0,Rainy,0,97.17,Spring
2023-04-09,S001,P0008,Winter Jacket M,Clothing,North,169,100,126,93,97.99,0,Windy,0,106.48,Spring
2023-04-10,S001,P0008,Winter Jacket M,Clothing,North,207,115,139,114,97.99,20,Sunny,0,91.71,Spring
2023-04-11,S001,P0008,Winter Jacket M,Clothing,North,201,105,139,104,97.99,10,Rainy,0,100.63,Spring
2023-04-12,S001,P0008,Winter Jacket M,Clothing,North,354,106,119,103,97.99,15,Cloudy,0,94.89,Spring
2023-04-13,S001,P0008,Winter Jacket M,Clothing,North,213,100,104,105,97.99,15,Cloudy,0,95.33,Spring
2023-04-14,S001,P0008,Winter Jacket M,Clothing,North,183,87,71,89,97.99,15,Sunny,0,106.48,Spring
2023-04-15,S001,P0008,Winter Jacket M,Clothing,North,154,84,83,82,97.99,0,Rainy,0,99.62,Spring
2023-04-16,S001,P0008,Winter Jacket M,Clothing,North,313,109,146,107,97.99,0,Rainy,0,92.68,Spring
2023-04-17,S001,P0008,Winter Jacket M,Clothing,North,221,102,117,97,97.99,10,Rainy,0,89.51,Spring
2023-04-18,S001,P0008,Winter Jacket M,Clothing,North,217,107,142,101,97.99,0,Sunny,0,97.84,Spring
2023-04-19,S001,P0008,Winter Jacket M,Clothing,North,292,118,107,125,97.99,0,Windy,0,90.54,Spring
2023-04-20,S001,P0008,Winter Jacket M,Clothing,North,150,93,91,86,97.99,15,Windy,0,98.23,Spring
2023-04-21,S001,P0008,Winter Jacket M,Clothing,North,188,78,64,82,97.99,15,Rainy,0,99.55,Spring
2023-04-22,S001,P0008,Winter Jacket M,Clothing,North,210,82,101,76,97.99,10,Cloudy,0,91.59,Spring
2023-04-23,S001,P0008,Winter Jacket M,Clothing,North,184,91,115,97,97.99,10,Windy,0,105.37,Spring
2023-04-24,S001,P0008,Winter Jacket M,Clothing,North,285,111,144,112,97.99,0,Sunny,0,92.82,Spring
2023-04-25,S001,P0008,Winter Jacket M,Clothing,North,276,114,136,107,97.99,0,Rainy,0,96.14,Spring
2023-04-26,S001,P0008,Winter Jacket M,Clothing,North,295,103,137,97,97.99,10,Sunny,0,98.0,Spring
2023-04-27,S001,P0008,Winter Jacket M,Clothing,North,256,80,71,80,97.99,0,Cloudy,0,90.91,Spring
2023-04-28,S001,P0008,Winter Jacket M,Clothing,North,286,80,64,79,97.99,5,Cloudy,0,102.31,Spring
2023-04-29,S001,P0008,Winter Jacket M,Clothing,North,196,78,99,78,97.99,0,Cloudy,0,102.89,Spring
2023-04-30,S001,P0008,Winter Jacket M,Clothing,North,334,88,74,80,97.99,0,Windy,0,97.42,Spring
2023-05-01,S001,P0008,Winter Jacket M,Clothing,North,240,116,108,121,97.99,5,Rainy,0,93.91,Spring
2023-05-02,S001,P0008,Winter Jacket M,Clothing,North,393,127,107,132,97.99,10,Cloudy,0,104.2,Spring
2023-05-03,S001,P0008,Winter Jacket M,Clothing,North,324,114,153,116,97.99,0,Windy,0,93.88,Spring
2023-05-04,S001,P0008,Winter Jacket M,Clothing,North,289,90,113,97,97.99,0,Rainy,0,94.84,Spring
2023-05-05,S001,P0008,Winter Jacket M,Clothing,North,131,75,64,68,97.99,5,Windy,0,106.36,Spring
2023-05-06,S001,P0008,Winter Jacket M,Clothing,North,213,79,83,76,97.99,0,Windy,0,88.25,Spring
2023-05-07,S001,P0008,Winter Jacket M,Clothing,North,256,95,121,98,97.99,0,Rainy,0,104.84,Spring
2023-05-08,S001,P0008,Winter Jacket M,Clothing,North,188,102,106,111,97.99,0,Sunny,0,91.62,Spring
2023-05-09,S001,P0008,Winter Jacket M,Clothing,North,453,117,104,123,97.99,15,Sunny,0,96.61,Spring
2023-05-10,S001,P0008,Winter Jacket M,Clothing,North,230,84,116,78,97.99,0,Rainy,0,88.3,Spring
2023-05-11,S001,P0008,Winter Jacket M,Clothing,North,256,82,102,88,97.99,5,Windy,0,102.96,Spring
2023-05-12,S001,P0008,Winter Jacket M,Clothing,North,168,79,110,78,97.99,10,Sunny,0,98.03,Spring
2023-05-13,S001,P0008,Winter Jacket M,Clothing,North,217,73,73,69,97.99,0,Cloudy,0,106.38,Spring
2023-05-14,S001,P0008,Winter Jacket M,Clothing,North,241,88,121,86,97.99,15,Sunny,0,106.16,Spring
2023-05-15,S001,P0008,Winter Jacket M,Clothing,North,361,106,111,104,97.99,5,Cloudy,0,89.82,Spring
2023-05-16,S001,P0008,Winter Jacket M,Clothing,North,240,116,127,107,97.99,20,Cloudy,0,95.85,Spring
2023-05-17,S001,P0008,Winter Jacket M,Clothing,North,245,87,76,78,97.99,10,Rainy,0,92.35,Spring
2023-05-18,S001,P0008,Winter Jacket M,Clothing,North,264,74,74,74,97.99,10,Sunny,0,105.45,Spring
2023-05-19,S001,P0008,Winter Jacket M,Clothing,North,229,68,58,67,97.99,20,Sunny,0,107.6,Spring
2023-05-20,S001,P0008,Winter Jacket M,Clothing,North,215,68,92,71,97.99,0,Cloudy,0,98.12,Spring
2023-05-21,S001,P0008,Winter Jacket M,Clothing,North,196,79,105,77,97.99,15,Rainy,0,103.02,Spring
2023-05-22,S001,P0008,Winter Jacket M,Clothing,North,267,93,91,84,97.99,15,Sunny,0,100.38,Spring
2023-05-23,S001,P0008,Winter Jacket M,Clothing,North,409,111,150,119,97.99,0,Windy,0,99.98,Spring
2023-05-24,S001,P0008,Winter Jacket M,Clothing,North,339,92,79,100,97.99,20,Cloudy,0,106.22,Spring
2023-05-25,S001,P0008,Winter Jacket M,Clothing,North,249,80,79,72,97.99,10,Rainy,0,93.61,Spring
2023-05-26,S001,P0008,Winter Jacket M,Clothing,North,241,66,52,62,97.99,5,Rainy,0,93.75,Spring
2023-05-27,S001,P0008,Winter Jacket M,Clothing,North,131,77,91,78,97.99,0,Rainy,0,105.02,Spring
2023-05-28,S001,P0008,Winter Jacket M,Clothing,North,178,97,124,106,97.99,0,Windy,0,105.15,Spring
2023-05-29,S001,P0008,Winter Jacket M,Clothing,North,343,91,95,83,97.99,10,Cloudy,0,90.51,Spring
2023-05-30,S001,P0008,Winter Jacket M,Clothing,North,409,112,120,102,97.99,10,Windy,0,99.92,Spring
2023-05-31,S001,P0008,Winter Jacket M,Clothing,North,234,94,111,94,97.99,15,Sunny,0,105.63,Spring
2023-06-01,S001,P0008,Winter Jacket M,Clothing,North,155,78,94,83,97.99,10,Sunny,0,99.75,Summer
2023-06-02,S001,P0008,Winter Jacket M,Clothing,North,205,71,85,67,97.99,0,Windy,0,107.26,Summer
2023-06-03,S001,P0008,Winter Jacket M,Clothing,North,279,74,78,66,97.99,0,Cloudy,0,100.5,Summer
2023-06-04,S001,P0008,Winter Jacket M,Clothing,North,268,94,80,102,97.99,15,Rainy,0,99.27,Summer
2023-06-05,S001,P0008,Winter Jacket M,Clothing,North,367,98,85,90,97.99,0,Windy,0,100.44,Summer
2023-06-06,S001,P0008,Winter Jacket M,Clothing,North,386,101,96,110,97.99,5,Rainy,0,88.57,Summer
2023-06-07,S001,P0008,Winter Jacket M,Clothing,North,168,86,72,84,97.99,0,Rainy,0,104.28,Summer
2023-06-08,S001,P0008,Winter Jacket M,Clothing,North,121,80,105,78,97.99,10,Windy,0,102.53,Summer
2023-06-09,S001,P0008,Winter Jacket M,Clothing,North,122,63,69,68,97.99,10,Cloudy,0,102.2,Summer
2023-06-10,S001,P0008,Winter Jacket M,Clothing,North,170,71,73,70,97.99,20,Cloudy,0,104.05,Summer
2023-06-11,S001,P0008,Winter Jacket M,Clothing,North,266,98,91,107,97.99,0,Windy,0,99.95,Summer
2023-06-12,S001,P0008,Winter Jacket M,Clothing,North,244,76,104,70,97.99,20,Windy,0,92.61,Summer
2023-06-13,S001,P0008,Winter Jacket M,Clothing,North,247,97,99,101,97.99,15,Cloudy,0,94.93,Summer
2023-06-14,S001,P0008,Winter Jacket M,Clothing,North,221,88,77,83,97.99,0,Rainy,0,98.73,Summer
2023-06-15,S001,P0008,Winter Jacket M,Clothing,North,185,73,75,75,97.99,10,Rainy,0,95.65,Summer
2023-06-16,S001,P0008,Winter Jacket M,Clothing,North,203,65,56,64,97.99,0,Sunny,0,99.87,Summer
2023-06-17,S001,P0008,Winter Jacket M,Clothing,North,228,69,94,71,97.99,10,Windy,0,92.73,Summer
2023-06-18,S001,P0008,Winter Jacket M,Clothing,North,171,78,68,75,97.99,0,Cloudy,0,101.96,Summer
2023-06-19,S001,P0008,Winter Jacket M,Clothing,North,211,92,101,86,97.99,5,Windy,0,98.19,Summer
2023-06-20,S001,P0008,Winter Jacket M,Clothing,North,193,90,124,90,97.99,0,Rainy,0,99.21,Summer
2023-06-21,S001,P0008,Winter Jacket M,Clothing,North,189,97,98,106,97.99,0,Rainy,0,94.13,Summer
2023-06-22,S001,P0008,Winter Jacket M,Clothing,North,191,71,70,72,97.99,20,Sunny,0,97.92,Summer
2023-06-23,S001,P0008,Winter Jacket M,Clothing,North,114,67,85,64,97.99,20,Cloudy,0,104.8,Summer
2023-06-24,S001,P0008,Winter Jacket M,Clothing,North,234,64,78,59,97.99,10,Windy,0,89.21,Summer
2023-06-25,S001,P0008,Winter Jacket M,Clothing,North,227,83,81,87,97.99,0,Sunny,0,107.24,Summer
2023-06-26,S001,P0008,Winter Jacket M,Clothing,North,322,93,115,102,97.99,0,Rainy,0,103.35,Summer
2023-06-27,S001,P0008,Winter Jacket M,Clothing,North,143,93,128,97,97.99,0,Cloudy,0,103.74,Summer
2023-06-28,S001,P0008,Winter Jacket M,Clothing,North,260,77,104,83,97.99,10,Windy,0,95.62,Summer
2023-06-29,S001,P0008,Winter Jacket M,Clothing,North,106,67,71,71,97.99,0,Sunny,0,96.12,Summer
2023-06-30,S001,P0008,Winter Jacket M,Clothing,North,193,70,90,71,97.99,0,Windy,0,90.93,Summer
2023-07-01,S001,P0008,Winter Jacket M,Clothing,North,179,62,69,66,97.99,0,Windy,0,90.16,Summer
2023-07-02,S001,P0008,Winter Jacket M,Clothing,North,195,79,77,77,97.99,0,Windy,0,88.99,Summer
2023-07-03,S001,P0008,Winter Jacket M,Clothing,North,291,81,69,86,97.99,0,Rainy,0,94.25,Summer
2023-07-04,S001,P0008,Winter Jacket M,Clothing,North,145,95,96,101,97.99,0,Cloudy,0,106.22,Summer
2023-07-05,S001,P0008,Winter Jacket M,Clothing,North,121,77,68,81,97.99,0,Rainy,0,92.71,Summer
2023-07-06,S001,P0008,Winter Jacket M,Clothing,North,239,65,78,60,97.99,15,Sunny,0,95.66,Summer
2023-07-07,S001,P0008,Winter Jacket M,Clothing,North,187,59,74,54,97.99,0,Rainy,0,97.26,Summer
2023-07-08,S001,P0008,Winter Jacket M,Clothing,North,101,62,63,55,97.99,10,Windy,0,102.27,Summer
2023-07-09,S001,P0008,Winter Jacket M,Clothing,North,180,77,97,80,97.99,0,Cloudy,0,101.79,Summer
2023-07-10,S001,P0008,Winter Jacket M,Clothing,North,263,85,85,76,97.99,5,Rainy,0,96.85,Summer
2023-07-11,S001,P0008,Winter Jacket M,Clothing,North,213,80,86,74,97.99,0,Windy,0,101.99,Summer
2023-07-12,S001,P0008,Winter Jacket M,Clothing,North,305,80,77,76,97.99,5,Windy,0,91.79,Summer
2023-07-13,S001,P0008,Winter Jacket M,Clothing,North,126,63,83,60,97.99,5,Rainy,0,98.57,Summer
2023-07-14,S001,P0008,Winter Jacket M,Clothing,North,210,63,76,66,97.99,0,Cloudy,0,100.07,Summer
2023-07-15,S001,P0008,Winter Jacket M,Clothing,North,175,67,82,65,97.99,0,Rainy,0,91.4,Summer
2023-07-16,S001,P0008,Winter Jacket M,Clothing,North,123,73,101,67,97.99,5,Cloudy,0,95.7,Summer
2023-07-17,S001,P0008,Winter Jacket M,Clothing,North,189,85,84,88,97.99,0,Windy,0,93.36,Summer
2023-07-18,S001,P0008,Winter Jacket M,Clothing,North,223,96,131,93,97.99,0,Sunny,0,103.43,Summer
2023-07-19,S001,P0008,Winter Jacket M,Clothing,North,204,78,100,70,97.99,0,Windy,0,97.7,Summer
2023-07-20,S001,P0008,Winter Jacket M,Clothing,North,237,63,63,69,97.99,0,Windy,0,106.54,Summer
2023-07-21,S001,P0008,Winter Jacket M,Clothing,North,145,62,79,58,97.99,0,Windy,0,90.72,Summer
2023-07-22,S001,P0008,Winter Jacket M,Clothing,North,156,57,71,59,97.99,0,Rainy,0,100.12,Summer
2023-07-23,S001,P0008,Winter Jacket M,Clothing,North,180,71,67,67,97.99,0,Sunny,0,99.93,Summer
2023-07-24,S001,P0008,Winter Jacket M,Clothing,North,126,79,96,71,97.99,0,Cloudy,0,107.22,Summer
2023-07-25,S001,P0008,Winter Jacket M,Clothing,North,121,80,106,81,97.99,0,Cloudy,0,96.72,Summer
2023-07-26,S001,P0008,Winter Jacket M,Clothing,North,238,76,79,76,97.99,0,Windy,0,93.64,Summer
2023-07-27,S001,P0008,Winter Jacket M,Clothing,North,119,70,88,67,97.99,0,Cloudy,0,93.28,Summer
2023-07-28,S001,P0008,Winter Jacket M,Clothing,North,144,64,77,67,97.99,0,Windy,0,97.74,Summer
2023-07-29,S001,P0008,Winter Jacket M,Clothing,North,221,66,60,67,97.99,0,Cloudy,0,93.47,Summer
2023-07-30,S001,P0008,Winter Jacket M,Clothing,North,243,73,63,70,97.99,5,Rainy,0,96.15,Summer
2023-07-31,S001,P0008,Winter Jacket M,Clothing,North,233,80,85,77,97.99,10,Cloudy,0,88.59,Summer
2023-08-01,S001,P0008,Winter Jacket M,Clothing,North,125,70,61,71,97.99,0,Sunny,0,100.06,Summer
2023-08-02,S001,P0008,Winter Jacket M,Clothing,North,235,79,70,77,97.99,0,Rainy,0,98.42,Summer
2023-08-03,S001,P0008,Winter Jacket M,Clothing,North,130,55,66,51,97.99,0,Windy,0,107.09,Summer
2023-08-04,S001,P0008,Winter Jacket M,Clothing,North,79,51,57,52,97.99,0,Rainy,0,106.38,Summer
2023-08-05,S001,P0008,Winter Jacket M,Clothing,North,110,60,50,57,97.99,15,Cloudy,0,100.11,Summer
2023-08-06,S001,P0008,Winter Jacket M,Clothing,North,156,72,98,69,97.99,5,Rainy,0,104.5,Summer
2023-08-07,S001,P0008,Winter Jacket M,Clothing,North,162,78,72,84,97.99,0,Windy,0,95.07,Summer
2023-08-08,S001,P0008,Winter Jacket M,Clothing,North,247,92,98,99,97.99,10,Rainy,0,102.79,Summer
2023-08-09,S001,P0008,Winter Jacket M,Clothing,North,138,79,65,74,97.99,0,Cloudy,0,102.35,Summer
2023-08-10,S001,P0008,Winter Jacket M,Clothing,North,168,64,55,65,97.99,0,Rainy,0,100.43,Summer
2023-08-11,S001,P0008,Winter Jacket M,Clothing,North,98,64,51,64,97.99,20,Windy,0,93.41,Summer
2023-08-12,S001,P0008,Winter Jacket M,Clothing,North,236,68,58,73,97.99,5,Cloudy,0,101.68,Summer
2023-08-13,S001,P0008,Winter Jacket M,Clothing,North,231,73,62,79,97.99,0,Sunny,0,106.56,Summer
2023-08-14,S001,P0008,Winter Jacket M,Clothing,North,210,76,89,77,97.99,5,Cloudy,0,99.74,Summer
2023-08-15,S001,P0008,Winter Jacket M,Clothing,North,242,80,73,86,97.99,15,Rainy,0,92.42,Summer
2023-08-16,S001,P0008,Winter Jacket M,Clothing,North,275,69,64,63,97.99,0,Windy,0,104.4,Summer
2023-08-17,S001,P0008,Winter Jacket M,Clothing,North,177,65,54,64,97.99,0,Rainy,0,94.93,Summer
2023-08-18,S001,P0008,Winter Jacket M,Clothing,North,206,54,63,57,97.99,0,Windy,0,106.42,Summer
2023-08-19,S001,P0008,Winter Jacket M,Clothing,North,136,60,77,60,97.99,10,Windy,0,93.51,Summer
2023-08-20,S001,P0008,Winter Jacket M,Clothing,North,162,72,77,76,97.99,0,Sunny,0,93.44,Summer
2023-08-21,S001,P0008,Winter Jacket M,Clothing,North,254,70,73,69,97.99,0,Cloudy,0,103.16,Summer
2023-08-22,S001,P0008,Winter Jacket M,Clothing,North,211,76,89,72,97.99,10,Rainy,0,99.32,Summer
2023-08-23,S001,P0008,Winter Jacket M,Clothing,North,132,74,87,72,97.99,10,Windy,0,97.01,Summer
2023-08-24,S001,P0008,Winter Jacket M,Clothing,North,226,65,65,69,97.99,5,Rainy,0,99.22,Summer
2023-08-25,S001,P0008,Winter Jacket M,Clothing,North,126,57,76,51,97.99,0,Sunny,0,106.14,Summer
2023-08-26,S001,P0008,Winter Jacket M,Clothing,North,194,60,51,61,97.99,0,Rainy,0,99.07,Summer
2023-08-27,S001,P0008,Winter Jacket M,Clothing,North,236,68,83,62,97.99,0,Windy,0,101.24,Summer
2023-08-28,S001,P0008,Winter Jacket M,Clothing,North,246,73,72,71,97.99,5,Rainy,0,99.43,Summer
2023-08-29,S001,P0008,Winter Jacket M,Clothing,North,321,81,75,79,97.99,5,Windy,0,103.08,Summer
2023-08-30,S001,P0008,Winter Jacket M,Clothing,North,297,76,90,73,97.99,10,Rainy,0,89.95,Summer
2023-08-31,S001,P0008,Winter Jacket M,Clothing,North,118,65,73,63,97.99,15,Cloudy,0,90.82,Summer
2023-09-01,S001,P0008,Winter Jacket M,Clothing,North,185,60,49,65,97.99,0,Sunny,0,89.85,Autumn
2023-09-02,S001,P0008,Winter Jacket M,Clothing,North,148,64,53,61,97.99,15,Windy,0,104.04,Autumn
2023-09-03,S001,P0008,Winter Jacket M,Clothing,North,157,75,92,78,97.99,5,Rainy,0,98.79,Autumn
2023-09-04,S001,P0008,Winter Jacket M,Clothing,North,245,79,69,83,97.99,10,Rainy,0,94.54,Autumn
2023-09-05,S001,P0008,Winter Jacket M,Clothing,North,242,76,76,70,97.99,10,Windy,0,104.83,Autumn
2023-09-06,S001,P0008,Winter Jacket M,Clothing,North,260,85,79,81,97.99,10,Rainy,0,102.98,Autumn
2023-09-07,S001,P0008,Winter Jacket M,Clothing,North,229,69,68,62,97.99,0,Sunny,0,99.97,Autumn
2023-09-08,S001,P0008,Winter Jacket M,Clothing,North,121,56,72,55,97.99,5,Rainy,0,103.13,Autumn
2023-09-09,S001,P0008,Winter Jacket M,Clothing,North,162,64,77,64,97.99,5,Rainy,0,100.9,Autumn
2023-09-10,S001,P0008,Winter Jacket M,Clothing,North,294,78,78,73,97.99,0,Rainy,0,103.32,Autumn
2023-09-11,S001,P0008,Winter Jacket M,Clothing,North,371,93,97,89,97.99,0,Sunny,0,89.01,Autumn
2023-09-12,S001,P0008,Winter Jacket M,Clothing,North,133,88,87,84,97.99,0,Sunny,0,96.62,Autumn
2023-09-13,S001,P0008,Winter Jacket M,Clothing,North,140,85,71,79,97.99,0,Sunny,0,91.09,Autumn
2023-09-14,S001,P0008,Winter Jacket M,Clothing,North,235,62,59,57,97.99,0,Cloudy,0,101.22,Autumn
2023-09-15,S001,P0008,Winter Jacket M,Clothing,North,98,61,77,63,97.99,0,Sunny,0,106.58,Autumn
2023-09-16,S001,P0008,Winter Jacket M,Clothing,North,199,62,64,66,97.99,5,Windy,0,99.02,Autumn
2023-09-17,S001,P0008,Winter Jacket M,Clothing,North,115,76,87,76,97.99,0,Cloudy,0,91.86,Autumn
2023-09-18,S001,P0008,Winter Jacket M,Clothing,North,144,94,108,92,97.99,10,Windy,0,94.69,Autumn
2023-09-19,S001,P0008,Winter Jacket M,Clothing,North,183,89,80,94,97.99,0,Windy,0,102.63,Autumn
2023-09-20,S001,P0008,Winter Jacket M,Clothing,North,118,75,99,79,97.99,10,Sunny,0,103.79,Autumn
2023-09-21,S001,P0008,Winter Jacket M,Clothing,North,186,63,87,58,97.99,10,Rainy,0,101.99,Autumn
2023-09-22,S001,P0008,Winter Jacket M,Clothing,North,208,69,71,66,97.99,0,Sunny,0,105.7,Autumn
2023-09-23,S001,P0008,Winter Jacket M,Clothing,North,132,67,80,70,97.99,0,Cloudy,0,92.72,Autumn
2023-09-24,S001,P0008,Winter Jacket M,Clothing,North,235,78,100,71,97.99,15,Windy,0,95.19,Autumn
2023-09-25,S001,P0008,Winter Jacket M,Clothing,North,247,84,72,84,97.99,5,Sunny,0,95.28,Autumn
2023-09-26,S001,P0008,Winter Jacket M,Clothing,North,203,91,120,92,97.99,5,Rainy,0,98.99,Autumn
2023-09-27,S001,P0008,Winter Jacket M,Clothing,North,243,77,74,79,97.99,15,Cloudy,0,88.65,Autumn
2023-09-28,S001,P0008,Winter Jacket M,Clothing,North,136,72,92,74,97.99,5,Windy,0,106.55,Autumn
2023-09-29,S001,P0008,Winter Jacket M,Clothing,North,89,58,64,62,97.99,5,Rainy,0,89.82,Autumn
2023-09-30,S001,P0008,Winter Jacket M,Clothing,North,179,65,53,62,97.99,10,Sunny,0,94.59,Autumn
2023-10-01,S001,P0008,Winter Jacket M,Clothing,North,198,74,80,78,97.99,5,Rainy,0,101.37,Autumn
2023-10-02,S001,P0008,Winter Jacket M,Clothing,North,173,68,77,70,97.99,0,Cloudy,0,106.71,Autumn
2023-10-03,S001,P0008,Winter Jacket M,Clothing,North,156,89,94,89,97.99,0,Rainy,0,105.64,Autumn
2023-10-04,S001,P0008,Winter Jacket M,Clothing,North,215,79,84,71,97.99,10,Sunny,0,98.71,Autumn
2023-10-05,S001,P0008,Winter Jacket M,Clothing,North,264,71,78,66,97.99,5,Sunny,0,91.32,Autumn
2023-10-06,S001,P0008,Winter Jacket M,Clothing,North,226,65,84,69,97.99,15,Sunny,0,90.07,Autumn
2023-10-07,S001,P0008,Winter Jacket M,Clothing,North,247,76,71,75,97.99,10,Sunny,0,105.78,Autumn
2023-10-08,S001,P0008,Winter Jacket M,Clothing,North,302,81,109,87,97.99,0,Rainy,0,88.29,Autumn
2023-10-09,S001,P0008,Winter Jacket M,Clothing,North,300,93,92,84,97.99,0,Rainy,0,88.75,Autumn
2023-10-10,S001,P0008,Winter Jacket M,Clothing,North,375,97,103,104,97.99,0,Windy,0,96.21,Autumn
2023-10-11,S001,P0008,Winter Jacket M,Clothing,North,162,92,93,89,97.99,0,Sunny,0,106.22,Autumn
2023-10-12,S001,P0008,Winter Jacket M,Clothing,North,134,77,91,76,97.99,0,Windy,0,94.01,Autumn
2023-10-13,S001,P0008,Winter Jacket M,Clothing,North,140,68,75,61,97.99,0,Cloudy,0,94.08,Autumn
2023-10-14,S001,P0008,Winter Jacket M,Clothing,North,205,73,67,78,97.99,0,Rainy,0,101.56,Autumn
2023-10-15,S001,P0008,Winter Jacket M,Clothing,North,182,68,72,64,97.99,15,Windy,0,99.82,Autumn
2023-10-16,S001,P0008,Winter Jacket M,Clothing,North,199,107,103,96,97.99,0,Rainy,0,94.45,Autumn
2023-10-17,S001,P0008,Winter Jacket M,Clothing,North,416,107,97,97,97.99,5,Windy,0,91.26,Autumn
2023-10-18,S001,P0008,Winter Jacket M,Clothing,North,136,90,124,96,97.99,5,Cloudy,0,97.81,Autumn
2023-10-19,S001,P0008,Winter Jacket M,Clothing,North,211,69,96,65,97.99,15,Rainy,0,91.72,Autumn
2023-10-20,S001,P0008,Winter Jacket M,Clothing,North,284,74,75,69,97.99,0,Windy,0,89.36,Autumn
2023-10-21,S001,P0008,Winter Jacket M,Clothing,North,162,68,71,68,97.99,0,Windy,0,88.45,Autumn
2023-10-22,S001,P0008,Winter Jacket M,Clothing,North,256,87,109,91,97.99,10,Windy,0,105.89,Autumn
2023-10-23,S001,P0008,Winter Jacket M,Clothing,North,254,87,117,90,97.99,0,Sunny,0,100.22,Autumn
2023-10-24,S001,P0008,Winter Jacket M,Clothing,North,251,115,135,122,97.99,10,Sunny,0,98.46,Autumn
2023-10-25,S001,P0008,Winter Jacket M,Clothing,North,235,82,94,80,97.99,0,Sunny,0,96.68,Autumn
2023-10-26,S001,P0008,Winter Jacket M,Clothing,North,274,79,101,79,97.99,15,Rainy,0,92.04,Autumn
2023-10-27,S001,P0008,Winter Jacket M,Clothing,North,100,60,66,54,97.99,10,Windy,0,101.63,Autumn
2023-10-28,S001,P0008,Winter Jacket M,Clothing,North,185,73,63,70,97.99,0,Rainy,0,96.9,Autumn
2023-10-29,S001,P0008,Winter Jacket M,Clothing,North,314,84,115,77,97.99,15,Sunny,0,97.26,Autumn
2023-10-30,S001,P0008,Winter Jacket M,Clothing,North,348,107,136,106,97.99,5,Cloudy,0,99.1,Autumn
2023-10-31,S001,P0008,Winter Jacket M,Clothing,North,207,99,126,103,97.99,20,Sunny,0,106.35,Autumn
2023-11-01,S001,P0008,Winter Jacket M,Clothing,North,351,102,89,94,97.99,15,Sunny,0,101.58,Autumn
2023-11-02,S001,P0008,Winter Jacket M,Clothing,North,133,75,78,67,97.99,0,Rainy,0,98.78,Autumn
2023-11-03,S001,P0008,Winter Jacket M,Clothing,North,202,71,59,64,97.99,0,Rainy,0,97.71,Autumn
2023-11-04,S001,P0008,Winter Jacket M,Clothing,North,173,74,86,72,97.99,0,Windy,0,95.05,Autumn
2023-11-05,S001,P0008,Winter Jacket M,Clothing,North,271,92,82,95,97.99,10,Rainy,0,103.55,Autumn
2023-11-06,S001,P0008,Winter Jacket M,Clothing,North,314,104,132,95,97.99,0,Sunny,0,96.32,Autumn
2023-11-07,S001,P0008,Winter Jacket M,Clothing,North,412,110,153,111,97.99,10,Windy,0,101.99,Autumn
2023-11-08,S001,P0008,Winter Jacket M,Clothing,North,220,99,129,96,97.99,0,Cloudy,0,89.18,Autumn
2023-11-09,S001,P0008,Winter Jacket M,Clothing,North,167,87,97,79,97.99,0,Windy,0,94.93,Autumn
2023-11-10,S001,P0008,Winter Jacket M,Clothing,North,243,70,87,64,97.99,20,Sunny,0,101.53,Autumn
2023-11-11,S001,P0008,Winter Jacket M,Clothing,North,206,80,108,73,97.99,0,Cloudy,0,105.95,Autumn
2023-11-12,S001,P0008,Winter Jacket M,Clothing,North,201,102,93,110,97.99,0,Sunny,0,102.9,Autumn
2023-11-13,S001,P0008,Winter Jacket M,Clothing,North,338,92,105,93,97.99,0,Rainy,0,102.93,Autumn
2023-11-14,S001,P0008,Winter Jacket M,Clothing,North,358,112,97,120,97.99,10,Sunny,0,107.71,Autumn
2023-11-15,S001,P0008,Winter Jacket M,Clothing,North,187,104,102,105,97.99,0,Cloudy,0,95.86,Autumn
2023-11-16,S001,P0008,Winter Jacket M,Clothing,North,301,94,87,94,97.99,10,Cloudy,0,105.66,Autumn
2023-11-17,S001,P0008,Winter Jacket M,Clothing,North,308,81,66,83,97.99,0,Windy,0,103.52,Autumn
2023-11-18,S001,P0008,Winter Jacket M,Clothing,North,123,81,98,78,97.99,0,Rainy,0,91.27,Autumn
2023-11-19,S001,P0008,Winter Jacket M,Clothing,North,190,97,105,106,97.99,10,Sunny,0,103.06,Autumn
2023-11-20,S001,P0008,Winter Jacket M,Clothing,North,287,102,91,100,97.99,5,Rainy,0,89.83,Autumn
2023-11-21,S001,P0008,Winter Jacket M,Clothing,North,325,108,98,100,97.99,0,Sunny,0,105.19,Autumn
2023-11-22,S001,P0008,Winter Jacket M,Clothing,North,303,93,97,94,97.99,0,Cloudy,0,88.19,Autumn
2023-11-23,S001,P0008,Winter Jacket M,Clothing,North,260,97,81,93,97.99,10,Sunny,0,98.11,Autumn
2023-11-24,S001,P0008,Winter Jacket M,Clothing,North,332,116,129,118,97.99,0,Windy,1,96.28,Autumn
2023-11-25,S001,P0008,Winter Jacket M,Clothing,North,308,115,123,118,97.99,15,Windy,1,100.29,Autumn
2023-11-26,S001,P0008,Winter Jacket M,Clothing,North,577,146,199,139,97.99,0,Sunny,1,103.29,Autumn
2023-11-27,S001,P0008,Winter Jacket M,Clothing,North,569,192,155,198,97.99,15,Rainy,1,90.02,Autumn
2023-11-28,S001,P0008,Winter Jacket M,Clothing,North,608,205,242,192,97.99,5,Windy,1,100.3,Autumn
2023-11-29,S001,P0008,Winter Jacket M,Clothing,North,332,170,158,182,97.99,0,Cloudy,1,97.3,Autumn
2023-11-30,S001,P0008,Winter Jacket M,Clothing,North,197,71,92,71,97.99,5,Windy,0,92.07,Autumn
2023-12-01,S001,P0008,Winter Jacket M,Clothing,North,297,83,99,87,97.99,0,Sunny,0,102.2,Winter
2023-12-02,S001,P0008,Winter Jacket M,Clothing,North,317,80,95,76,97.99,10,Cloudy,0,99.75,Winter
2023-12-03,S001,P0008,Winter Jacket M,Clothing,North,299,103,101,107,97.99,10,Sunny,0,96.97,Winter
2023-12-04,S001,P0008,Winter Jacket M,Clothing,North,435,121,138,115,97.99,0,Sunny,0,99.39,Winter
2023-12-05,S001,P0008,Winter Jacket M,Clothing,North,241,127,148,131,97.99,0,Cloudy,0,88.19,Winter
2023-12-06,S001,P0008,Winter Jacket M,Clothing,North,356,121,120,117,97.99,5,Windy,0,96.92,Winter
2023-12-07,S001,P0008,Winter Jacket M,Clothing,North,269,101,141,98,97.99,10,Cloudy,0,101.9,Winter
2023-12-08,S001,P0008,Winter Jacket M,Clothing,North,316,93,123,93,97.99,5,Windy,0,106.67,Winter
2023-12-09,S001,P0008,Winter Jacket M,Clothing,North,379,95,84,85,97.99,15,Cloudy,0,96.76,Winter
2023-12-10,S001,P0008,Winter Jacket M,Clothing,North,188,112,114,113,97.99,10,Cloudy,0,102.52,Winter
2023-12-11,S001,P0008,Winter Jacket M,Clothing,North,417,116,117,118,97.99,0,Sunny,0,98.86,Winter
2023-12-12,S001,P0008,Winter Jacket M,Clothing,North,285,110,143,111,97.99,0,Windy,0,102.17,Winter
2023-12-13,S001,P0008,Winter Jacket M,Clothing,North,352,130,140,129,97.99,0,Sunny,0,88.8,Winter
2023-12-14,S001,P0008,Winter Jacket M,Clothing,North,154,95,99,97,97.99,0,Sunny,0,89.46,Winter
2023-12-15,S001,P0008,Winter Jacket M,Clothing,North,293,93,104,99,97.99,0,Rainy,0,92.21,Winter
2023-12-16,S001,P0008,Winter Jacket M,Clothing,North,206,86,101,85,97.99,0,Cloudy,0,89.59,Winter
2023-12-17,S001,P0008,Winter Jacket M,Clothing,North,248,111,133,106,97.99,5,Sunny,0,94.36,Winter
2023-12-18,S001,P0008,Winter Jacket M,Clothing,North,391,99,80,91,97.99,0,Sunny,0,90.9,Winter
2023-12-19,S001,P0008,Winter Jacket M,Clothing,North,258,120,146,117,97.99,0,Windy,0,104.66,Winter
2023-12-20,S001,P0008,Winter Jacket M,Clothing,North,483,171,162,181,97.99,10,Cloudy,1,104.58,Winter
2023-12-21,S001,P0008,Winter Jacket M,Clothing,North,655,202,246,219,97.99,0,Windy,1,93.35,Winter
2023-12-22,S001,P0008,Winter Jacket M,Clothing,North,518,161,213,167,97.99,10,Rainy,1,95.24,Winter
2023-12-23,S001,P0008,Winter Jacket M,Clothing,North,423,176,226,163,97.99,0,Windy,1,100.69,Winter
2023-12-24,S001,P0008,Winter Jacket M,Clothing,North,646,173,208,183,97.99,20,Windy,1,97.97,Winter
2023-12-25,S001,P0008,Winter Jacket M,Clothing,North,860,249,241,229,97.99,5,Sunny,1,101.87,Winter
2023-12-26,S001,P0008,Winter Jacket M,Clothing,North,995,276,300,295,97.99,0,Rainy,1,103.53,Winter
2023-12-27,S001,P0008,Winter Jacket M,Clothing,North,454,210,206,226,97.99,10,Rainy,1,92.72,Winter
2023-12-28,S001,P0008,Winter Jacket M,Clothing,North,389,209,261,197,97.99,5,Rainy,1,99.25,Winter
2023-12-29,S001,P0008,Winter Jacket M,Clothing,North,349,128,169,132,97.99,0,Rainy,1,107.65,Winter
2023-12-30,S001,P0008,Winter Jacket M,Clothing,North,519,167,190,181,97.99,10,Windy,1,96.08,Winter
2023-12-31,S001,P0008,Winter Jacket M,Clothing,North,858,223,242,206,97.99,10,Rainy,1,100.11,Winter
2023-01-01,S001,P0009,USB-C Hub 7-port,Electronics,West,122,41,36,38,20.74,0,Windy,0,20.53,Winter
2023-01-02,S001,P0009,USB-C Hub 7-port,Electronics,West,239,60,58,57,20.74,0,Cloudy,0,20.97,Winter
2023-01-03,S001,P0009,USB-C Hub 7-port,Electronics,West,166,63,59,63,20.74,15,Sunny,0,20.42,Winter
2023-01-04,S001,P0009,USB-C Hub 7-port,Electronics,West,207,52,59,47,20.74,20,Cloudy,0,21.02,Winter
2023-01-05,S001,P0009,USB-C Hub 7-port,Electronics,West,171,45,41,42,20.74,20,Windy,0,22.07,Winter
2023-01-06,S001,P0009,USB-C Hub 7-port,Electronics,West,89,38,37,36,20.74,0,Sunny,0,22.33,Winter
2023-01-07,S001,P0009,USB-C Hub 7-port,Electronics,West,84,40,49,41,20.74,0,Rainy,0,22.08,Winter
2023-01-08,S001,P0009,USB-C Hub 7-port,Electronics,West,67,45,37,46,20.74,0,Rainy,0,22.54,Winter
2023-01-09,S001,P0009,USB-C Hub 7-port,Electronics,West,186,54,66,59,20.74,0,Sunny,0,19.35,Winter
2023-01-10,S001,P0009,USB-C Hub 7-port,Electronics,West,205,58,71,62,20.74,10,Cloudy,0,20.21,Winter
2023-01-11,S001,P0009,USB-C Hub 7-port,Electronics,West,112,52,55,49,20.74,5,Sunny,0,18.82,Winter
2023-01-12,S001,P0009,USB-C Hub 7-port,Electronics,West,184,50,49,49,20.74,5,Sunny,0,18.68,Winter
2023-01-13,S001,P0009,USB-C Hub 7-port,Electronics,West,85,39,44,42,20.74,0,Sunny,0,21.47,Winter
2023-01-14,S001,P0009,USB-C Hub 7-port,Electronics,West,69,37,37,34,20.74,10,Rainy,0,20.49,Winter
2023-01-15,S001,P0009,USB-C Hub 7-port,Electronics,West,143,53,56,49,20.74,15,Rainy,0,22.55,Winter
2023-01-16,S001,P0009,USB-C Hub 7-port,Electronics,West,166,50,41,46,20.74,0,Cloudy,0,19.96,Winter
2023-01-17,S001,P0009,USB-C Hub 7-port,Electronics,West,110,54,66,50,20.74,15,Rainy,0,21.1,Winter
2023-01-18,S001,P0009,USB-C Hub 7-port,Electronics,West,117,53,47,57,20.74,5,Rainy,0,21.03,Winter
2023-01-19,S001,P0009,USB-C Hub 7-port,Electronics,West,116,46,38,45,20.74,0,Windy,0,19.22,Winter
2023-01-20,S001,P0009,USB-C Hub 7-port,Electronics,West,111,36,48,37,20.74,0,Cloudy,0,20.75,Winter
2023-01-21,S001,P0009,USB-C Hub 7-port,Electronics,West,85,39,46,35,20.74,10,Rainy,0,21.26,Winter
2023-01-22,S001,P0009,USB-C Hub 7-port,Electronics,West,138,43,50,39,20.74,0,Sunny,0,20.29,Winter
2023-01-23,S001,P0009,USB-C Hub 7-port,Electronics,West,190,58,74,56,20.74,5,Rainy,0,20.14,Winter
2023-01-24,S001,P0009,USB-C Hub 7-port,Electronics,West,187,62,58,57,20.74,0,Windy,0,19.74,Winter
2023-01-25,S001,P0009,USB-C Hub 7-port,Electronics,West,181,48,66,46,20.74,10,Windy,0,21.99,Winter
2023-01-26,S001,P0009,USB-C Hub 7-port,Electronics,West,118,48,45,48,20.74,0,Cloudy,0,21.4,Winter
2023-01-27,S001,P0009,USB-C Hub 7-port,Electronics,West,67,43,53,44,20.74,0,Sunny,0,19.97,Winter
2023-01-28,S001,P0009,USB-C Hub 7-port,Electronics,West,123,40,46,41,20.74,20,Sunny,0,22.63,Winter
2023-01-29,S001,P0009,USB-C Hub 7-port,Electronics,West,92,42,43,44,20.74,0,Rainy,0,19.52,Winter
2023-01-30,S001,P0009,USB-C Hub 7-port,Electronics,West,160,52,61,50,20.74,0,Sunny,0,19.81,Winter
2023-01-31,S001,P0009,USB-C Hub 7-port,Electronics,West,86,55,68,51,20.74,10,Sunny,0,20.38,Winter
2023-02-01,S001,P0009,USB-C Hub 7-port,Electronics,West,104,58,55,60,20.74,5,Windy,0,20.95,Winter
2023-02-02,S001,P0009,USB-C Hub 7-port,Electronics,West,130,45,51,48,20.74,10,Windy,0,22.38,Winter
2023-02-03,S001,P0009,USB-C Hub 7-port,Electronics,West,88,38,48,34,20.74,0,Cloudy,0,19.38,Winter
2023-02-04,S001,P0009,USB-C Hub 7-port,Electronics,West,119,43,50,38,20.74,0,Cloudy,0,19.92,Winter
2023-02-05,S001,P0009,USB-C Hub 7-port,Electronics,West,78,45,40,48,20.74,0,Sunny,0,21.57,Winter
2023-02-06,S001,P0009,USB-C Hub 7-port,Electronics,West,125,58,49,56,20.74,0,Windy,0,22.42,Winter
2023-02-07,S001,P0009,USB-C Hub 7-port,Electronics,West,145,54,47,55,20.74,10,Cloudy,0,22.55,Winter
2023-02-08,S001,P0009,USB-C Hub 7-port,Electronics,West,181,50,45,52,20.74,0,Sunny,0,21.15,Winter
2023-02-09,S001,P0009,USB-C Hub 7-port,Electronics,West,134,47,54,48,20.74,0,Sunny,0,21.5,Winter
2023-02-10,S001,P0009,USB-C Hub 7-port,Electronics,West,149,46,41,47,20.74,0,Rainy,0,20.65,Winter
2023-02-11,S001,P0009,USB-C Hub 7-port,Electronics,West,191,49,57,44,20.74,0,Sunny,0,21.57,Winter
2023-02-12,S001,P0009,USB-C Hub 7-port,Electronics,West,101,46,47,48,20.74,0,Windy,0,22.5,Winter
2023-02-13,S001,P0009,USB-C Hub 7-port,Electronics,West,89,54,70,51,20.74,0,Windy,0,21.08,Winter
2023-02-14,S001,P0009,USB-C Hub 7-port,Electronics,West,117,60,61,64,20.74,20,Rainy,0,22.55,Winter
2023-02-15,S001,P0009,USB-C Hub 7-port,Electronics,West,131,58,74,61,20.74,5,Rainy,0,22.54,Winter
2023-02-16,S001,P0009,USB-C Hub 7-port,Electronics,West,107,39,38,37,20.74,0,Windy,0,22.72,Winter
2023-02-17,S001,P0009,USB-C Hub 7-port,Electronics,West,159,41,41,43,20.74,5,Windy,0,21.3,Winter
2023-02-18,S001,P0009,USB-C Hub 7-port,Electronics,West,135,41,48,43,20.74,10,Sunny,0,22.19,Winter
2023-02-19,S001,P0009,USB-C Hub 7-port,Electronics,West,85,43,52,45,20.74,0,Cloudy,0,22.41,Winter
2023-02-20,S001,P0009,USB-C Hub 7-port,Electronics,West,83,51,56,54,20.74,0,Rainy,0,22.22,Winter
2023-02-21,S001,P0009,USB-C Hub 7-port,Electronics,West,204,56,51,60,20.74,0,Windy,0,21.02,Winter
2023-02-22,S001,P0009,USB-C Hub 7-port,Electronics,West,159,54,68,51,20.74,0,Sunny,0,21.71,Winter
2023-02-23,S001,P0009,USB-C Hub 7-port,Electronics,West,151,49,43,50,20.74,20,Sunny,0,19.15,Winter
2023-02-24,S001,P0009,USB-C Hub 7-port,Electronics,West,66,42,45,40,20.74,0,Rainy,0,19.95,Winter
2023-02-25,S001,P0009,USB-C Hub 7-port,Electronics,West,100,45,39,45,20.74,5,Sunny,0,21.79,Winter
2023-02-26,S001,P0009,USB-C Hub 7-port,Electronics,West,134,50,61,53,20.74,10,Sunny,0,20.85,Winter
2023-02-27,S001,P0009,USB-C Hub 7-port,Electronics,West,120,54,53,52,20.74,0,Rainy,0,22.61,Winter
2023-02-28,S001,P0009,USB-C Hub 7-port,Electronics,West,162,57,79,58,20.74,0,Windy,0,22.65,Winter
2023-03-01,S001,P0009,USB-C Hub 7-port,Electronics,West,90,56,59,53,20.74,0,Sunny,0,22.06,Spring
2023-03-02,S001,P0009,USB-C Hub 7-port,Electronics,West,173,49,40,53,20.74,0,Rainy,0,22.56,Spring
2023-03-03,S001,P0009,USB-C Hub 7-port,Electronics,West,147,40,51,40,20.74,0,Sunny,0,18.82,Spring
2023-03-04,S001,P0009,USB-C Hub 7-port,Electronics,West,121,40,45,41,20.74,5,Windy,0,22.8,Spring
2023-03-05,S001,P0009,USB-C Hub 7-port,Electronics,West,88,51,44,53,20.74,5,Windy,0,22.74,Spring
2023-03-06,S001,P0009,USB-C Hub 7-port,Electronics,West,101,58,58,56,20.74,0,Cloudy,0,21.51,Spring
2023-03-07,S001,P0009,USB-C Hub 7-port,Electronics,West,147,63,52,64,20.74,0,Windy,0,21.46,Spring
2023-03-08,S001,P0009,USB-C Hub 7-port,Electronics,West,119,51,68,54,20.74,0,Cloudy,0,20.68,Spring
2023-03-09,S001,P0009,USB-C Hub 7-port,Electronics,West,142,43,58,39,20.74,20,Rainy,0,19.55,Spring
2023-03-10,S001,P0009,USB-C Hub 7-port,Electronics,West,157,43,52,40,20.74,0,Sunny,0,22.63,Spring
2023-03-11,S001,P0009,USB-C Hub 7-port,Electronics,West,127,41,49,36,20.74,0,Windy,0,21.52,Spring
2023-03-12,S001,P0009,USB-C Hub 7-port,Electronics,West,180,48,62,51,20.74,0,Sunny,0,19.35,Spring
2023-03-13,S001,P0009,USB-C Hub 7-port,Electronics,West,199,61,60,63,20.74,0,Windy,0,20.06,Spring
2023-03-14,S001,P0009,USB-C Hub 7-port,Electronics,West,145,52,63,52,20.74,0,Rainy,0,20.48,Spring
2023-03-15,S001,P0009,USB-C Hub 7-port,Electronics,West,187,60,68,59,20.74,10,Rainy,0,20.89,Spring
2023-03-16,S001,P0009,USB-C Hub 7-port,Electronics,West,136,43,39,46,20.74,0,Cloudy,0,20.86,Spring
2023-03-17,S001,P0009,USB-C Hub 7-port,Electronics,West,136,43,38,45,20.74,10,Windy,0,22.8,Spring
2023-03-18,S001,P0009,USB-C Hub 7-port,Electronics,West,88,42,48,41,20.74,0,Cloudy,0,21.1,Spring
2023-03-19,S001,P0009,USB-C Hub 7-port,Electronics,West,83,50,53,53,20.74,10,Rainy,0,20.17,Spring
2023-03-20,S001,P0009,USB-C Hub 7-port,Electronics,West,83,54,50,53,20.74,5,Cloudy,0,21.63,Spring
2023-03-21,S001,P0009,USB-C Hub 7-port,Electronics,West,225,61,80,57,20.74,5,Cloudy,0,18.74,Spring
2023-03-22,S001,P0009,USB-C Hub 7-port,Electronics,West,118,51,51,47,20.74,15,Windy,0,19.83,Spring
2023-03-23,S001,P0009,USB-C Hub 7-port,Electronics,West,118,43,53,41,20.74,0,Rainy,0,21.66,Spring
2023-03-24,S001,P0009,USB-C Hub 7-port,Electronics,West,112,45,45,41,20.74,0,Sunny,0,22.31,Spring
2023-03-25,S001,P0009,USB-C Hub 7-port,Electronics,West,163,42,36,40,20.74,0,Cloudy,0,21.18,Spring
2023-03-26,S001,P0009,USB-C Hub 7-port,Electronics,West,85,46,40,47,20.74,10,Sunny,0,21.34,Spring
2023-03-27,S001,P0009,USB-C Hub 7-port,Electronics,West,82,49,64,44,20.74,10,Cloudy,0,22.39,Spring
2023-03-28,S001,P0009,USB-C Hub 7-port,Electronics,West,202,64,88,68,20.74,20,Sunny,0,18.68,Spring
2023-03-29,S001,P0009,USB-C Hub 7-port,Electronics,West,131,50,58,49,20.74,0,Sunny,0,21.47,Spring
2023-03-30,S001,P0009,USB-C Hub 7-port,Electronics,West,80,50,46,54,20.74,0,Windy,0,20.01,Spring
2023-03-31,S001,P0009,USB-C Hub 7-port,Electronics,West,158,40,37,41,20.74,0,Cloudy,0,18.84,Spring
2023-04-01,S001,P0009,USB-C Hub 7-port,Electronics,West,134,41,48,42,20.74,0,Sunny,0,22.75,Spring
2023-04-02,S001,P0009,USB-C Hub 7-port,Electronics,West,188,48,43,47,20.74,5,Sunny,0,20.06,Spring
2023-04-03,S001,P0009,USB-C Hub 7-port,Electronics,West,212,63,68,56,20.74,10,Sunny,0,18.87,Spring
2023-04-04,S001,P0009,USB-C Hub 7-port,Electronics,West,104,47,40,45,20.74,10,Sunny,0,18.99,Spring
2023-04-05,S001,P0009,USB-C Hub 7-port,Electronics,West,118,52,70,53,20.74,20,Sunny,0,20.64,Spring
2023-04-06,S001,P0009,USB-C Hub 7-port,Electronics,West,138,43,34,46,20.74,5,Rainy,0,20.19,Spring
2023-04-07,S001,P0009,USB-C Hub 7-port,Electronics,West,95,38,46,37,20.74,0,Sunny,0,18.93,Spring
2023-04-08,S001,P0009,USB-C Hub 7-port,Electronics,West,76,41,53,39,20.74,0,Cloudy,0,22.65,Spring
2023-04-09,S001,P0009,USB-C Hub 7-port,Electronics,West,155,46,62,43,20.74,5,Sunny,0,18.83,Spring
2023-04-10,S001,P0009,USB-C Hub 7-port,Electronics,West,130,54,65,57,20.74,0,Rainy,0,19.73,Spring
2023-04-11,S001,P0009,USB-C Hub 7-port,Electronics,West,113,55,44,50,20.74,10,Windy,0,20.73,Spring
2023-04-12,S001,P0009,USB-C Hub 7-port,Electronics,West,69,46,52,48,20.74,0,Rainy,0,18.95,Spring
2023-04-13,S001,P0009,USB-C Hub 7-port,Electronics,West,135,44,47,40,20.74,10,Windy,0,20.65,Spring
2023-04-14,S001,P0009,USB-C Hub 7-port,Electronics,West,146,40,52,41,20.74,0,Windy,0,22.11,Spring
2023-04-15,S001,P0009,USB-C Hub 7-port,Electronics,West,129,38,37,40,20.74,0,Cloudy,0,18.89,Spring
2023-04-16,S001,P0009,USB-C Hub 7-port,Electronics,West,176,52,57,54,20.74,0,Cloudy,0,18.81,Spring
2023-04-17,S001,P0009,USB-C Hub 7-port,Electronics,West,165,57,58,59,20.74,0,Windy,0,21.4,Spring
2023-04-18,S001,P0009,USB-C Hub 7-port,Electronics,West,162,57,76,58,20.74,0,Windy,0,22.0,Spring
2023-04-19,S001,P0009,USB-C Hub 7-port,Electronics,West,174,52,45,54,20.74,0,Rainy,0,22.4,Spring
2023-04-20,S001,P0009,USB-C Hub 7-port,Electronics,West,150,42,36,41,20.74,0,Windy,0,21.5,Spring
2023-04-21,S001,P0009,USB-C Hub 7-port,Electronics,West,93,40,48,41,20.74,0,Sunny,0,20.86,Spring
2023-04-22,S001,P0009,USB-C Hub 7-port,Electronics,West,107,43,36,43,20.74,10,Rainy,0,21.67,Spring
2023-04-23,S001,P0009,USB-C Hub 7-port,Electronics,West,88,48,64,51,20.74,0,Rainy,0,21.93,Spring
2023-04-24,S001,P0009,USB-C Hub 7-port,Electronics,West,143,49,46,50,20.74,20,Rainy,0,22.46,Spring
2023-04-25,S001,P0009,USB-C Hub 7-port,Electronics,West,82,53,71,55,20.74,5,Sunny,0,22.76,Spring
2023-04-26,S001,P0009,USB-C Hub 7-port,Electronics,West,178,50,68,45,20.74,10,Cloudy,0,21.88,Spring
2023-04-27,S001,P0009,USB-C Hub 7-port,Electronics,West,161,44,58,46,20.74,0,Cloudy,0,21.96,Spring
2023-04-28,S001,P0009,USB-C Hub 7-port,Electronics,West,93,37,32,39,20.74,0,Windy,0,21.35,Spring
2023-04-29,S001,P0009,USB-C Hub 7-port,Electronics,West,78,37,43,36,20.74,5,Cloudy,0,22.25,Spring
2023-04-30,S001,P0009,USB-C Hub 7-port,Electronics,West,172,49,44,45,20.74,5,Windy,0,21.28,Spring
2023-05-01,S001,P0009,USB-C Hub 7-port,Electronics,West,76,47,43,47,20.74,10,Windy,0,20.42,Spring
2023-05-02,S001,P0009,USB-C Hub 7-port,Electronics,West,182,48,47,44,20.74,0,Sunny,0,18.7,Spring
2023-05-03,S001,P0009,USB-C Hub 7-port,Electronics,West,145,43,45,40,20.74,0,Cloudy,0,21.93,Spring
2023-05-04,S001,P0009,USB-C Hub 7-port,Electronics,West,82,38,49,39,20.74,0,Windy,0,22.59,Spring
2023-05-05,S001,P0009,USB-C Hub 7-port,Electronics,West,134,39,32,37,20.74,0,Cloudy,0,21.62,Spring
2023-05-06,S001,P0009,USB-C Hub 7-port,Electronics,West,82,41,51,37,20.74,0,Windy,0,20.02,Spring
2023-05-07,S001,P0009,USB-C Hub 7-port,Electronics,West,76,43,55,39,20.74,0,Sunny,0,21.54,Spring
2023-05-08,S001,P0009,USB-C Hub 7-port,Electronics,West,157,51,51,54,20.74,0,Rainy,0,21.97,Spring
2023-05-09,S001,P0009,USB-C Hub 7-port,Electronics,West,127,51,65,52,20.74,10,Rainy,0,19.0,Spring
2023-05-10,S001,P0009,USB-C Hub 7-port,Electronics,West,89,42,41,45,20.74,0,Cloudy,0,22.81,Spring
2023-05-11,S001,P0009,USB-C Hub 7-port,Electronics,West,177,46,56,45,20.74,0,Windy,0,21.63,Spring
2023-05-12,S001,P0009,USB-C Hub 7-port,Electronics,West,76,38,35,41,20.74,5,Windy,0,19.56,Spring
2023-05-13,S001,P0009,USB-C Hub 7-port,Electronics,West,80,37,40,36,20.74,0,Rainy,0,20.4,Spring
2023-05-14,S001,P0009,USB-C Hub 7-port,Electronics,West,119,40,44,37,20.74,15,Windy,0,19.79,Spring
2023-05-15,S001,P0009,USB-C Hub 7-port,Electronics,West,162,47,50,50,20.74,15,Cloudy,0,19.13,Spring
2023-05-16,S001,P0009,USB-C Hub 7-port,Electronics,West,164,47,60,43,20.74,5,Windy,0,19.6,Spring
2023-05-17,S001,P0009,USB-C Hub 7-port,Electronics,West,95,45,38,46,20.74,0,Windy,0,19.31,Spring
2023-05-18,S001,P0009,USB-C Hub 7-port,Electronics,West,64,39,40,41,20.74,5,Rainy,0,22.36,Spring
2023-05-19,S001,P0009,USB-C Hub 7-port,Electronics,West,120,33,44,33,20.74,0,Sunny,0,19.69,Spring
2023-05-20,S001,P0009,USB-C Hub 7-port,Electronics,West,115,32,35,31,20.74,0,Windy,0,18.9,Spring
2023-05-21,S001,P0009,USB-C Hub 7-port,Electronics,West,81,47,42,51,20.74,0,Sunny,0,22.06,Spring
2023-05-22,S001,P0009,USB-C Hub 7-port,Electronics,West,110,48,64,44,20.74,0,Cloudy,0,19.84,Spring
2023-05-23,S001,P0009,USB-C Hub 7-port,Electronics,West,90,50,41,54,20.74,10,Cloudy,0,21.39,Spring
2023-05-24,S001,P0009,USB-C Hub 7-port,Electronics,West,88,43,46,44,20.74,0,Cloudy,0,19.88,Spring
2023-05-25,S001,P0009,USB-C Hub 7-port,Electronics,West,113,33,37,32,20.74,15,Rainy,0,21.7,Spring
2023-05-26,S001,P0009,USB-C Hub 7-port,Electronics,West,119,33,36,35,20.74,0,Rainy,0,22.63,Spring
2023-05-27,S001,P0009,USB-C Hub 7-port,Electronics,West,83,34,37,34,20.74,0,Sunny,0,19.25,Spring
2023-05-28,S001,P0009,USB-C Hub 7-port,Electronics,West,161,42,58,37,20.74,5,Windy,0,22.7,Spring
2023-05-29,S001,P0009,USB-C Hub 7-port,Electronics,West,139,49,46,50,20.74,0,Cloudy,0,19.65,Spring
2023-05-30,S001,P0009,USB-C Hub 7-port,Electronics,West,189,50,57,52,20.74,0,Sunny,0,21.47,Spring
2023-05-31,S001,P0009,USB-C Hub 7-port,Electronics,West,70,46,39,45,20.74,0,Sunny,0,19.7,Spring
2023-06-01,S001,P0009,USB-C Hub 7-port,Electronics,West,146,41,55,39,20.74,5,Windy,0,22.53,Summer
2023-06-02,S001,P0009,USB-C Hub 7-port,Electronics,West,94,34,43,32,20.74,5,Windy,0,21.36,Summer
2023-06-03,S001,P0009,USB-C Hub 7-port,Electronics,West,131,36,42,32,20.74,10,Windy,0,19.9,Summer
2023-06-04,S001,P0009,USB-C Hub 7-port,Electronics,West,125,41,54,40,20.74,15,Sunny,0,22.24,Summer
2023-06-05,S001,P0009,USB-C Hub 7-port,Electronics,West,95,39,31,41,20.74,10,Rainy,0,21.93,Summer
2023-06-06,S001,P0009,USB-C Hub 7-port,Electronics,West,128,45,41,44,20.74,0,Windy,0,19.54,Summer
2023-06-07,S001,P0009,USB-C Hub 7-port,Electronics,West,93,39,50,38,20.74,10,Sunny,0,18.96,Summer
2023-06-08,S001,P0009,USB-C Hub 7-port,Electronics,West,68,36,43,38,20.74,0,Sunny,0,21.89,Summer
2023-06-09,S001,P0009,USB-C Hub 7-port,Electronics,West,103,30,34,31,20.74,15,Windy,0,20.39,Summer
2023-06-10,S001,P0009,USB-C Hub 7-port,Electronics,West,110,34,41,32,20.74,0,Windy,0,18.88,Summer
2023-06-11,S001,P0009,USB-C Hub 7-port,Electronics,West,160,41,40,44,20.74,10,Windy,0,22.09,Summer
2023-06-12,S001,P0009,USB-C Hub 7-port,Electronics,West,182,47,56,46,20.74,10,Sunny,0,20.37,Summer
2023-06-13,S001,P0009,USB-C Hub 7-port,Electronics,West,85,50,51,53,20.74,0,Rainy,0,22.59,Summer
2023-06-14,S001,P0009,USB-C Hub 7-port,Electronics,West,72,36,41,36,20.74,20,Cloudy,0,21.08,Summer
2023-06-15,S001,P0009,USB-C Hub 7-port,Electronics,West,123,32,30,34,20.74,0,Sunny,0,22.39,Summer
2023-06-16,S001,P0009,USB-C Hub 7-port,Electronics,West,75,37,35,40,20.74,10,Sunny,0,19.15,Summer
2023-06-17,S001,P0009,USB-C Hub 7-port,Electronics,West,120,35,43,32,20.74,20,Sunny,0,20.69,Summer
2023-06-18,S001,P0009,USB-C Hub 7-port,Electronics,West,88,38,34,34,20.74,10,Windy,0,19.88,Summer
2023-06-19,S001,P0009,USB-C Hub 7-port,Electronics,West,94,43,38,46,20.74,15,Rainy,0,22.67,Summer
2023-06-20,S001,P0009,USB-C Hub 7-port,Electronics,West,164,43,38,42,20.74,5,Windy,0,20.65,Summer
2023-06-21,S001,P0009,USB-C Hub 7-port,Electronics,West,122,34,27,33,20.74,10,Sunny,0,22.79,Summer
2023-06-22,S001,P0009,USB-C Hub 7-port,Electronics,West,71,32,33,30,20.74,5,Rainy,0,20.51,Summer
2023-06-23,S001,P0009,USB-C Hub 7-port,Electronics,West,79,30,33,27,20.74,5,Cloudy,0,18.89,Summer
2023-06-24,S001,P0009,USB-C Hub 7-port,Electronics,West,111,30,38,27,20.74,0,Windy,0,21.17,Summer
2023-06-25,S001,P0009,USB-C Hub 7-port,Electronics,West,113,35,48,32,20.74,0,Cloudy,0,20.8,Summer
2023-06-26,S001,P0009,USB-C Hub 7-port,Electronics,West,142,49,44,50,20.74,5,Cloudy,0,21.74,Summer
2023-06-27,S001,P0009,USB-C Hub 7-port,Electronics,West,97,42,58,44,20.74,5,Sunny,0,20.9,Summer
2023-06-28,S001,P0009,USB-C Hub 7-port,Electronics,West,143,40,35,40,20.74,20,Sunny,0,21.37,Summer
2023-06-29,S001,P0009,USB-C Hub 7-port,Electronics,West,92,34,28,33,20.74,15,Rainy,0,21.93,Summer
2023-06-30,S001,P0009,USB-C Hub 7-port,Electronics,West,48,31,30,32,20.74,0,Windy,0,20.23,Summer
2023-07-01,S001,P0009,USB-C Hub 7-port,Electronics,West,80,30,26,27,20.74,0,Sunny,0,21.56,Summer
2023-07-02,S001,P0009,USB-C Hub 7-port,Electronics,West,73,39,45,35,20.74,0,Rainy,0,20.46,Summer
2023-07-03,S001,P0009,USB-C Hub 7-port,Electronics,West,120,42,58,41,20.74,0,Sunny,0,21.06,Summer
2023-07-04,S001,P0009,USB-C Hub 7-port,Electronics,West,102,38,48,38,20.74,15,Sunny,0,22.53,Summer
2023-07-05,S001,P0009,USB-C Hub 7-port,Electronics,West,142,38,41,38,20.74,0,Rainy,0,20.53,Summer
2023-07-06,S001,P0009,USB-C Hub 7-port,Electronics,West,53,32,43,32,20.74,0,Cloudy,0,19.87,Summer
2023-07-07,S001,P0009,USB-C Hub 7-port,Electronics,West,67,29,27,28,20.74,0,Windy,0,22.55,Summer
2023-07-08,S001,P0009,USB-C Hub 7-port,Electronics,West,84,31,31,31,20.74,15,Sunny,0,21.5,Summer
2023-07-09,S001,P0009,USB-C Hub 7-port,Electronics,West,57,37,31,40,20.74,5,Rainy,0,21.76,Summer
2023-07-10,S001,P0009,USB-C Hub 7-port,Electronics,West,96,41,45,39,20.74,15,Sunny,0,19.86,Summer
2023-07-11,S001,P0009,USB-C Hub 7-port,Electronics,West,81,42,36,39,20.74,5,Windy,0,20.86,Summer
2023-07-12,S001,P0009,USB-C Hub 7-port,Electronics,West,151,38,44,38,20.74,10,Windy,0,18.93,Summer
2023-07-13,S001,P0009,USB-C Hub 7-port,Electronics,West,91,27,30,24,20.74,10,Windy,0,19.5,Summer
2023-07-14,S001,P0009,USB-C Hub 7-port,Electronics,West,115,30,35,30,20.74,0,Sunny,0,21.9,Summer
2023-07-15,S001,P0009,USB-C Hub 7-port,Electronics,West,53,31,37,29,20.74,0,Cloudy,0,20.02,Summer
2023-07-16,S001,P0009,USB-C Hub 7-port,Electronics,West,67,32,43,34,20.74,0,Windy,0,22.67,Summer
2023-07-17,S001,P0009,USB-C Hub 7-port,Electronics,West,98,40,48,36,20.74,0,Windy,0,22.79,Summer
2023-07-18,S001,P0009,USB-C Hub 7-port,Electronics,West,118,42,50,45,20.74,0,Windy,0,21.14,Summer
2023-07-19,S001,P0009,USB-C Hub 7-port,Electronics,West,119,40,49,40,20.74,0,Rainy,0,21.9,Summer
2023-07-20,S001,P0009,USB-C Hub 7-port,Electronics,West,77,33,45,31,20.74,0,Sunny,0,20.82,Summer
2023-07-21,S001,P0009,USB-C Hub 7-port,Electronics,West,55,29,28,31,20.74,15,Rainy,0,21.43,Summer
2023-07-22,S001,P0009,USB-C Hub 7-port,Electronics,West,77,31,32,33,20.74,5,Rainy,0,22.52,Summer
2023-07-23,S001,P0009,USB-C Hub 7-port,Electronics,West,94,33,38,34,20.74,20,Rainy,0,22.15,Summer
2023-07-24,S001,P0009,USB-C Hub 7-port,Electronics,West,71,40,54,41,20.74,5,Rainy,0,20.43,Summer
2023-07-25,S001,P0009,USB-C Hub 7-port,Electronics,West,122,38,48,34,20.74,0,Windy,0,20.36,Summer
2023-07-26,S001,P0009,USB-C Hub 7-port,Electronics,West,155,39,31,37,20.74,10,Windy,0,19.59,Summer
2023-07-27,S001,P0009,USB-C Hub 7-port,Electronics,West,79,28,33,27,20.74,0,Cloudy,0,20.2,Summer
2023-07-28,S001,P0009,USB-C Hub 7-port,Electronics,West,78,29,37,27,20.74,20,Cloudy,0,22.08,Summer
2023-07-29,S001,P0009,USB-C Hub 7-port,Electronics,West,91,29,35,28,20.74,0,Windy,0,21.88,Summer
2023-07-30,S001,P0009,USB-C Hub 7-port,Electronics,West,97,36,50,33,20.74,0,Windy,0,19.26,Summer
2023-07-31,S001,P0009,USB-C Hub 7-port,Electronics,West,68,36,32,37,20.74,20,Sunny,0,21.82,Summer
2023-08-01,S001,P0009,USB-C Hub 7-port,Electronics,West,158,40,32,40,20.74,5,Windy,0,20.0,Summer
2023-08-02,S001,P0009,USB-C Hub 7-port,Electronics,West,103,36,34,33,20.74,15,Rainy,0,19.11,Summer
2023-08-03,S001,P0009,USB-C Hub 7-port,Electronics,West,68,32,43,29,20.74,15,Sunny,0,22.12,Summer
2023-08-04,S001,P0009,USB-C Hub 7-port,Electronics,West,44,26,33,23,20.74,0,Windy,0,19.75,Summer
2023-08-05,S001,P0009,USB-C Hub 7-port,Electronics,West,113,30,37,32,20.74,10,Windy,0,21.9,Summer
2023-08-06,S001,P0009,USB-C Hub 7-port,Electronics,West,100,29,35,29,20.74,0,Rainy,0,22.78,Summer
2023-08-07,S001,P0009,USB-C Hub 7-port,Electronics,West,109,36,39,34,20.74,0,Cloudy,0,22.73,Summer
2023-08-08,S001,P0009,USB-C Hub 7-port,Electronics,West,111,35,39,37,20.74,0,Cloudy,0,21.81,Summer
2023-08-09,S001,P0009,USB-C Hub 7-port,Electronics,West,90,38,46,35,20.74,0,Cloudy,0,19.98,Summer
2023-08-10,S001,P0009,USB-C Hub 7-port,Electronics,West,127,32,43,33,20.74,0,Rainy,0,19.5,Summer
2023-08-11,S001,P0009,USB-C Hub 7-port,Electronics,West,86,28,38,25,20.74,20,Windy,0,21.48,Summer
2023-08-12,S001,P0009,USB-C Hub 7-port,Electronics,West,62,32,31,32,20.74,15,Sunny,0,22.81,Summer
2023-08-13,S001,P0009,USB-C Hub 7-port,Electronics,West,125,33,39,35,20.74,10,Cloudy,0,19.18,Summer
2023-08-14,S001,P0009,USB-C Hub 7-port,Electronics,West,120,40,43,38,20.74,10,Rainy,0,21.92,Summer
2023-08-15,S001,P0009,USB-C Hub 7-port,Electronics,West,94,39,52,37,20.74,10,Cloudy,0,19.36,Summer
2023-08-16,S001,P0009,USB-C Hub 7-port,Electronics,West,61,36,44,38,20.74,0,Sunny,0,20.95,Summer
2023-08-17,S001,P0009,USB-C Hub 7-port,Electronics,West,132,34,36,31,20.74,15,Rainy,0,21.39,Summer
2023-08-18,S001,P0009,USB-C Hub 7-port,Electronics,West,99,31,37,31,20.74,0,Sunny,0,19.32,Summer
2023-08-19,S001,P0009,USB-C Hub 7-port,Electronics,West,68,28,36,29,20.74,0,Rainy,0,21.45,Summer
2023-08-20,S001,P0009,USB-C Hub 7-port,Electronics,West,55,35,32,32,20.74,5,Rainy,0,18.93,Summer
2023-08-21,S001,P0009,USB-C Hub 7-port,Electronics,West,135,39,33,35,20.74,0,Cloudy,0,19.79,Summer
2023-08-22,S001,P0009,USB-C Hub 7-port,Electronics,West,61,40,38,43,20.74,0,Sunny,0,20.06,Summer
2023-08-23,S001,P0009,USB-C Hub 7-port,Electronics,West,101,37,34,37,20.74,0,Sunny,0,22.39,Summer
2023-08-24,S001,P0009,USB-C Hub 7-port,Electronics,West,98,30,27,29,20.74,15,Cloudy,0,19.93,Summer
2023-08-25,S001,P0009,USB-C Hub 7-port,Electronics,West,33,21,25,20,20.74,10,Windy,0,20.01,Summer
2023-08-26,S001,P0009,USB-C Hub 7-port,Electronics,West,101,32,37,30,20.74,0,Cloudy,0,18.85,Summer
2023-08-27,S001,P0009,USB-C Hub 7-port,Electronics,West,87,32,37,31,20.74,15,Windy,0,21.27,Summer
2023-08-28,S001,P0009,USB-C Hub 7-port,Electronics,West,107,38,41,34,20.74,0,Rainy,0,21.76,Summer
2023-08-29,S001,P0009,USB-C Hub 7-port,Electronics,West,63,39,49,41,20.74,0,Rainy,0,21.52,Summer
2023-08-30,S001,P0009,USB-C Hub 7-port,Electronics,West,112,34,36,35,20.74,0,Sunny,0,20.3,Summer
2023-08-31,S001,P0009,USB-C Hub 7-port,Electronics,West,115,32,26,29,20.74,0,Rainy,0,21.14,Summer
2023-09-01,S001,P0009,USB-C Hub 7-port,Electronics,West,82,28,28,28,20.74,0,Cloudy,0,22.43,Autumn
2023-09-02,S001,P0009,USB-C Hub 7-port,Electronics,West,80,28,30,25,20.74,0,Cloudy,0,22.34,Autumn
2023-09-03,S001,P0009,USB-C Hub 7-port,Electronics,West,131,34,36,35,20.74,10,Windy,0,19.36,Autumn
2023-09-04,S001,P0009,USB-C Hub 7-port,Electronics,West,115,39,37,41,20.74,20,Windy,0,22.61,Autumn
2023-09-05,S001,P0009,USB-C Hub 7-port,Electronics,West,158,43,48,43,20.74,10,Rainy,0,21.81,Autumn
2023-09-06,S001,P0009,USB-C Hub 7-port,Electronics,West,53,33,45,35,20.74,0,Rainy,0,18.92,Autumn
2023-09-07,S001,P0009,USB-C Hub 7-port,Electronics,West,112,30,25,29,20.74,0,Windy,0,20.08,Autumn
2023-09-08,S001,P0009,USB-C Hub 7-port,Electronics,West,83,30,29,30,20.74,15,Rainy,0,21.7,Autumn
2023-09-09,S001,P0009,USB-C Hub 7-port,Electronics,West,84,28,29,26,20.74,5,Sunny,0,18.94,Autumn
2023-09-10,S001,P0009,USB-C Hub 7-port,Electronics,West,81,32,35,31,20.74,15,Rainy,0,21.97,Autumn
2023-09-11,S001,P0009,USB-C Hub 7-port,Electronics,West,114,38,41,40,20.74,0,Windy,0,22.8,Autumn
2023-09-12,S001,P0009,USB-C Hub 7-port,Electronics,West,146,40,44,38,20.74,10,Sunny,0,21.77,Autumn
2023-09-13,S001,P0009,USB-C Hub 7-port,Electronics,West,102,37,32,34,20.74,0,Rainy,0,22.32,Autumn
2023-09-14,S001,P0009,USB-C Hub 7-port,Electronics,West,109,31,31,32,20.74,0,Windy,0,21.91,Autumn
2023-09-15,S001,P0009,USB-C Hub 7-port,Electronics,West,58,27,27,28,20.74,10,Windy,0,21.89,Autumn
2023-09-16,S001,P0009,USB-C Hub 7-port,Electronics,West,107,32,30,30,20.74,10,Windy,0,20.96,Autumn
2023-09-17,S001,P0009,USB-C Hub 7-port,Electronics,West,113,38,51,40,20.74,10,Windy,0,19.75,Autumn
2023-09-18,S001,P0009,USB-C Hub 7-port,Electronics,West,78,35,37,37,20.74,15,Windy,0,19.87,Autumn
2023-09-19,S001,P0009,USB-C Hub 7-port,Electronics,West,147,37,32,38,20.74,5,Cloudy,0,20.85,Autumn
2023-09-20,S001,P0009,USB-C Hub 7-port,Electronics,West,138,41,46,43,20.74,0,Rainy,0,22.75,Autumn
2023-09-21,S001,P0009,USB-C Hub 7-port,Electronics,West,60,36,45,37,20.74,10,Rainy,0,19.04,Autumn
2023-09-22,S001,P0009,USB-C Hub 7-port,Electronics,West,84,25,22,24,20.74,5,Rainy,0,20.38,Autumn
2023-09-23,S001,P0009,USB-C Hub 7-port,Electronics,West,61,32,40,33,20.74,15,Rainy,0,20.52,Autumn
2023-09-24,S001,P0009,USB-C Hub 7-port,Electronics,West,75,40,36,40,20.74,5,Rainy,0,22.01,Autumn
2023-09-25,S001,P0009,USB-C Hub 7-port,Electronics,West,62,38,38,40,20.74,5,Sunny,0,19.82,Autumn
2023-09-26,S001,P0009,USB-C Hub 7-port,Electronics,West,81,47,63,46,20.74,10,Rainy,0,21.03,Autumn
2023-09-27,S001,P0009,USB-C Hub 7-port,Electronics,West,125,38,30,35,20.74,0,Cloudy,0,19.45,Autumn
2023-09-28,S001,P0009,USB-C Hub 7-port,Electronics,West,126,34,28,36,20.74,5,Cloudy,0,18.98,Autumn
2023-09-29,S001,P0009,USB-C Hub 7-port,Electronics,West,66,28,24,29,20.74,0,Windy,0,20.76,Autumn
2023-09-30,S001,P0009,USB-C Hub 7-port,Electronics,West,109,33,32,35,20.74,0,Cloudy,0,20.1,Autumn
2023-10-01,S001,P0009,USB-C Hub 7-port,Electronics,West,83,39,54,38,20.74,5,Rainy,0,22.39,Autumn
2023-10-02,S001,P0009,USB-C Hub 7-port,Electronics,West,133,47,58,47,20.74,20,Sunny,0,22.62,Autumn
2023-10-03,S001,P0009,USB-C Hub 7-port,Electronics,West,175,47,56,43,20.74,0,Sunny,0,20.4,Autumn
2023-10-04,S001,P0009,USB-C Hub 7-port,Electronics,West,76,40,49,36,20.74,0,Rainy,0,20.53,Autumn
2023-10-05,S001,P0009,USB-C Hub 7-port,Electronics,West,92,41,34,41,20.74,0,Windy,0,20.1,Autumn
2023-10-06,S001,P0009,USB-C Hub 7-port,Electronics,West,95,33,30,32,20.74,5,Cloudy,0,19.66,Autumn
2023-10-07,S001,P0009,USB-C Hub 7-port,Electronics,West,50,33,31,33,20.74,10,Cloudy,0,20.64,Autumn
2023-10-08,S001,P0009,USB-C Hub 7-port,Electronics,West,126,35,43,35,20.74,15,Rainy,0,18.82,Autumn
2023-10-09,S001,P0009,USB-C Hub 7-port,Electronics,West,97,38,37,38,20.74,10,Cloudy,0,21.79,Autumn
2023-10-10,S001,P0009,USB-C Hub 7-port,Electronics,West,74,40,54,36,20.74,5,Cloudy,0,20.5,Autumn
2023-10-11,S001,P0009,USB-C Hub 7-port,Electronics,West,143,38,39,40,20.74,15,Windy,0,19.04,Autumn
2023-10-12,S001,P0009,USB-C Hub 7-port,Electronics,West,90,38,44,34,20.74,0,Rainy,0,22.71,Autumn
2023-10-13,S001,P0009,USB-C Hub 7-port,Electronics,West,66,32,35,29,20.74,15,Rainy,0,19.76,Autumn
2023-10-14,S001,P0009,USB-C Hub 7-port,Electronics,West,123,31,29,29,20.74,15,Cloudy,0,20.52,Autumn
2023-10-15,S001,P0009,USB-C Hub 7-port,Electronics,West,71,38,40,35,20.74,0,Cloudy,0,22.17,Autumn
2023-10-16,S001,P0009,USB-C Hub 7-port,Electronics,West,122,43,45,45,20.74,10,Windy,0,22.35,Autumn
2023-10-17,S001,P0009,USB-C Hub 7-port,Electronics,West,182,48,42,50,20.74,0,Sunny,0,18.74,Autumn
2023-10-18,S001,P0009,USB-C Hub 7-port,Electronics,West,115,39,31,41,20.74,10,Rainy,0,20.91,Autumn
2023-10-19,S001,P0009,USB-C Hub 7-port,Electronics,West,125,37,48,36,20.74,0,Sunny,0,21.81,Autumn
2023-10-20,S001,P0009,USB-C Hub 7-port,Electronics,West,106,33,32,32,20.74,15,Sunny,0,20.57,Autumn
2023-10-21,S001,P0009,USB-C Hub 7-port,Electronics,West,112,32,37,32,20.74,0,Sunny,0,19.12,Autumn
2023-10-22,S001,P0009,USB-C Hub 7-port,Electronics,West,152,44,49,47,20.74,0,Rainy,0,19.56,Autumn
2023-10-23,S001,P0009,USB-C Hub 7-port,Electronics,West,143,44,36,45,20.74,5,Rainy,0,19.55,Autumn
2023-10-24,S001,P0009,USB-C Hub 7-port,Electronics,West,67,43,50,44,20.74,0,Sunny,0,21.95,Autumn
2023-10-25,S001,P0009,USB-C Hub 7-port,Electronics,West,116,46,38,43,20.74,10,Sunny,0,19.35,Autumn
2023-10-26,S001,P0009,USB-C Hub 7-port,Electronics,West,131,37,31,37,20.74,20,Cloudy,0,18.8,Autumn
2023-10-27,S001,P0009,USB-C Hub 7-port,Electronics,West,61,34,31,32,20.74,0,Cloudy,0,20.36,Autumn
2023-10-28,S001,P0009,USB-C Hub 7-port,Electronics,West,89,32,32,31,20.74,0,Rainy,0,22.67,Autumn
2023-10-29,S001,P0009,USB-C Hub 7-port,Electronics,West,127,43,39,41,20.74,0,Cloudy,0,20.93,Autumn
2023-10-30,S001,P0009,USB-C Hub 7-port,Electronics,West,209,53,58,50,20.74,10,Sunny,0,19.59,Autumn
2023-10-31,S001,P0009,USB-C Hub 7-port,Electronics,West,159,44,45,44,20.74,5,Windy,0,19.16,Autumn
2023-11-01,S001,P0009,USB-C Hub 7-port,Electronics,West,178,45,40,43,20.74,0,Sunny,0,20.22,Autumn
2023-11-02,S001,P0009,USB-C Hub 7-port,Electronics,West,71,36,39,35,20.74,0,Rainy,0,21.98,Autumn
2023-11-03,S001,P0009,USB-C Hub 7-port,Electronics,West,157,41,39,39,20.74,0,Windy,0,22.15,Autumn
2023-11-04,S001,P0009,USB-C Hub 7-port,Electronics,West,97,39,50,35,20.74,0,Windy,0,19.89,Autumn
2023-11-05,S001,P0009,USB-C Hub 7-port,Electronics,West,153,43,48,42,20.74,5,Cloudy,0,19.15,Autumn
2023-11-06,S001,P0009,USB-C Hub 7-port,Electronics,West,79,44,54,44,20.74,10,Windy,0,19.76,Autumn
2023-11-07,S001,P0009,USB-C Hub 7-port,Electronics,West,170,46,49,41,20.74,5,Cloudy,0,21.29,Autumn
2023-11-08,S001,P0009,USB-C Hub 7-port,Electronics,West,120,48,45,50,20.74,5,Sunny,0,19.93,Autumn
2023-11-09,S001,P0009,USB-C Hub 7-port,Electronics,West,88,35,39,38,20.74,0,Rainy,0,19.53,Autumn
2023-11-10,S001,P0009,USB-C Hub 7-port,Electronics,West,71,32,44,30,20.74,10,Rainy,0,22.44,Autumn
2023-11-11,S001,P0009,USB-C Hub 7-port,Electronics,West,135,37,30,39,20.74,15,Cloudy,0,20.05,Autumn
2023-11-12,S001,P0009,USB-C Hub 7-port,Electronics,West,133,43,58,45,20.74,0,Rainy,0,20.44,Autumn
2023-11-13,S001,P0009,USB-C Hub 7-port,Electronics,West,100,51,53,53,20.74,5,Windy,0,21.91,Autumn
2023-11-14,S001,P0009,USB-C Hub 7-port,Electronics,West,120,49,61,45,20.74,5,Rainy,0,22.73,Autumn
2023-11-15,S001,P0009,USB-C Hub 7-port,Electronics,West,185,50,66,50,20.74,15,Rainy,0,22.07,Autumn
2023-11-16,S001,P0009,USB-C Hub 7-port,Electronics,West,137,38,34,40,20.74,0,Cloudy,0,20.91,Autumn
2023-11-17,S001,P0009,USB-C Hub 7-port,Electronics,West,103,38,44,41,20.74,10,Cloudy,0,19.58,Autumn
2023-11-18,S001,P0009,USB-C Hub 7-port,Electronics,West,113,38,44,38,20.74,0,Cloudy,0,18.82,Autumn
2023-11-19,S001,P0009,USB-C Hub 7-port,Electronics,West,171,46,55,42,20.74,0,Sunny,0,19.34,Autumn
2023-11-20,S001,P0009,USB-C Hub 7-port,Electronics,West,181,55,65,56,20.74,10,Sunny,0,22.23,Autumn
2023-11-21,S001,P0009,USB-C Hub 7-port,Electronics,West,117,51,53,55,20.74,0,Sunny,0,20.93,Autumn
2023-11-22,S001,P0009,USB-C Hub 7-port,Electronics,West,89,46,47,47,20.74,10,Rainy,0,22.76,Autumn
2023-11-23,S001,P0009,USB-C Hub 7-port,Electronics,West,97,37,49,38,20.74,0,Rainy,0,19.73,Autumn
2023-11-24,S001,P0009,USB-C Hub 7-port,Electronics,West,138,57,54,60,20.74,0,Rainy,1,21.66,Autumn
2023-11-25,S001,P0009,USB-C Hub 7-port,Electronics,West,102,53,52,55,20.74,10,Cloudy,1,19.27,Autumn
2023-11-26,S001,P0009,USB-C Hub 7-port,Electronics,West,157,80,67,77,20.74,0,Sunny,1,22.3,Autumn
2023-11-27,S001,P0009,USB-C Hub 7-port,Electronics,West,241,83,94,83,20.74,0,Sunny,1,18.74,Autumn
2023-11-28,S001,P0009,USB-C Hub 7-port,Electronics,West,252,91,125,89,20.74,0,Rainy,1,20.63,Autumn
2023-11-29,S001,P0009,USB-C Hub 7-port,Electronics,West,317,92,116,92,20.74,20,Sunny,1,21.08,Autumn
2023-11-30,S001,P0009,USB-C Hub 7-port,Electronics,West,156,45,46,49,20.74,5,Windy,0,22.76,Autumn
2023-12-01,S001,P0009,USB-C Hub 7-port,Electronics,West,71,35,44,33,20.74,5,Rainy,0,19.03,Winter
2023-12-02,S001,P0009,USB-C Hub 7-port,Electronics,West,152,39,33,40,20.74,10,Rainy,0,22.24,Winter
2023-12-03,S001,P0009,USB-C Hub 7-port,Electronics,West,101,48,49,51,20.74,0,Sunny,0,19.23,Winter
2023-12-04,S001,P0009,USB-C Hub 7-port,Electronics,West,136,51,42,52,20.74,0,Cloudy,0,18.77,Winter
2023-12-05,S001,P0009,USB-C Hub 7-port,Electronics,West,173,52,68,48,20.74,10,Sunny,0,21.91,Winter
2023-12-06,S001,P0009,USB-C Hub 7-port,Electronics,West,91,50,42,51,20.74,5,Rainy,0,20.73,Winter
2023-12-07,S001,P0009,USB-C Hub 7-port,Electronics,West,168,47,58,51,20.74,15,Sunny,0,19.05,Winter
2023-12-08,S001,P0009,USB-C Hub 7-port,Electronics,West,148,42,42,45,20.74,0,Rainy,0,19.16,Winter
2023-12-09,S001,P0009,USB-C Hub 7-port,Electronics,West,133,39,51,41,20.74,0,Sunny,0,20.25,Winter
2023-12-10,S001,P0009,USB-C Hub 7-port,Electronics,West,186,49,46,49,20.74,5,Sunny,0,19.26,Winter
2023-12-11,S001,P0009,USB-C Hub 7-port,Electronics,West,100,55,76,50,20.74,10,Windy,0,21.89,Winter
2023-12-12,S001,P0009,USB-C Hub 7-port,Electronics,West,113,53,61,54,20.74,0,Rainy,0,21.65,Winter
2023-12-13,S001,P0009,USB-C Hub 7-port,Electronics,West,98,51,69,47,20.74,5,Windy,0,22.48,Winter
2023-12-14,S001,P0009,USB-C Hub 7-port,Electronics,West,78,41,38,41,20.74,15,Rainy,0,20.06,Winter
2023-12-15,S001,P0009,USB-C Hub 7-port,Electronics,West,120,43,41,42,20.74,10,Sunny,0,21.92,Winter
2023-12-16,S001,P0009,USB-C Hub 7-port,Electronics,West,82,47,47,48,20.74,0,Rainy,0,21.82,Winter
2023-12-17,S001,P0009,USB-C Hub 7-port,Electronics,West,187,48,53,51,20.74,15,Rainy,0,20.99,Winter
2023-12-18,S001,P0009,USB-C Hub 7-port,Electronics,West,184,54,68,51,20.74,5,Cloudy,0,22.34,Winter
2023-12-19,S001,P0009,USB-C Hub 7-port,Electronics,West,239,62,66,68,20.74,15,Windy,0,21.38,Winter
2023-12-20,S001,P0009,USB-C Hub 7-port,Electronics,West,439,122,153,124,20.74,0,Windy,1,22.8,Winter
2023-12-21,S001,P0009,USB-C Hub 7-port,Electronics,West,251,81,80,80,20.74,0,Cloudy,1,20.05,Winter
2023-12-22,S001,P0009,USB-C Hub 7-port,Electronics,West,141,86,70,89,20.74,0,Cloudy,1,19.96,Winter
2023-12-23,S001,P0009,USB-C Hub 7-port,Electronics,West,114,67,61,60,20.74,0,Sunny,1,21.02,Winter
2023-12-24,S001,P0009,USB-C Hub 7-port,Electronics,West,271,96,83,99,20.74,0,Windy,1,22.69,Winter
2023-12-25,S001,P0009,USB-C Hub 7-port,Electronics,West,214,114,134,106,20.74,0,Sunny,1,21.45,Winter
2023-12-26,S001,P0009,USB-C Hub 7-port,Electronics,West,177,87,112,80,20.74,5,Sunny,1,20.05,Winter
2023-12-27,S001,P0009,USB-C Hub 7-port,Electronics,West,270,89,103,92,20.74,10,Cloudy,1,22.29,Winter
2023-12-28,S001,P0009,USB-C Hub 7-port,Electronics,West,192,77,96,73,20.74,5,Rainy,1,21.82,Winter
2023-12-29,S001,P0009,USB-C Hub 7-port,Electronics,West,180,67,83,68,20.74,0,Sunny,1,20.52,Winter
2023-12-30,S001,P0009,USB-C Hub 7-port,Electronics,West,243,61,65,55,20.74,10,Sunny,1,20.18,Winter
2023-12-31,S001,P0009,USB-C Hub 7-port,Electronics,West,154,92,121,92,20.74,0,Cloudy,1,20.31,Winter
2023-01-01,S001,P0010,Kids Puzzle 500pc,Toys,South,74,36,39,35,59.99,0,Cloudy,0,65.65,Winter
2023-01-02,S001,P0010,Kids Puzzle 500pc,Toys,South,66,39,34,35,59.99,10,Windy,0,60.34,Winter
2023-01-03,S001,P0010,Kids Puzzle 500pc,Toys,South,61,37,32,38,59.99,0,Sunny,0,54.22,Winter
2023-01-04,S001,P0010,Kids Puzzle 500pc,Toys,South,98,40,40,39,59.99,20,Rainy,0,59.03,Winter
2023-01-05,S001,P0010,Kids Puzzle 500pc,Toys,South,77,33,32,29,59.99,0,Rainy,0,62.05,Winter
2023-01-06,S001,P0010,Kids Puzzle 500pc,Toys,South,88,28,38,27,59.99,5,Windy,0,59.32,Winter
2023-01-07,S001,P0010,Kids Puzzle 500pc,Toys,South,98,32,29,30,59.99,0,Windy,0,60.11,Winter
2023-01-08,S001,P0010,Kids Puzzle 500pc,Toys,South,73,35,44,34,59.99,0,Windy,0,54.72,Winter
2023-01-09,S001,P0010,Kids Puzzle 500pc,Toys,South,171,44,52,41,59.99,15,Sunny,0,58.41,Winter
2023-01-10,S001,P0010,Kids Puzzle 500pc,Toys,South,145,42,47,44,59.99,0,Rainy,0,64.42,Winter
2023-01-11,S001,P0010,Kids Puzzle 500pc,Toys,South,106,42,45,42,59.99,0,Cloudy,0,64.72,Winter
2023-01-12,S001,P0010,Kids Puzzle 500pc,Toys,South,107,28,29,27,59.99,0,Cloudy,0,54.24,Winter
2023-01-13,S001,P0010,Kids Puzzle 500pc,Toys,South,50,30,30,28,59.99,10,Cloudy,0,62.92,Winter
2023-01-14,S001,P0010,Kids Puzzle 500pc,Toys,South,106,30,29,29,59.99,15,Sunny,0,65.08,Winter
2023-01-15,S001,P0010,Kids Puzzle 500pc,Toys,South,131,34,43,35,59.99,0,Sunny,0,63.28,Winter
2023-01-16,S001,P0010,Kids Puzzle 500pc,Toys,South,98,44,45,41,59.99,0,Windy,0,59.69,Winter
2023-01-17,S001,P0010,Kids Puzzle 500pc,Toys,South,166,45,40,42,59.99,15,Rainy,0,58.92,Winter
2023-01-18,S001,P0010,Kids Puzzle 500pc,Toys,South,106,33,41,34,59.99,0,Windy,0,64.11,Winter
2023-01-19,S001,P0010,Kids Puzzle 500pc,Toys,South,139,35,45,36,59.99,5,Cloudy,0,55.47,Winter
2023-01-20,S001,P0010,Kids Puzzle 500pc,Toys,South,70,31,32,30,59.99,10,Windy,0,55.29,Winter
2023-01-21,S001,P0010,Kids Puzzle 500pc,Toys,South,101,29,34,31,59.99,0,Cloudy,0,63.84,Winter
2023-01-22,S001,P0010,Kids Puzzle 500pc,Toys,South,117,34,38,32,59.99,0,Cloudy,0,65.13,Winter
2023-01-23,S001,P0010,Kids Puzzle 500pc,Toys,South,133,37,31,40,59.99,0,Windy,0,61.48,Winter
2023-01-24,S001,P0010,Kids Puzzle 500pc,Toys,South,148,42,46,38,59.99,0,Windy,0,63.45,Winter
2023-01-25,S001,P0010,Kids Puzzle 500pc,Toys,South,129,39,32,37,59.99,0,Windy,0,62.07,Winter
2023-01-26,S001,P0010,Kids Puzzle 500pc,Toys,South,91,35,47,37,59.99,0,Cloudy,0,60.91,Winter
2023-01-27,S001,P0010,Kids Puzzle 500pc,Toys,South,113,31,26,30,59.99,15,Rainy,0,56.28,Winter
2023-01-28,S001,P0010,Kids Puzzle 500pc,Toys,South,64,29,33,30,59.99,0,Cloudy,0,59.07,Winter
2023-01-29,S001,P0010,Kids Puzzle 500pc,Toys,South,69,37,33,34,59.99,0,Windy,0,65.7,Winter
2023-01-30,S001,P0010,Kids Puzzle 500pc,Toys,South,139,41,40,41,59.99,0,Windy,0,65.22,Winter
2023-01-31,S001,P0010,Kids Puzzle 500pc,Toys,South,151,40,38,42,59.99,0,Windy,0,54.17,Winter
2023-02-01,S001,P0010,Kids Puzzle 500pc,Toys,South,116,35,45,37,59.99,5,Cloudy,0,64.23,Winter
2023-02-02,S001,P0010,Kids Puzzle 500pc,Toys,South,72,35,28,33,59.99,0,Cloudy,0,55.41,Winter
2023-02-03,S001,P0010,Kids Puzzle 500pc,Toys,South,57,31,35,28,59.99,5,Cloudy,0,57.42,Winter
2023-02-04,S001,P0010,Kids Puzzle 500pc,Toys,South,102,33,44,36,59.99,0,Rainy,0,58.28,Winter
2023-02-05,S001,P0010,Kids Puzzle 500pc,Toys,South,106,35,47,31,59.99,15,Windy,0,54.89,Winter
2023-02-06,S001,P0010,Kids Puzzle 500pc,Toys,South,79,43,38,43,59.99,10,Sunny,0,65.48,Winter
2023-02-07,S001,P0010,Kids Puzzle 500pc,Toys,South,129,39,35,42,59.99,5,Sunny,0,57.38,Winter
2023-02-08,S001,P0010,Kids Puzzle 500pc,Toys,South,76,37,44,38,59.99,0,Sunny,0,56.53,Winter
2023-02-09,S001,P0010,Kids Puzzle 500pc,Toys,South,57,34,27,36,59.99,0,Sunny,0,55.65,Winter
2023-02-10,S001,P0010,Kids Puzzle 500pc,Toys,South,109,31,39,33,59.99,0,Rainy,0,55.9,Winter
2023-02-11,S001,P0010,Kids Puzzle 500pc,Toys,South,50,28,35,27,59.99,5,Sunny,0,54.35,Winter
2023-02-12,S001,P0010,Kids Puzzle 500pc,Toys,South,70,34,44,31,59.99,10,Rainy,0,63.47,Winter
2023-02-13,S001,P0010,Kids Puzzle 500pc,Toys,South,129,41,51,40,59.99,0,Sunny,0,58.12,Winter
2023-02-14,S001,P0010,Kids Puzzle 500pc,Toys,South,144,47,38,42,59.99,0,Sunny,0,57.44,Winter
2023-02-15,S001,P0010,Kids Puzzle 500pc,Toys,South,73,38,46,34,59.99,0,Cloudy,0,63.08,Winter
2023-02-16,S001,P0010,Kids Puzzle 500pc,Toys,South,127,35,40,35,59.99,0,Windy,0,57.75,Winter
2023-02-17,S001,P0010,Kids Puzzle 500pc,Toys,South,57,31,34,28,59.99,5,Rainy,0,61.39,Winter
2023-02-18,S001,P0010,Kids Puzzle 500pc,Toys,South,63,31,39,29,59.99,0,Cloudy,0,55.14,Winter
2023-02-19,S001,P0010,Kids Puzzle 500pc,Toys,South,145,38,46,38,59.99,0,Sunny,0,61.91,Winter
2023-02-20,S001,P0010,Kids Puzzle 500pc,Toys,South,119,38,50,38,59.99,10,Windy,0,57.17,Winter
2023-02-21,S001,P0010,Kids Puzzle 500pc,Toys,South,74,42,46,45,59.99,0,Windy,0,63.29,Winter
2023-02-22,S001,P0010,Kids Puzzle 500pc,Toys,South,165,44,54,41,59.99,5,Windy,0,59.98,Winter
2023-02-23,S001,P0010,Kids Puzzle 500pc,Toys,South,72,38,35,36,59.99,0,Cloudy,0,56.6,Winter
2023-02-24,S001,P0010,Kids Puzzle 500pc,Toys,South,75,32,41,29,59.99,15,Sunny,0,65.77,Winter
2023-02-25,S001,P0010,Kids Puzzle 500pc,Toys,South,128,34,37,34,59.99,10,Windy,0,59.17,Winter
2023-02-26,S001,P0010,Kids Puzzle 500pc,Toys,South,51,32,26,34,59.99,10,Cloudy,0,55.31,Winter
2023-02-27,S001,P0010,Kids Puzzle 500pc,Toys,South,79,40,40,38,59.99,10,Sunny,0,63.91,Winter
2023-02-28,S001,P0010,Kids Puzzle 500pc,Toys,South,88,43,43,45,59.99,15,Cloudy,0,55.07,Winter
2023-03-01,S001,P0010,Kids Puzzle 500pc,Toys,South,126,47,59,45,59.99,0,Rainy,0,65.6,Spring
2023-03-02,S001,P0010,Kids Puzzle 500pc,Toys,South,103,33,39,35,59.99,15,Sunny,0,61.72,Spring
2023-03-03,S001,P0010,Kids Puzzle 500pc,Toys,South,85,32,29,34,59.99,10,Sunny,0,57.47,Spring
2023-03-04,S001,P0010,Kids Puzzle 500pc,Toys,South,116,33,31,34,59.99,5,Rainy,0,54.86,Spring
2023-03-05,S001,P0010,Kids Puzzle 500pc,Toys,South,151,38,50,40,59.99,5,Sunny,0,59.52,Spring
2023-03-06,S001,P0010,Kids Puzzle 500pc,Toys,South,96,42,47,42,59.99,5,Rainy,0,60.51,Spring
2023-03-07,S001,P0010,Kids Puzzle 500pc,Toys,South,95,40,39,37,59.99,0,Windy,0,55.4,Spring
2023-03-08,S001,P0010,Kids Puzzle 500pc,Toys,South,53,32,41,30,59.99,15,Cloudy,0,64.23,Spring
2023-03-09,S001,P0010,Kids Puzzle 500pc,Toys,South,140,37,48,38,59.99,10,Rainy,0,60.58,Spring
2023-03-10,S001,P0010,Kids Puzzle 500pc,Toys,South,107,29,38,27,59.99,0,Sunny,0,62.05,Spring
2023-03-11,S001,P0010,Kids Puzzle 500pc,Toys,South,89,28,32,28,59.99,0,Sunny,0,56.94,Spring
2023-03-12,S001,P0010,Kids Puzzle 500pc,Toys,South,122,38,36,37,59.99,10,Windy,0,54.82,Spring
2023-03-13,S001,P0010,Kids Puzzle 500pc,Toys,South,159,43,37,39,59.99,5,Sunny,0,57.37,Spring
2023-03-14,S001,P0010,Kids Puzzle 500pc,Toys,South,142,46,48,49,59.99,0,Cloudy,0,59.14,Spring
2023-03-15,S001,P0010,Kids Puzzle 500pc,Toys,South,107,43,41,42,59.99,5,Cloudy,0,65.42,Spring
2023-03-16,S001,P0010,Kids Puzzle 500pc,Toys,South,90,32,37,29,59.99,0,Rainy,0,63.94,Spring
2023-03-17,S001,P0010,Kids Puzzle 500pc,Toys,South,103,28,31,26,59.99,0,Sunny,0,55.88,Spring
2023-03-18,S001,P0010,Kids Puzzle 500pc,Toys,South,109,31,35,29,59.99,10,Rainy,0,59.24,Spring
2023-03-19,S001,P0010,Kids Puzzle 500pc,Toys,South,123,39,46,38,59.99,5,Sunny,0,63.25,Spring
2023-03-20,S001,P0010,Kids Puzzle 500pc,Toys,South,76,35,37,34,59.99,5,Windy,0,63.79,Spring
2023-03-21,S001,P0010,Kids Puzzle 500pc,Toys,South,157,43,40,45,59.99,10,Rainy,0,55.99,Spring
2023-03-22,S001,P0010,Kids Puzzle 500pc,Toys,South,74,42,48,41,59.99,0,Windy,0,56.33,Spring
2023-03-23,S001,P0010,Kids Puzzle 500pc,Toys,South,124,36,47,37,59.99,5,Windy,0,61.24,Spring
2023-03-24,S001,P0010,Kids Puzzle 500pc,Toys,South,78,31,40,33,59.99,10,Windy,0,62.23,Spring
2023-03-25,S001,P0010,Kids Puzzle 500pc,Toys,South,72,33,32,30,59.99,0,Sunny,0,58.96,Spring
2023-03-26,S001,P0010,Kids Puzzle 500pc,Toys,South,107,29,34,30,59.99,0,Sunny,0,59.32,Spring
2023-03-27,S001,P0010,Kids Puzzle 500pc,Toys,South,102,46,60,42,59.99,0,Windy,0,56.7,Spring
2023-03-28,S001,P0010,Kids Puzzle 500pc,Toys,South,64,43,46,39,59.99,0,Rainy,0,64.31,Spring
2023-03-29,S001,P0010,Kids Puzzle 500pc,Toys,South,89,42,33,46,59.99,0,Windy,0,61.71,Spring
2023-03-30,S001,P0010,Kids Puzzle 500pc,Toys,South,110,30,26,31,59.99,5,Rainy,0,63.67,Spring
2023-03-31,S001,P0010,Kids Puzzle 500pc,Toys,South,47,26,29,23,59.99,0,Sunny,0,58.83,Spring
2023-04-01,S001,P0010,Kids Puzzle 500pc,Toys,South,114,35,38,35,59.99,0,Cloudy,0,59.68,Spring
2023-04-02,S001,P0010,Kids Puzzle 500pc,Toys,South,90,33,44,32,59.99,0,Windy,0,64.0,Spring
2023-04-03,S001,P0010,Kids Puzzle 500pc,Toys,South,82,40,34,40,59.99,5,Rainy,0,62.72,Spring
2023-04-04,S001,P0010,Kids Puzzle 500pc,Toys,South,139,43,34,45,59.99,10,Rainy,0,65.85,Spring
2023-04-05,S001,P0010,Kids Puzzle 500pc,Toys,South,103,40,48,40,59.99,10,Rainy,0,58.04,Spring
2023-04-06,S001,P0010,Kids Puzzle 500pc,Toys,South,70,35,29,36,59.99,5,Cloudy,0,63.06,Spring
2023-04-07,S001,P0010,Kids Puzzle 500pc,Toys,South,105,30,37,31,59.99,0,Cloudy,0,59.14,Spring
2023-04-08,S001,P0010,Kids Puzzle 500pc,Toys,South,70,28,35,27,59.99,20,Windy,0,61.54,Spring
2023-04-09,S001,P0010,Kids Puzzle 500pc,Toys,South,79,37,38,34,59.99,0,Sunny,0,65.83,Spring
2023-04-10,S001,P0010,Kids Puzzle 500pc,Toys,South,81,42,52,42,59.99,5,Rainy,0,61.0,Spring
2023-04-11,S001,P0010,Kids Puzzle 500pc,Toys,South,72,36,45,37,59.99,0,Rainy,0,63.04,Spring
2023-04-12,S001,P0010,Kids Puzzle 500pc,Toys,South,144,41,43,42,59.99,0,Sunny,0,63.22,Spring
2023-04-13,S001,P0010,Kids Puzzle 500pc,Toys,South,57,27,34,27,59.99,20,Cloudy,0,57.27,Spring
2023-04-14,S001,P0010,Kids Puzzle 500pc,Toys,South,103,31,30,28,59.99,0,Windy,0,61.06,Spring
2023-04-15,S001,P0010,Kids Puzzle 500pc,Toys,South,84,28,31,29,59.99,10,Windy,0,54.38,Spring
2023-04-16,S001,P0010,Kids Puzzle 500pc,Toys,South,110,36,49,35,59.99,0,Sunny,0,63.05,Spring
2023-04-17,S001,P0010,Kids Puzzle 500pc,Toys,South,105,41,35,41,59.99,0,Windy,0,54.62,Spring
2023-04-18,S001,P0010,Kids Puzzle 500pc,Toys,South,83,40,54,38,59.99,0,Cloudy,0,58.5,Spring
2023-04-19,S001,P0010,Kids Puzzle 500pc,Toys,South,90,38,48,38,59.99,0,Cloudy,0,59.24,Spring
2023-04-20,S001,P0010,Kids Puzzle 500pc,Toys,South,46,31,40,28,59.99,10,Cloudy,0,65.36,Spring
2023-04-21,S001,P0010,Kids Puzzle 500pc,Toys,South,46,30,33,31,59.99,10,Windy,0,60.53,Spring
2023-04-22,S001,P0010,Kids Puzzle 500pc,Toys,South,91,34,28,33,59.99,0,Sunny,0,61.72,Spring
2023-04-23,S001,P0010,Kids Puzzle 500pc,Toys,South,61,31,25,33,59.99,0,Sunny,0,60.67,Spring
2023-04-24,S001,P0010,Kids Puzzle 500pc,Toys,South,103,30,35,29,59.99,5,Cloudy,0,57.02,Spring
2023-04-25,S001,P0010,Kids Puzzle 500pc,Toys,South,76,38,51,38,59.99,5,Rainy,0,56.8,Spring
2023-04-26,S001,P0010,Kids Puzzle 500pc,Toys,South,60,35,37,37,59.99,5,Sunny,0,62.43,Spring
2023-04-27,S001,P0010,Kids Puzzle 500pc,Toys,South,78,30,24,30,59.99,0,Windy,0,60.91,Spring
2023-04-28,S001,P0010,Kids Puzzle 500pc,Toys,South,47,26,20,24,59.99,0,Windy,0,59.0,Spring
2023-04-29,S001,P0010,Kids Puzzle 500pc,Toys,South,77,30,27,30,59.99,0,Sunny,0,63.76,Spring
2023-04-30,S001,P0010,Kids Puzzle 500pc,Toys,South,68,30,33,28,59.99,0,Rainy,0,59.42,Spring
2023-05-01,S001,P0010,Kids Puzzle 500pc,Toys,South,138,39,51,38,59.99,0,Cloudy,0,59.36,Spring
2023-05-02,S001,P0010,Kids Puzzle 500pc,Toys,South,113,41,57,43,59.99,20,Sunny,0,56.74,Spring
2023-05-03,S001,P0010,Kids Puzzle 500pc,Toys,South,126,36,35,37,59.99,0,Cloudy,0,60.47,Spring
2023-05-04,S001,P0010,Kids Puzzle 500pc,Toys,South,104,31,25,29,59.99,10,Cloudy,0,63.63,Spring
2023-05-05,S001,P0010,Kids Puzzle 500pc,Toys,South,83,29,37,28,59.99,10,Rainy,0,54.66,Spring
2023-05-06,S001,P0010,Kids Puzzle 500pc,Toys,South,78,28,35,27,59.99,15,Windy,0,57.96,Spring
2023-05-07,S001,P0010,Kids Puzzle 500pc,Toys,South,59,32,39,30,59.99,0,Rainy,0,57.61,Spring
2023-05-08,S001,P0010,Kids Puzzle 500pc,Toys,South,98,38,43,39,59.99,0,Windy,0,59.07,Spring
2023-05-09,S001,P0010,Kids Puzzle 500pc,Toys,South,74,40,44,43,59.99,0,Rainy,0,59.52,Spring
2023-05-10,S001,P0010,Kids Puzzle 500pc,Toys,South,69,37,45,38,59.99,15,Windy,0,61.94,Spring
2023-05-11,S001,P0010,Kids Puzzle 500pc,Toys,South,87,26,28,26,59.99,0,Rainy,0,54.6,Spring
2023-05-12,S001,P0010,Kids Puzzle 500pc,Toys,South,98,26,25,25,59.99,0,Sunny,0,61.58,Spring
2023-05-13,S001,P0010,Kids Puzzle 500pc,Toys,South,95,25,28,23,59.99,10,Sunny,0,54.84,Spring
2023-05-14,S001,P0010,Kids Puzzle 500pc,Toys,South,100,33,45,30,59.99,0,Cloudy,0,62.0,Spring
2023-05-15,S001,P0010,Kids Puzzle 500pc,Toys,South,118,38,40,36,59.99,5,Cloudy,0,59.78,Spring
2023-05-16,S001,P0010,Kids Puzzle 500pc,Toys,South,117,36,32,35,59.99,0,Windy,0,60.37,Spring
2023-05-17,S001,P0010,Kids Puzzle 500pc,Toys,South,122,32,30,33,59.99,0,Windy,0,55.31,Spring
2023-05-18,S001,P0010,Kids Puzzle 500pc,Toys,South,58,30,31,32,59.99,15,Windy,0,57.16,Spring
2023-05-19,S001,P0010,Kids Puzzle 500pc,Toys,South,37,25,24,25,59.99,0,Rainy,0,59.81,Spring
2023-05-20,S001,P0010,Kids Puzzle 500pc,Toys,South,98,29,39,29,59.99,15,Cloudy,0,60.78,Spring
2023-05-21,S001,P0010,Kids Puzzle 500pc,Toys,South,70,35,45,36,59.99,0,Cloudy,0,57.9,Spring
2023-05-22,S001,P0010,Kids Puzzle 500pc,Toys,South,78,38,43,36,59.99,0,Rainy,0,60.33,Spring
2023-05-23,S001,P0010,Kids Puzzle 500pc,Toys,South,124,37,49,39,59.99,0,Windy,0,59.93,Spring
2023-05-24,S001,P0010,Kids Puzzle 500pc,Toys,South,116,37,47,40,59.99,0,Cloudy,0,62.01,Spring
2023-05-25,S001,P0010,Kids Puzzle 500pc,Toys,South,49,29,27,26,59.99,0,Cloudy,0,60.1,Spring
2023-05-26,S001,P0010,Kids Puzzle 500pc,Toys,South,76,24,28,22,59.99,0,Rainy,0,56.24,Spring
2023-05-27,S001,P0010,Kids Puzzle 500pc,Toys,South,98,25,20,24,59.99,0,Rainy,0,61.64,Spring
2023-05-28,S001,P0010,Kids Puzzle 500pc,Toys,South,71,29,35,29,59.99,0,Rainy,0,64.63,Spring
2023-05-29,S001,P0010,Kids Puzzle 500pc,Toys,South,90,34,32,30,59.99,0,Rainy,0,65.74,Spring
2023-05-30,S001,P0010,Kids Puzzle 500pc,Toys,South,73,36,37,34,59.99,10,Windy,0,58.2,Spring
2023-05-31,S001,P0010,Kids Puzzle 500pc,Toys,South,58,29,29,31,59.99,15,Rainy,0,64.61,Spring
2023-06-01,S001,P0010,Kids Puzzle 500pc,Toys,South,73,27,35,27,59.99,0,Rainy,0,61.92,Summer
2023-06-02,S001,P0010,Kids Puzzle 500pc,Toys,South,69,25,22,24,59.99,15,Rainy,0,62.74,Summer
2023-06-03,S001,P0010,Kids Puzzle 500pc,Toys,South,61,27,32,26,59.99,0,Cloudy,0,58.22,Summer
2023-06-04,S001,P0010,Kids Puzzle 500pc,Toys,South,83,29,24,28,59.99,10,Windy,0,54.34,Summer
2023-06-05,S001,P0010,Kids Puzzle 500pc,Toys,South,113,34,28,33,59.99,10,Cloudy,0,57.41,Summer
2023-06-06,S001,P0010,Kids Puzzle 500pc,Toys,South,58,31,24,31,59.99,15,Windy,0,56.86,Summer
2023-06-07,S001,P0010,Kids Puzzle 500pc,Toys,South,92,29,35,30,59.99,15,Rainy,0,62.95,Summer
2023-06-08,S001,P0010,Kids Puzzle 500pc,Toys,South,96,27,30,26,59.99,5,Rainy,0,59.59,Summer
2023-06-09,S001,P0010,Kids Puzzle 500pc,Toys,South,58,25,26,24,59.99,0,Windy,0,63.96,Summer
2023-06-10,S001,P0010,Kids Puzzle 500pc,Toys,South,58,25,34,27,59.99,10,Sunny,0,64.27,Summer
2023-06-11,S001,P0010,Kids Puzzle 500pc,Toys,South,65,27,29,28,59.99,0,Rainy,0,62.13,Summer
2023-06-12,S001,P0010,Kids Puzzle 500pc,Toys,South,123,32,36,34,59.99,10,Rainy,0,63.77,Summer
2023-06-13,S001,P0010,Kids Puzzle 500pc,Toys,South,130,37,32,34,59.99,0,Cloudy,0,59.13,Summer
2023-06-14,S001,P0010,Kids Puzzle 500pc,Toys,South,124,32,32,30,59.99,0,Windy,0,54.92,Summer
2023-06-15,S001,P0010,Kids Puzzle 500pc,Toys,South,51,26,21,27,59.99,5,Cloudy,0,60.94,Summer
2023-06-16,S001,P0010,Kids Puzzle 500pc,Toys,South,60,22,25,21,59.99,0,Cloudy,0,58.04,Summer
2023-06-17,S001,P0010,Kids Puzzle 500pc,Toys,South,40,23,19,22,59.99,0,Sunny,0,56.67,Summer
2023-06-18,S001,P0010,Kids Puzzle 500pc,Toys,South,98,28,29,28,59.99,0,Sunny,0,60.99,Summer
2023-06-19,S001,P0010,Kids Puzzle 500pc,Toys,South,71,32,32,32,59.99,0,Cloudy,0,55.63,Summer
2023-06-20,S001,P0010,Kids Puzzle 500pc,Toys,South,113,34,28,36,59.99,15,Cloudy,0,56.04,Summer
2023-06-21,S001,P0010,Kids Puzzle 500pc,Toys,South,59,31,42,29,59.99,0,Sunny,0,61.71,Summer
2023-06-22,S001,P0010,Kids Puzzle 500pc,Toys,South,60,25,21,26,59.99,5,Windy,0,58.73,Summer
2023-06-23,S001,P0010,Kids Puzzle 500pc,Toys,South,35,22,27,22,59.99,5,Rainy,0,59.95,Summer
2023-06-24,S001,P0010,Kids Puzzle 500pc,Toys,South,63,27,22,28,59.99,0,Rainy,0,54.53,Summer
2023-06-25,S001,P0010,Kids Puzzle 500pc,Toys,South,41,26,23,26,59.99,0,Cloudy,0,59.04,Summer
2023-06-26,S001,P0010,Kids Puzzle 500pc,Toys,South,82,28,32,29,59.99,0,Rainy,0,63.82,Summer
2023-06-27,S001,P0010,Kids Puzzle 500pc,Toys,South,101,28,37,28,59.99,10,Rainy,0,62.72,Summer
2023-06-28,S001,P0010,Kids Puzzle 500pc,Toys,South,69,29,39,29,59.99,0,Rainy,0,54.61,Summer
2023-06-29,S001,P0010,Kids Puzzle 500pc,Toys,South,51,27,27,27,59.99,0,Rainy,0,59.88,Summer
2023-06-30,S001,P0010,Kids Puzzle 500pc,Toys,South,54,21,17,20,59.99,0,Rainy,0,61.75,Summer
2023-07-01,S001,P0010,Kids Puzzle 500pc,Toys,South,94,25,29,23,59.99,0,Windy,0,55.15,Summer
2023-07-02,S001,P0010,Kids Puzzle 500pc,Toys,South,102,27,32,28,59.99,0,Cloudy,0,61.46,Summer
2023-07-03,S001,P0010,Kids Puzzle 500pc,Toys,South,123,33,27,30,59.99,15,Rainy,0,58.08,Summer
2023-07-04,S001,P0010,Kids Puzzle 500pc,Toys,South,64,30,38,27,59.99,5,Cloudy,0,63.49,Summer
2023-07-05,S001,P0010,Kids Puzzle 500pc,Toys,South,40,27,35,26,59.99,0,Sunny,0,64.53,Summer
2023-07-06,S001,P0010,Kids Puzzle 500pc,Toys,South,53,25,21,22,59.99,0,Rainy,0,65.34,Summer
2023-07-07,S001,P0010,Kids Puzzle 500pc,Toys,South,55,23,27,24,59.99,10,Rainy,0,54.16,Summer
2023-07-08,S001,P0010,Kids Puzzle 500pc,Toys,South,72,22,19,21,59.99,10,Sunny,0,55.92,Summer
2023-07-09,S001,P0010,Kids Puzzle 500pc,Toys,South,84,27,26,28,59.99,5,Sunny,0,62.47,Summer
2023-07-10,S001,P0010,Kids Puzzle 500pc,Toys,South,81,31,30,29,59.99,5,Cloudy,0,62.94,Summer
2023-07-11,S001,P0010,Kids Puzzle 500pc,Toys,South,61,28,38,29,59.99,5,Rainy,0,55.94,Summer
2023-07-12,S001,P0010,Kids Puzzle 500pc,Toys,South,47,27,37,27,59.99,5,Sunny,0,54.78,Summer
2023-07-13,S001,P0010,Kids Puzzle 500pc,Toys,South,47,23,25,21,59.99,0,Rainy,0,62.64,Summer
2023-07-14,S001,P0010,Kids Puzzle 500pc,Toys,South,41,21,21,22,59.99,15,Windy,0,58.48,Summer
2023-07-15,S001,P0010,Kids Puzzle 500pc,Toys,South,91,23,29,24,59.99,0,Cloudy,0,61.02,Summer
2023-07-16,S001,P0010,Kids Puzzle 500pc,Toys,South,65,25,21,26,59.99,0,Cloudy,0,58.68,Summer
2023-07-17,S001,P0010,Kids Puzzle 500pc,Toys,South,91,25,31,23,59.99,5,Cloudy,0,59.94,Summer
2023-07-18,S001,P0010,Kids Puzzle 500pc,Toys,South,48,30,35,31,59.99,0,Rainy,0,65.29,Summer
2023-07-19,S001,P0010,Kids Puzzle 500pc,Toys,South,64,26,23,28,59.99,0,Sunny,0,65.48,Summer
2023-07-20,S001,P0010,Kids Puzzle 500pc,Toys,South,48,24,27,23,59.99,0,Windy,0,58.16,Summer
2023-07-21,S001,P0010,Kids Puzzle 500pc,Toys,South,37,22,22,23,59.99,0,Rainy,0,63.12,Summer
2023-07-22,S001,P0010,Kids Puzzle 500pc,Toys,South,63,19,19,17,59.99,0,Rainy,0,58.73,Summer
2023-07-23,S001,P0010,Kids Puzzle 500pc,Toys,South,87,24,31,22,59.99,0,Sunny,0,58.36,Summer
2023-07-24,S001,P0010,Kids Puzzle 500pc,Toys,South,93,30,37,31,59.99,0,Rainy,0,55.78,Summer
2023-07-25,S001,P0010,Kids Puzzle 500pc,Toys,South,42,27,23,24,59.99,5,Windy,0,58.0,Summer
2023-07-26,S001,P0010,Kids Puzzle 500pc,Toys,South,94,29,28,26,59.99,0,Sunny,0,65.35,Summer
2023-07-27,S001,P0010,Kids Puzzle 500pc,Toys,South,45,25,25,23,59.99,15,Sunny,0,58.26,Summer
2023-07-28,S001,P0010,Kids Puzzle 500pc,Toys,South,69,21,25,19,59.99,0,Windy,0,57.85,Summer
2023-07-29,S001,P0010,Kids Puzzle 500pc,Toys,South,45,21,20,22,59.99,0,Windy,0,62.3,Summer
2023-07-30,S001,P0010,Kids Puzzle 500pc,Toys,South,58,21,21,21,59.99,5,Windy,0,55.39,Summer
2023-07-31,S001,P0010,Kids Puzzle 500pc,Toys,South,54,30,37,30,59.99,0,Cloudy,0,59.7,Summer
2023-08-01,S001,P0010,Kids Puzzle 500pc,Toys,South,61,34,35,35,59.99,10,Cloudy,0,61.88,Summer
2023-08-02,S001,P0010,Kids Puzzle 500pc,Toys,South,63,31,42,30,59.99,0,Sunny,0,63.32,Summer
2023-08-03,S001,P0010,Kids Puzzle 500pc,Toys,South,35,23,24,21,59.99,15,Windy,0,57.28,Summer
2023-08-04,S001,P0010,Kids Puzzle 500pc,Toys,South,46,19,19,19,59.99,0,Sunny,0,57.26,Summer
2023-08-05,S001,P0010,Kids Puzzle 500pc,Toys,South,73,23,18,24,59.99,0,Cloudy,0,58.06,Summer
2023-08-06,S001,P0010,Kids Puzzle 500pc,Toys,South,85,25,27,25,59.99,5,Sunny,0,54.35,Summer
2023-08-07,S001,P0010,Kids Puzzle 500pc,Toys,South,114,30,39,30,59.99,0,Windy,0,56.74,Summer
2023-08-08,S001,P0010,Kids Puzzle 500pc,Toys,South,109,30,36,28,59.99,0,Cloudy,0,63.36,Summer
2023-08-09,S001,P0010,Kids Puzzle 500pc,Toys,South,105,27,28,26,59.99,5,Sunny,0,57.48,Summer
2023-08-10,S001,P0010,Kids Puzzle 500pc,Toys,South,57,25,21,24,59.99,0,Sunny,0,63.77,Summer
2023-08-11,S001,P0010,Kids Puzzle 500pc,Toys,South,58,22,26,20,59.99,0,Sunny,0,60.37,Summer
2023-08-12,S001,P0010,Kids Puzzle 500pc,Toys,South,62,21,22,22,59.99,10,Sunny,0,63.84,Summer
2023-08-13,S001,P0010,Kids Puzzle 500pc,Toys,South,69,23,25,22,59.99,0,Windy,0,59.21,Summer
2023-08-14,S001,P0010,Kids Puzzle 500pc,Toys,South,54,24,32,26,59.99,10,Rainy,0,55.46,Summer
2023-08-15,S001,P0010,Kids Puzzle 500pc,Toys,South,55,29,36,26,59.99,20,Cloudy,0,56.82,Summer
2023-08-16,S001,P0010,Kids Puzzle 500pc,Toys,South,56,25,33,23,59.99,0,Sunny,0,62.29,Summer
2023-08-17,S001,P0010,Kids Puzzle 500pc,Toys,South,59,24,30,21,59.99,20,Sunny,0,63.88,Summer
2023-08-18,S001,P0010,Kids Puzzle 500pc,Toys,South,74,20,23,21,59.99,10,Windy,0,62.78,Summer
2023-08-19,S001,P0010,Kids Puzzle 500pc,Toys,South,45,21,28,22,59.99,10,Cloudy,0,64.39,Summer
2023-08-20,S001,P0010,Kids Puzzle 500pc,Toys,South,93,26,25,28,59.99,0,Rainy,0,61.42,Summer
2023-08-21,S001,P0010,Kids Puzzle 500pc,Toys,South,95,29,29,31,59.99,0,Sunny,0,64.46,Summer
2023-08-22,S001,P0010,Kids Puzzle 500pc,Toys,South,102,29,35,28,59.99,0,Rainy,0,56.51,Summer
2023-08-23,S001,P0010,Kids Puzzle 500pc,Toys,South,83,30,33,29,59.99,0,Cloudy,0,65.4,Summer
2023-08-24,S001,P0010,Kids Puzzle 500pc,Toys,South,87,24,30,25,59.99,0,Windy,0,56.27,Summer
2023-08-25,S001,P0010,Kids Puzzle 500pc,Toys,South,67,20,25,18,59.99,15,Rainy,0,60.64,Summer
2023-08-26,S001,P0010,Kids Puzzle 500pc,Toys,South,65,21,26,19,59.99,0,Sunny,0,54.51,Summer
2023-08-27,S001,P0010,Kids Puzzle 500pc,Toys,South,56,27,22,26,59.99,0,Sunny,0,62.09,Summer
2023-08-28,S001,P0010,Kids Puzzle 500pc,Toys,South,68,29,24,30,59.99,10,Cloudy,0,57.01,Summer
2023-08-29,S001,P0010,Kids Puzzle 500pc,Toys,South,105,27,27,29,59.99,0,Cloudy,0,57.03,Summer
2023-08-30,S001,P0010,Kids Puzzle 500pc,Toys,South,54,29,36,29,59.99,0,Sunny,0,65.6,Summer
2023-08-31,S001,P0010,Kids Puzzle 500pc,Toys,South,44,25,30,23,59.99,5,Rainy,0,60.97,Summer
2023-09-01,S001,P0010,Kids Puzzle 500pc,Toys,South,61,23,22,23,59.99,15,Sunny,0,57.68,Autumn
2023-09-02,S001,P0010,Kids Puzzle 500pc,Toys,South,51,24,19,24,59.99,5,Sunny,0,58.81,Autumn
2023-09-03,S001,P0010,Kids Puzzle 500pc,Toys,South,115,29,25,26,59.99,0,Windy,0,55.55,Autumn
2023-09-04,S001,P0010,Kids Puzzle 500pc,Toys,South,104,33,36,31,59.99,15,Windy,0,58.3,Autumn
2023-09-05,S001,P0010,Kids Puzzle 500pc,Toys,South,50,31,39,33,59.99,10,Rainy,0,54.64,Autumn
2023-09-06,S001,P0010,Kids Puzzle 500pc,Toys,South,89,27,21,29,59.99,10,Rainy,0,55.58,Autumn
2023-09-07,S001,P0010,Kids Puzzle 500pc,Toys,South,35,21,19,21,59.99,20,Cloudy,0,56.21,Autumn
2023-09-08,S001,P0010,Kids Puzzle 500pc,Toys,South,74,21,17,21,59.99,0,Sunny,0,60.98,Autumn
2023-09-09,S001,P0010,Kids Puzzle 500pc,Toys,South,56,23,22,25,59.99,5,Cloudy,0,65.06,Autumn
2023-09-10,S001,P0010,Kids Puzzle 500pc,Toys,South,92,26,35,25,59.99,10,Windy,0,64.87,Autumn
2023-09-11,S001,P0010,Kids Puzzle 500pc,Toys,South,46,26,28,25,59.99,0,Cloudy,0,60.44,Autumn
2023-09-12,S001,P0010,Kids Puzzle 500pc,Toys,South,110,30,30,28,59.99,5,Cloudy,0,62.41,Autumn
2023-09-13,S001,P0010,Kids Puzzle 500pc,Toys,South,103,29,28,26,59.99,5,Cloudy,0,54.52,Autumn
2023-09-14,S001,P0010,Kids Puzzle 500pc,Toys,South,50,22,23,23,59.99,5,Windy,0,59.03,Autumn
2023-09-15,S001,P0010,Kids Puzzle 500pc,Toys,South,74,22,17,21,59.99,0,Windy,0,59.24,Autumn
2023-09-16,S001,P0010,Kids Puzzle 500pc,Toys,South,56,23,23,22,59.99,5,Rainy,0,64.64,Autumn
2023-09-17,S001,P0010,Kids Puzzle 500pc,Toys,South,107,28,28,27,59.99,0,Windy,0,58.65,Autumn
2023-09-18,S001,P0010,Kids Puzzle 500pc,Toys,South,127,34,44,34,59.99,5,Rainy,0,62.59,Autumn
2023-09-19,S001,P0010,Kids Puzzle 500pc,Toys,South,103,30,27,27,59.99,0,Windy,0,56.57,Autumn
2023-09-20,S001,P0010,Kids Puzzle 500pc,Toys,South,50,29,23,30,59.99,10,Rainy,0,60.0,Autumn
2023-09-21,S001,P0010,Kids Puzzle 500pc,Toys,South,52,25,21,22,59.99,20,Sunny,0,55.2,Autumn
2023-09-22,S001,P0010,Kids Puzzle 500pc,Toys,South,38,23,31,23,59.99,10,Cloudy,0,62.35,Autumn
2023-09-23,S001,P0010,Kids Puzzle 500pc,Toys,South,41,24,24,24,59.99,0,Rainy,0,57.95,Autumn
2023-09-24,S001,P0010,Kids Puzzle 500pc,Toys,South,114,29,27,26,59.99,0,Rainy,0,58.3,Autumn
2023-09-25,S001,P0010,Kids Puzzle 500pc,Toys,South,66,26,30,26,59.99,0,Windy,0,55.87,Autumn
2023-09-26,S001,P0010,Kids Puzzle 500pc,Toys,South,111,32,29,30,59.99,0,Rainy,0,59.46,Autumn
2023-09-27,S001,P0010,Kids Puzzle 500pc,Toys,South,57,30,40,28,59.99,10,Rainy,0,57.42,Autumn
2023-09-28,S001,P0010,Kids Puzzle 500pc,Toys,South,58,24,31,23,59.99,10,Windy,0,64.44,Autumn
2023-09-29,S001,P0010,Kids Puzzle 500pc,Toys,South,56,19,18,18,59.99,10,Rainy,0,65.09,Autumn
2023-09-30,S001,P0010,Kids Puzzle 500pc,Toys,South,46,23,19,21,59.99,0,Windy,0,57.47,Autumn
2023-10-01,S001,P0010,Kids Puzzle 500pc,Toys,South,45,26,34,28,59.99,10,Windy,0,59.46,Autumn
2023-10-02,S001,P0010,Kids Puzzle 500pc,Toys,South,70,35,43,35,59.99,5,Cloudy,0,55.34,Autumn
2023-10-03,S001,P0010,Kids Puzzle 500pc,Toys,South,74,33,29,36,59.99,15,Rainy,0,54.71,Autumn
2023-10-04,S001,P0010,Kids Puzzle 500pc,Toys,South,64,28,29,29,59.99,0,Sunny,0,58.38,Autumn
2023-10-05,S001,P0010,Kids Puzzle 500pc,Toys,South,33,22,22,23,59.99,5,Sunny,0,62.88,Autumn
2023-10-06,S001,P0010,Kids Puzzle 500pc,Toys,South,65,24,31,25,59.99,0,Windy,0,62.52,Autumn
2023-10-07,S001,P0010,Kids Puzzle 500pc,Toys,South,42,25,21,22,59.99,0,Rainy,0,54.27,Autumn
2023-10-08,S001,P0010,Kids Puzzle 500pc,Toys,South,83,28,32,28,59.99,0,Cloudy,0,56.7,Autumn
2023-10-09,S001,P0010,Kids Puzzle 500pc,Toys,South,130,33,35,35,59.99,5,Cloudy,0,61.47,Autumn
2023-10-10,S001,P0010,Kids Puzzle 500pc,Toys,South,103,32,42,31,59.99,0,Cloudy,0,63.08,Autumn
2023-10-11,S001,P0010,Kids Puzzle 500pc,Toys,South,114,33,26,29,59.99,15,Windy,0,62.74,Autumn
2023-10-12,S001,P0010,Kids Puzzle 500pc,Toys,South,62,28,35,29,59.99,20,Windy,0,64.28,Autumn
2023-10-13,S001,P0010,Kids Puzzle 500pc,Toys,South,38,21,25,21,59.99,5,Windy,0,56.49,Autumn
2023-10-14,S001,P0010,Kids Puzzle 500pc,Toys,South,40,22,23,22,59.99,15,Cloudy,0,65.65,Autumn
2023-10-15,S001,P0010,Kids Puzzle 500pc,Toys,South,74,33,27,31,59.99,5,Windy,0,63.82,Autumn
2023-10-16,S001,P0010,Kids Puzzle 500pc,Toys,South,61,35,46,31,59.99,0,Cloudy,0,54.03,Autumn
2023-10-17,S001,P0010,Kids Puzzle 500pc,Toys,South,51,31,28,34,59.99,0,Rainy,0,63.16,Autumn
2023-10-18,S001,P0010,Kids Puzzle 500pc,Toys,South,45,28,36,27,59.99,5,Windy,0,55.17,Autumn
2023-10-19,S001,P0010,Kids Puzzle 500pc,Toys,South,74,27,21,25,59.99,0,Cloudy,0,59.56,Autumn
2023-10-20,S001,P0010,Kids Puzzle 500pc,Toys,South,64,22,20,22,59.99,0,Cloudy,0,56.86,Autumn
2023-10-21,S001,P0010,Kids Puzzle 500pc,Toys,South,76,25,29,22,59.99,0,Windy,0,63.79,Autumn
2023-10-22,S001,P0010,Kids Puzzle 500pc,Toys,South,82,29,30,31,59.99,0,Rainy,0,59.26,Autumn
2023-10-23,S001,P0010,Kids Puzzle 500pc,Toys,South,106,34,38,32,59.99,15,Cloudy,0,55.57,Autumn
2023-10-24,S001,P0010,Kids Puzzle 500pc,Toys,South,84,38,45,40,59.99,0,Rainy,0,65.13,Autumn
2023-10-25,S001,P0010,Kids Puzzle 500pc,Toys,South,133,36,47,38,59.99,0,Windy,0,57.2,Autumn
2023-10-26,S001,P0010,Kids Puzzle 500pc,Toys,South,80,27,33,25,59.99,15,Rainy,0,55.88,Autumn
2023-10-27,S001,P0010,Kids Puzzle 500pc,Toys,South,63,23,24,24,59.99,0,Cloudy,0,54.95,Autumn
2023-10-28,S001,P0010,Kids Puzzle 500pc,Toys,South,51,27,28,28,59.99,0,Sunny,0,65.91,Autumn
2023-10-29,S001,P0010,Kids Puzzle 500pc,Toys,South,73,34,42,32,59.99,0,Cloudy,0,60.99,Autumn
2023-10-30,S001,P0010,Kids Puzzle 500pc,Toys,South,53,34,47,37,59.99,15,Rainy,0,54.26,Autumn
2023-10-31,S001,P0010,Kids Puzzle 500pc,Toys,South,95,38,36,41,59.99,0,Windy,0,57.15,Autumn
2023-11-01,S001,P0010,Kids Puzzle 500pc,Toys,South,91,31,40,31,59.99,0,Sunny,0,61.81,Autumn
2023-11-02,S001,P0010,Kids Puzzle 500pc,Toys,South,95,29,30,28,59.99,0,Cloudy,0,65.69,Autumn
2023-11-03,S001,P0010,Kids Puzzle 500pc,Toys,South,77,24,25,21,59.99,10,Rainy,0,60.45,Autumn
2023-11-04,S001,P0010,Kids Puzzle 500pc,Toys,South,88,27,31,25,59.99,5,Rainy,0,55.07,Autumn
2023-11-05,S001,P0010,Kids Puzzle 500pc,Toys,South,121,31,34,32,59.99,10,Sunny,0,62.3,Autumn
2023-11-06,S001,P0010,Kids Puzzle 500pc,Toys,South,73,37,34,40,59.99,0,Rainy,0,60.48,Autumn
2023-11-07,S001,P0010,Kids Puzzle 500pc,Toys,South,132,42,39,45,59.99,0,Sunny,0,57.96,Autumn
2023-11-08,S001,P0010,Kids Puzzle 500pc,Toys,South,98,33,34,34,59.99,15,Rainy,0,55.65,Autumn
2023-11-09,S001,P0010,Kids Puzzle 500pc,Toys,South,73,25,28,26,59.99,10,Rainy,0,61.83,Autumn
2023-11-10,S001,P0010,Kids Puzzle 500pc,Toys,South,59,26,24,26,59.99,0,Windy,0,55.44,Autumn
2023-11-11,S001,P0010,Kids Puzzle 500pc,Toys,South,56,28,25,29,59.99,10,Cloudy,0,62.42,Autumn
2023-11-12,S001,P0010,Kids Puzzle 500pc,Toys,South,78,33,38,35,59.99,10,Windy,0,54.82,Autumn
2023-11-13,S001,P0010,Kids Puzzle 500pc,Toys,South,134,36,34,35,59.99,0,Cloudy,0,60.4,Autumn
2023-11-14,S001,P0010,Kids Puzzle 500pc,Toys,South,94,42,46,45,59.99,20,Cloudy,0,61.16,Autumn
2023-11-15,S001,P0010,Kids Puzzle 500pc,Toys,South,75,35,29,33,59.99,0,Sunny,0,56.47,Autumn
2023-11-16,S001,P0010,Kids Puzzle 500pc,Toys,South,79,30,31,31,59.99,10,Windy,0,57.61,Autumn
2023-11-17,S001,P0010,Kids Puzzle 500pc,Toys,South,46,26,34,27,59.99,0,Windy,0,59.69,Autumn
2023-11-18,S001,P0010,Kids Puzzle 500pc,Toys,South,70,25,30,24,59.99,0,Sunny,0,57.85,Autumn
2023-11-19,S001,P0010,Kids Puzzle 500pc,Toys,South,134,34,31,36,59.99,5,Sunny,0,59.47,Autumn
2023-11-20,S001,P0010,Kids Puzzle 500pc,Toys,South,142,39,44,35,59.99,5,Rainy,0,63.62,Autumn
2023-11-21,S001,P0010,Kids Puzzle 500pc,Toys,South,83,36,41,34,59.99,5,Cloudy,0,56.88,Autumn
2023-11-22,S001,P0010,Kids Puzzle 500pc,Toys,South,90,36,34,35,59.99,10,Cloudy,0,56.16,Autumn
2023-11-23,S001,P0010,Kids Puzzle 500pc,Toys,South,73,31,25,28,59.99,0,Windy,0,54.12,Autumn
2023-11-24,S001,P0010,Kids Puzzle 500pc,Toys,South,117,38,34,37,59.99,0,Windy,1,54.37,Autumn
2023-11-25,S001,P0010,Kids Puzzle 500pc,Toys,South,195,49,56,50,59.99,0,Rainy,1,60.18,Autumn
2023-11-26,S001,P0010,Kids Puzzle 500pc,Toys,South,93,50,42,53,59.99,20,Sunny,1,60.73,Autumn
2023-11-27,S001,P0010,Kids Puzzle 500pc,Toys,South,118,50,59,50,59.99,0,Sunny,1,60.71,Autumn
2023-11-28,S001,P0010,Kids Puzzle 500pc,Toys,South,136,61,74,55,59.99,0,Cloudy,1,60.19,Autumn
2023-11-29,S001,P0010,Kids Puzzle 500pc,Toys,South,114,49,62,47,59.99,0,Rainy,1,54.95,Autumn
2023-11-30,S001,P0010,Kids Puzzle 500pc,Toys,South,58,32,40,28,59.99,20,Cloudy,0,60.17,Autumn
2023-12-01,S001,P0010,Kids Puzzle 500pc,Toys,South,100,30,28,30,59.99,0,Cloudy,0,63.5,Winter
2023-12-02,S001,P0010,Kids Puzzle 500pc,Toys,South,79,30,30,27,59.99,5,Cloudy,0,61.09,Winter
2023-12-03,S001,P0010,Kids Puzzle 500pc,Toys,South,88,34,34,30,59.99,5,Windy,0,56.02,Winter
2023-12-04,S001,P0010,Kids Puzzle 500pc,Toys,South,86,41,33,41,59.99,0,Sunny,0,59.05,Winter
2023-12-05,S001,P0010,Kids Puzzle 500pc,Toys,South,134,45,36,47,59.99,10,Cloudy,0,59.78,Winter
2023-12-06,S001,P0010,Kids Puzzle 500pc,Toys,South,145,39,33,39,59.99,5,Windy,0,54.43,Winter
2023-12-07,S001,P0010,Kids Puzzle 500pc,Toys,South,72,33,26,32,59.99,0,Cloudy,0,57.72,Winter
2023-12-08,S001,P0010,Kids Puzzle 500pc,Toys,South,47,31,32,30,59.99,0,Rainy,0,62.59,Winter
2023-12-09,S001,P0010,Kids Puzzle 500pc,Toys,South,47,30,31,32,59.99,20,Cloudy,0,61.5,Winter
2023-12-10,S001,P0010,Kids Puzzle 500pc,Toys,South,118,36,44,32,59.99,20,Cloudy,0,61.0,Winter
2023-12-11,S001,P0010,Kids Puzzle 500pc,Toys,South,136,40,55,37,59.99,5,Cloudy,0,59.13,Winter
2023-12-12,S001,P0010,Kids Puzzle 500pc,Toys,South,136,38,49,38,59.99,15,Sunny,0,58.29,Winter
2023-12-13,S001,P0010,Kids Puzzle 500pc,Toys,South,73,40,42,42,59.99,0,Windy,0,59.42,Winter
2023-12-14,S001,P0010,Kids Puzzle 500pc,Toys,South,81,34,41,31,59.99,5,Sunny,0,56.21,Winter
2023-12-15,S001,P0010,Kids Puzzle 500pc,Toys,South,74,29,33,29,59.99,0,Rainy,0,65.7,Winter
2023-12-16,S001,P0010,Kids Puzzle 500pc,Toys,South,75,34,29,31,59.99,15,Rainy,0,56.66,Winter
2023-12-17,S001,P0010,Kids Puzzle 500pc,Toys,South,133,35,32,36,59.99,15,Sunny,0,64.02,Winter
2023-12-18,S001,P0010,Kids Puzzle 500pc,Toys,South,136,37,51,40,59.99,0,Sunny,0,58.45,Winter
2023-12-19,S001,P0010,Kids Puzzle 500pc,Toys,South,163,41,39,40,59.99,0,Rainy,0,57.16,Winter
2023-12-20,S001,P0010,Kids Puzzle 500pc,Toys,South,122,69,88,69,59.99,0,Cloudy,1,58.35,Winter
2023-12-21,S001,P0010,Kids Puzzle 500pc,Toys,South,200,58,77,61,59.99,5,Cloudy,1,59.34,Winter
2023-12-22,S001,P0010,Kids Puzzle 500pc,Toys,South,146,52,61,53,59.99,10,Sunny,1,59.82,Winter
2023-12-23,S001,P0010,Kids Puzzle 500pc,Toys,South,127,56,69,54,59.99,5,Cloudy,1,61.02,Winter
2023-12-24,S001,P0010,Kids Puzzle 500pc,Toys,South,112,72,67,72,59.99,10,Cloudy,1,56.46,Winter
2023-12-25,S001,P0010,Kids Puzzle 500pc,Toys,South,100,64,74,58,59.99,10,Sunny,1,55.38,Winter
2023-12-26,S001,P0010,Kids Puzzle 500pc,Toys,South,285,73,82,70,59.99,0,Windy,1,60.82,Winter
2023-12-27,S001,P0010,Kids Puzzle 500pc,Toys,South,149,69,63,68,59.99,5,Cloudy,1,61.73,Winter
2023-12-28,S001,P0010,Kids Puzzle 500pc,Toys,South,232,78,94,77,59.99,10,Sunny,1,61.62,Winter
2023-12-29,S001,P0010,Kids Puzzle 500pc,Toys,South,207,54,54,55,59.99,0,Rainy,1,60.72,Winter
2023-12-30,S001,P0010,Kids Puzzle 500pc,Toys,South,96,54,71,50,59.99,15,Cloudy,1,64.34,Winter
2023-12-31,S001,P0010,Kids Puzzle 500pc,Toys,South,154,51,54,55,59.99,0,Sunny,1,63.37,Winter
